shape_id,shape_pt_lat,shape_pt_lon,shape_pt_sequence
SHP_LINE1_DIR0,19.130278,72.821387,1
SHP_LINE1_DIR0,19.130288,72.821317,2
SHP_LINE1_DIR0,19.130152,72.821919,3
SHP_LINE1_DIR0,19.130050,72.822348,4
SHP_LINE1_DIR0,19.129922,72.822931,5
SHP_LINE1_DIR0,19.129742,72.823725,6
SHP_LINE1_DIR0,19.129609,72.824322,7
SHP_LINE1_DIR0,19.129498,72.824838,8
SHP_LINE1_DIR0,19.129400,72.825245,9
SHP_LINE1_DIR0,19.129325,72.825598,10
SHP_LINE1_DIR0,19.129149,72.826387,11
SHP_LINE1_DIR0,19.128906,72.827475,12
SHP_LINE1_DIR0,19.128679,72.828471,13
SHP_LINE1_DIR0,19.128611,72.828777,14
SHP_LINE1_DIR0,19.128492,72.829313,15
SHP_LINE1_DIR0,19.128404,72.829732,16
SHP_LINE1_DIR0,19.128275,72.830326,17
SHP_LINE1_DIR0,19.128078,72.831166,18
SHP_LINE1_DIR0,19.127983,72.831567,19
SHP_LINE1_DIR0,19.127873,72.832059,20
SHP_LINE1_DIR0,19.127734,72.832680,21
SHP_LINE1_DIR0,19.127527,72.833614,22
SHP_LINE1_DIR0,19.127406,72.834137,23
SHP_LINE1_DIR0,19.127296,72.834632,24
SHP_LINE1_DIR0,19.127263,72.834790,25
SHP_LINE1_DIR0,19.127221,72.835043,26
SHP_LINE1_DIR0,19.127200,72.835224,27
SHP_LINE1_DIR0,19.127191,72.835392,28
SHP_LINE1_DIR0,19.127183,72.835809,29
SHP_LINE1_DIR0,19.127174,72.836149,30
SHP_LINE1_DIR0,19.127162,72.836304,31
SHP_LINE1_DIR0,19.127119,72.836613,32
SHP_LINE1_DIR0,19.127020,72.837071,33
SHP_LINE1_DIR0,19.126879,72.837741,34
SHP_LINE1_DIR0,19.126831,72.837974,35
SHP_LINE1_DIR0,19.126670,72.838678,36
SHP_LINE1_DIR0,19.126587,72.839038,37
SHP_LINE1_DIR0,19.126465,72.839500,38
SHP_LINE1_DIR0,19.126310,72.840082,39
SHP_LINE1_DIR0,19.126239,72.840323,40
SHP_LINE1_DIR0,19.126177,72.840495,41
SHP_LINE1_DIR0,19.126109,72.840647,42
SHP_LINE1_DIR0,19.126035,72.840788,43
SHP_LINE1_DIR0,19.125946,72.840931,44
SHP_LINE1_DIR0,19.125777,72.841158,45
SHP_LINE1_DIR0,19.125706,72.841234,46
SHP_LINE1_DIR0,19.125482,72.841436,47
SHP_LINE1_DIR0,19.125189,72.841636,48
SHP_LINE1_DIR0,19.125068,72.841705,49
SHP_LINE1_DIR0,19.124820,72.841817,50
SHP_LINE1_DIR0,19.124611,72.841905,51
SHP_LINE1_DIR0,19.124503,72.841967,52
SHP_LINE1_DIR0,19.124365,72.842036,53
SHP_LINE1_DIR0,19.124248,72.842106,54
SHP_LINE1_DIR0,19.124172,72.842171,55
SHP_LINE1_DIR0,19.124121,72.842220,56
SHP_LINE1_DIR0,19.124054,72.842298,57
SHP_LINE1_DIR0,19.123979,72.842401,58
SHP_LINE1_DIR0,19.123893,72.842569,59
SHP_LINE1_DIR0,19.123691,72.843025,60
SHP_LINE1_DIR0,19.123496,72.843470,61
SHP_LINE1_DIR0,19.123142,72.844206,62
SHP_LINE1_DIR0,19.123008,72.844505,63
SHP_LINE1_DIR0,19.122862,72.844789,64
SHP_LINE1_DIR0,19.122598,72.845268,65
SHP_LINE1_DIR0,19.122255,72.845887,66
SHP_LINE1_DIR0,19.122107,72.846153,67
SHP_LINE1_DIR0,19.121979,72.846368,68
SHP_LINE1_DIR0,19.121786,72.846681,69
SHP_LINE1_DIR0,19.121549,72.847062,70
SHP_LINE1_DIR0,19.121371,72.847346,71
SHP_LINE1_DIR0,19.121060,72.847840,72
SHP_LINE1_DIR0,19.120791,72.848283,73
SHP_LINE1_DIR0,19.120361,72.848970,74
SHP_LINE1_DIR0,19.120274,72.849114,75
SHP_LINE1_DIR0,19.119928,72.849691,76
SHP_LINE1_DIR0,19.119515,72.850350,77
SHP_LINE1_DIR0,19.119294,72.850703,78
SHP_LINE1_DIR0,19.118678,72.851697,79
SHP_LINE1_DIR0,19.118151,72.852558,80
SHP_LINE1_DIR0,19.117797,72.853146,81
SHP_LINE1_DIR0,19.117421,72.853802,82
SHP_LINE1_DIR0,19.117071,72.854424,83
SHP_LINE1_DIR0,19.116680,72.855088,84
SHP_LINE1_DIR0,19.116528,72.855331,85
SHP_LINE1_DIR0,19.116472,72.855432,86
SHP_LINE1_DIR0,19.116260,72.855812,87
SHP_LINE1_DIR0,19.115781,72.856676,88
SHP_LINE1_DIR0,19.115490,72.857117,89
SHP_LINE1_DIR0,19.115369,72.857310,90
SHP_LINE1_DIR0,19.115263,72.857561,91
SHP_LINE1_DIR0,19.115199,72.857766,92
SHP_LINE1_DIR0,19.115111,72.858116,93
SHP_LINE1_DIR0,19.115014,72.858618,94
SHP_LINE1_DIR0,19.114982,72.858805,95
SHP_LINE1_DIR0,19.114943,72.859090,96
SHP_LINE1_DIR0,19.114920,72.859435,97
SHP_LINE1_DIR0,19.114895,72.859769,98
SHP_LINE1_DIR0,19.114875,72.859992,99
SHP_LINE1_DIR0,19.114837,72.860301,100
SHP_LINE1_DIR0,19.114785,72.860585,101
SHP_LINE1_DIR0,19.114721,72.860850,102
SHP_LINE1_DIR0,19.114649,72.861100,103
SHP_LINE1_DIR0,19.114545,72.861365,104
SHP_LINE1_DIR0,19.114373,72.861757,105
SHP_LINE1_DIR0,19.114200,72.862102,106
SHP_LINE1_DIR0,19.114087,72.862326,107
SHP_LINE1_DIR0,19.113800,72.862873,108
SHP_LINE1_DIR0,19.113476,72.863483,109
SHP_LINE1_DIR0,19.113242,72.863936,110
SHP_LINE1_DIR0,19.113108,72.864186,111
SHP_LINE1_DIR0,19.113001,72.864416,112
SHP_LINE1_DIR0,19.112905,72.864649,113
SHP_LINE1_DIR0,19.112813,72.864936,114
SHP_LINE1_DIR0,19.112650,72.865499,115
SHP_LINE1_DIR0,19.112422,72.866341,116
SHP_LINE1_DIR0,19.112225,72.867071,117
SHP_LINE1_DIR0,19.112027,72.867880,118
SHP_LINE1_DIR0,19.111996,72.868004,119
SHP_LINE1_DIR0,19.111723,72.868890,120
SHP_LINE1_DIR0,19.111552,72.869509,121
SHP_LINE1_DIR0,19.111400,72.870039,122
SHP_LINE1_DIR0,19.111187,72.870818,123
SHP_LINE1_DIR0,19.110929,72.871766,124
SHP_LINE1_DIR0,19.110768,72.872352,125
SHP_LINE1_DIR0,19.110589,72.872929,126
SHP_LINE1_DIR0,19.110403,72.873443,127
SHP_LINE1_DIR0,19.110294,72.873786,128
SHP_LINE1_DIR0,19.110101,72.874328,129
SHP_LINE1_DIR0,19.109999,72.874614,130
SHP_LINE1_DIR0,19.109697,72.875363,131
SHP_LINE1_DIR0,19.109287,72.876480,132
SHP_LINE1_DIR0,19.109048,72.877099,133
SHP_LINE1_DIR0,19.108856,72.877640,134
SHP_LINE1_DIR0,19.108546,72.878473,135
SHP_LINE1_DIR0,19.108432,72.878789,136
SHP_LINE1_DIR0,19.108397,72.878893,137
SHP_LINE1_DIR0,19.108350,72.879032,138
SHP_LINE1_DIR0,19.108200,72.879470,139
SHP_LINE1_DIR0,19.108131,72.879646,140
SHP_LINE1_DIR0,19.107904,72.880221,141
SHP_LINE1_DIR0,19.107755,72.880621,142
SHP_LINE1_DIR0,19.107694,72.880797,143
SHP_LINE1_DIR0,19.107630,72.880989,144
SHP_LINE1_DIR0,19.107583,72.881164,145
SHP_LINE1_DIR0,19.107531,72.881387,146
SHP_LINE1_DIR0,19.107485,72.881733,147
SHP_LINE1_DIR0,19.107462,72.882108,148
SHP_LINE1_DIR0,19.107432,72.882786,149
SHP_LINE1_DIR0,19.107417,72.882996,150
SHP_LINE1_DIR0,19.107393,72.883163,151
SHP_LINE1_DIR0,19.107369,72.883298,152
SHP_LINE1_DIR0,19.107301,72.883560,153
SHP_LINE1_DIR0,19.107225,72.883770,154
SHP_LINE1_DIR0,19.107092,72.884052,155
SHP_LINE1_DIR0,19.106917,72.884332,156
SHP_LINE1_DIR0,19.106781,72.884519,157
SHP_LINE1_DIR0,19.106599,72.884696,158
SHP_LINE1_DIR0,19.106321,72.884934,159
SHP_LINE1_DIR0,19.105832,72.885346,160
SHP_LINE1_DIR0,19.105503,72.885621,161
SHP_LINE1_DIR0,19.105070,72.885995,162
SHP_LINE1_DIR0,19.104787,72.886230,163
SHP_LINE1_DIR0,19.104658,72.886346,164
SHP_LINE1_DIR0,19.104520,72.886506,165
SHP_LINE1_DIR0,19.104390,72.886669,166
SHP_LINE1_DIR0,19.104258,72.886847,167
SHP_LINE1_DIR0,19.104162,72.886987,168
SHP_LINE1_DIR0,19.103854,72.887524,169
SHP_LINE1_DIR0,19.103429,72.888232,170
SHP_LINE1_DIR0,19.103171,72.888627,171
SHP_LINE1_DIR0,19.103013,72.888814,172
SHP_LINE1_DIR0,19.102726,72.889178,173
SHP_LINE1_DIR0,19.102451,72.889530,174
SHP_LINE1_DIR0,19.102174,72.889864,175
SHP_LINE1_DIR0,19.101939,72.890142,176
SHP_LINE1_DIR0,19.101605,72.890553,177
SHP_LINE1_DIR0,19.101447,72.890730,178
SHP_LINE1_DIR0,19.101245,72.890925,179
SHP_LINE1_DIR0,19.100952,72.891172,180
SHP_LINE1_DIR0,19.100478,72.891497,181
SHP_LINE1_DIR0,19.100186,72.891674,182
SHP_LINE1_DIR0,19.099529,72.892056,183
SHP_LINE1_DIR0,19.099170,72.892264,184
SHP_LINE1_DIR0,19.098868,72.892445,185
SHP_LINE1_DIR0,19.098701,72.892548,186
SHP_LINE1_DIR0,19.098434,72.892709,187
SHP_LINE1_DIR0,19.098237,72.892832,188
SHP_LINE1_DIR0,19.098120,72.892905,189
SHP_LINE1_DIR0,19.097907,72.893063,190
SHP_LINE1_DIR0,19.097792,72.893162,191
SHP_LINE1_DIR0,19.097672,72.893266,192
SHP_LINE1_DIR0,19.097518,72.893408,193
SHP_LINE1_DIR0,19.097395,72.893537,194
SHP_LINE1_DIR0,19.097221,72.893723,195
SHP_LINE1_DIR0,19.097053,72.893934,196
SHP_LINE1_DIR0,19.096898,72.894144,197
SHP_LINE1_DIR0,19.096734,72.894443,198
SHP_LINE1_DIR0,19.096389,72.894997,199
SHP_LINE1_DIR0,19.096332,72.895090,200
SHP_LINE1_DIR0,19.095933,72.895655,201
SHP_LINE1_DIR0,19.095657,72.896097,202
SHP_LINE1_DIR0,19.095402,72.896512,203
SHP_LINE1_DIR0,19.095124,72.896973,204
SHP_LINE1_DIR0,19.094751,72.897580,205
SHP_LINE1_DIR0,19.094441,72.898077,206
SHP_LINE1_DIR0,19.094087,72.898638,207
SHP_LINE1_DIR0,19.093741,72.899182,208
SHP_LINE1_DIR0,19.093674,72.899302,209
SHP_LINE1_DIR0,19.093590,72.899478,210
SHP_LINE1_DIR0,19.093518,72.899663,211
SHP_LINE1_DIR0,19.093412,72.899971,212
SHP_LINE1_DIR0,19.093208,72.900651,213
SHP_LINE1_DIR0,19.093127,72.900876,214
SHP_LINE1_DIR0,19.092903,72.901342,215
SHP_LINE1_DIR0,19.092825,72.901484,216
SHP_LINE1_DIR0,19.092618,72.901826,217
SHP_LINE1_DIR0,19.092478,72.902062,218
SHP_LINE1_DIR0,19.092427,72.902148,219
SHP_LINE1_DIR0,19.092320,72.902325,220
SHP_LINE1_DIR0,19.092094,72.902708,221
SHP_LINE1_DIR0,19.091906,72.903101,222
SHP_LINE1_DIR0,19.091740,72.903446,223
SHP_LINE1_DIR0,19.091606,72.903786,224
SHP_LINE1_DIR0,19.091446,72.904193,225
SHP_LINE1_DIR0,19.091340,72.904476,226
SHP_LINE1_DIR0,19.091270,72.904682,227
SHP_LINE1_DIR0,19.091212,72.904862,228
SHP_LINE1_DIR0,19.091175,72.905042,229
SHP_LINE1_DIR0,19.091141,72.905233,230
SHP_LINE1_DIR0,19.091117,72.905401,231
SHP_LINE1_DIR0,19.091112,72.905554,232
SHP_LINE1_DIR0,19.091119,72.905870,233
SHP_LINE1_DIR0,19.091150,72.906132,234
SHP_LINE1_DIR0,19.091202,72.906436,235
SHP_LINE1_DIR0,19.091240,72.906652,236
SHP_LINE1_DIR0,19.091249,72.906810,237
SHP_LINE1_DIR0,19.091242,72.906961,238
SHP_LINE1_DIR0,19.091225,72.907081,239
SHP_LINE1_DIR0,19.091184,72.907215,240
SHP_LINE1_DIR0,19.091119,72.907351,241
SHP_LINE1_DIR0,19.091048,72.907478,242
SHP_LINE1_DIR0,19.090935,72.907608,243
SHP_LINE1_DIR0,19.090799,72.907733,244
SHP_LINE1_DIR0,19.090677,72.907793,245
SHP_LINE1_DIR0,19.090567,72.907847,246
SHP_LINE1_DIR0,19.090387,72.907899,247
SHP_LINE1_DIR0,19.090223,72.907909,248
SHP_LINE1_DIR0,19.090043,72.907895,249
SHP_LINE1_DIR0,19.089760,72.907869,250
SHP_LINE1_DIR0,19.089625,72.907869,251
SHP_LINE1_DIR0,19.089492,72.907879,252
SHP_LINE1_DIR0,19.089390,72.907902,253
SHP_LINE1_DIR0,19.089318,72.907922,254
SHP_LINE1_DIR0,19.089123,72.907999,255
SHP_LINE1_DIR0,19.088992,72.908042,256
SHP_LINE1_DIR0,19.088906,72.908058,257
SHP_LINE1_DIR0,19.088799,72.908086,258
SHP_LINE1_DIR0,19.088591,72.908090,259
SHP_LINE1_DIR0,19.088128,72.908094,260
SHP_LINE1_DIR0,19.087396,72.908163,261
SHP_LINE1_DIR0,19.086853,72.908167,262
SHP_LINE1_DIR0,19.086399,72.908170,263
SHP_LINE1_DIR0,19.086286,72.908123,264
SHP_LINE1_DIR1,19.086286,72.908123,1
SHP_LINE1_DIR1,19.086399,72.908170,2
SHP_LINE1_DIR1,19.086853,72.908167,3
SHP_LINE1_DIR1,19.087396,72.908163,4
SHP_LINE1_DIR1,19.088128,72.908094,5
SHP_LINE1_DIR1,19.088591,72.908090,6
SHP_LINE1_DIR1,19.088799,72.908086,7
SHP_LINE1_DIR1,19.088906,72.908058,8
SHP_LINE1_DIR1,19.088992,72.908042,9
SHP_LINE1_DIR1,19.089123,72.907999,10
SHP_LINE1_DIR1,19.089318,72.907922,11
SHP_LINE1_DIR1,19.089390,72.907902,12
SHP_LINE1_DIR1,19.089492,72.907879,13
SHP_LINE1_DIR1,19.089625,72.907869,14
SHP_LINE1_DIR1,19.089760,72.907869,15
SHP_LINE1_DIR1,19.090043,72.907895,16
SHP_LINE1_DIR1,19.090223,72.907909,17
SHP_LINE1_DIR1,19.090387,72.907899,18
SHP_LINE1_DIR1,19.090567,72.907847,19
SHP_LINE1_DIR1,19.090677,72.907793,20
SHP_LINE1_DIR1,19.090799,72.907733,21
SHP_LINE1_DIR1,19.090935,72.907608,22
SHP_LINE1_DIR1,19.091048,72.907478,23
SHP_LINE1_DIR1,19.091119,72.907351,24
SHP_LINE1_DIR1,19.091184,72.907215,25
SHP_LINE1_DIR1,19.091225,72.907081,26
SHP_LINE1_DIR1,19.091242,72.906961,27
SHP_LINE1_DIR1,19.091249,72.906810,28
SHP_LINE1_DIR1,19.091240,72.906652,29
SHP_LINE1_DIR1,19.091202,72.906436,30
SHP_LINE1_DIR1,19.091150,72.906132,31
SHP_LINE1_DIR1,19.091119,72.905870,32
SHP_LINE1_DIR1,19.091112,72.905554,33
SHP_LINE1_DIR1,19.091117,72.905401,34
SHP_LINE1_DIR1,19.091141,72.905233,35
SHP_LINE1_DIR1,19.091175,72.905042,36
SHP_LINE1_DIR1,19.091212,72.904862,37
SHP_LINE1_DIR1,19.091270,72.904682,38
SHP_LINE1_DIR1,19.091340,72.904476,39
SHP_LINE1_DIR1,19.091446,72.904193,40
SHP_LINE1_DIR1,19.091606,72.903786,41
SHP_LINE1_DIR1,19.091740,72.903446,42
SHP_LINE1_DIR1,19.091906,72.903101,43
SHP_LINE1_DIR1,19.092094,72.902708,44
SHP_LINE1_DIR1,19.092320,72.902325,45
SHP_LINE1_DIR1,19.092427,72.902148,46
SHP_LINE1_DIR1,19.092478,72.902062,47
SHP_LINE1_DIR1,19.092618,72.901826,48
SHP_LINE1_DIR1,19.092825,72.901484,49
SHP_LINE1_DIR1,19.092903,72.901342,50
SHP_LINE1_DIR1,19.093127,72.900876,51
SHP_LINE1_DIR1,19.093208,72.900651,52
SHP_LINE1_DIR1,19.093412,72.899971,53
SHP_LINE1_DIR1,19.093518,72.899663,54
SHP_LINE1_DIR1,19.093590,72.899478,55
SHP_LINE1_DIR1,19.093674,72.899302,56
SHP_LINE1_DIR1,19.093741,72.899182,57
SHP_LINE1_DIR1,19.094087,72.898638,58
SHP_LINE1_DIR1,19.094441,72.898077,59
SHP_LINE1_DIR1,19.094751,72.897580,60
SHP_LINE1_DIR1,19.095124,72.896973,61
SHP_LINE1_DIR1,19.095402,72.896512,62
SHP_LINE1_DIR1,19.095657,72.896097,63
SHP_LINE1_DIR1,19.095933,72.895655,64
SHP_LINE1_DIR1,19.096332,72.895090,65
SHP_LINE1_DIR1,19.096389,72.894997,66
SHP_LINE1_DIR1,19.096734,72.894443,67
SHP_LINE1_DIR1,19.096898,72.894144,68
SHP_LINE1_DIR1,19.097053,72.893934,69
SHP_LINE1_DIR1,19.097221,72.893723,70
SHP_LINE1_DIR1,19.097395,72.893537,71
SHP_LINE1_DIR1,19.097518,72.893408,72
SHP_LINE1_DIR1,19.097672,72.893266,73
SHP_LINE1_DIR1,19.097792,72.893162,74
SHP_LINE1_DIR1,19.097907,72.893063,75
SHP_LINE1_DIR1,19.098120,72.892905,76
SHP_LINE1_DIR1,19.098237,72.892832,77
SHP_LINE1_DIR1,19.098434,72.892709,78
SHP_LINE1_DIR1,19.098701,72.892548,79
SHP_LINE1_DIR1,19.098868,72.892445,80
SHP_LINE1_DIR1,19.099170,72.892264,81
SHP_LINE1_DIR1,19.099529,72.892056,82
SHP_LINE1_DIR1,19.100186,72.891674,83
SHP_LINE1_DIR1,19.100478,72.891497,84
SHP_LINE1_DIR1,19.100952,72.891172,85
SHP_LINE1_DIR1,19.101245,72.890925,86
SHP_LINE1_DIR1,19.101447,72.890730,87
SHP_LINE1_DIR1,19.101605,72.890553,88
SHP_LINE1_DIR1,19.101939,72.890142,89
SHP_LINE1_DIR1,19.102174,72.889864,90
SHP_LINE1_DIR1,19.102451,72.889530,91
SHP_LINE1_DIR1,19.102726,72.889178,92
SHP_LINE1_DIR1,19.103013,72.888814,93
SHP_LINE1_DIR1,19.103171,72.888627,94
SHP_LINE1_DIR1,19.103429,72.888232,95
SHP_LINE1_DIR1,19.103854,72.887524,96
SHP_LINE1_DIR1,19.104162,72.886987,97
SHP_LINE1_DIR1,19.104258,72.886847,98
SHP_LINE1_DIR1,19.104390,72.886669,99
SHP_LINE1_DIR1,19.104520,72.886506,100
SHP_LINE1_DIR1,19.104658,72.886346,101
SHP_LINE1_DIR1,19.104787,72.886230,102
SHP_LINE1_DIR1,19.105070,72.885995,103
SHP_LINE1_DIR1,19.105503,72.885621,104
SHP_LINE1_DIR1,19.105832,72.885346,105
SHP_LINE1_DIR1,19.106321,72.884934,106
SHP_LINE1_DIR1,19.106599,72.884696,107
SHP_LINE1_DIR1,19.106781,72.884519,108
SHP_LINE1_DIR1,19.106917,72.884332,109
SHP_LINE1_DIR1,19.107092,72.884052,110
SHP_LINE1_DIR1,19.107225,72.883770,111
SHP_LINE1_DIR1,19.107301,72.883560,112
SHP_LINE1_DIR1,19.107369,72.883298,113
SHP_LINE1_DIR1,19.107393,72.883163,114
SHP_LINE1_DIR1,19.107417,72.882996,115
SHP_LINE1_DIR1,19.107432,72.882786,116
SHP_LINE1_DIR1,19.107462,72.882108,117
SHP_LINE1_DIR1,19.107485,72.881733,118
SHP_LINE1_DIR1,19.107531,72.881387,119
SHP_LINE1_DIR1,19.107583,72.881164,120
SHP_LINE1_DIR1,19.107630,72.880989,121
SHP_LINE1_DIR1,19.107694,72.880797,122
SHP_LINE1_DIR1,19.107755,72.880621,123
SHP_LINE1_DIR1,19.107904,72.880221,124
SHP_LINE1_DIR1,19.108131,72.879646,125
SHP_LINE1_DIR1,19.108200,72.879470,126
SHP_LINE1_DIR1,19.108350,72.879032,127
SHP_LINE1_DIR1,19.108397,72.878893,128
SHP_LINE1_DIR1,19.108432,72.878789,129
SHP_LINE1_DIR1,19.108546,72.878473,130
SHP_LINE1_DIR1,19.108856,72.877640,131
SHP_LINE1_DIR1,19.109048,72.877099,132
SHP_LINE1_DIR1,19.109287,72.876480,133
SHP_LINE1_DIR1,19.109697,72.875363,134
SHP_LINE1_DIR1,19.109999,72.874614,135
SHP_LINE1_DIR1,19.110101,72.874328,136
SHP_LINE1_DIR1,19.110294,72.873786,137
SHP_LINE1_DIR1,19.110403,72.873443,138
SHP_LINE1_DIR1,19.110589,72.872929,139
SHP_LINE1_DIR1,19.110768,72.872352,140
SHP_LINE1_DIR1,19.110929,72.871766,141
SHP_LINE1_DIR1,19.111187,72.870818,142
SHP_LINE1_DIR1,19.111400,72.870039,143
SHP_LINE1_DIR1,19.111552,72.869509,144
SHP_LINE1_DIR1,19.111723,72.868890,145
SHP_LINE1_DIR1,19.111996,72.868004,146
SHP_LINE1_DIR1,19.112027,72.867880,147
SHP_LINE1_DIR1,19.112225,72.867071,148
SHP_LINE1_DIR1,19.112422,72.866341,149
SHP_LINE1_DIR1,19.112650,72.865499,150
SHP_LINE1_DIR1,19.112813,72.864936,151
SHP_LINE1_DIR1,19.112905,72.864649,152
SHP_LINE1_DIR1,19.113001,72.864416,153
SHP_LINE1_DIR1,19.113108,72.864186,154
SHP_LINE1_DIR1,19.113242,72.863936,155
SHP_LINE1_DIR1,19.113476,72.863483,156
SHP_LINE1_DIR1,19.113800,72.862873,157
SHP_LINE1_DIR1,19.114087,72.862326,158
SHP_LINE1_DIR1,19.114200,72.862102,159
SHP_LINE1_DIR1,19.114373,72.861757,160
SHP_LINE1_DIR1,19.114545,72.861365,161
SHP_LINE1_DIR1,19.114649,72.861100,162
SHP_LINE1_DIR1,19.114721,72.860850,163
SHP_LINE1_DIR1,19.114785,72.860585,164
SHP_LINE1_DIR1,19.114837,72.860301,165
SHP_LINE1_DIR1,19.114875,72.859992,166
SHP_LINE1_DIR1,19.114895,72.859769,167
SHP_LINE1_DIR1,19.114920,72.859435,168
SHP_LINE1_DIR1,19.114943,72.859090,169
SHP_LINE1_DIR1,19.114982,72.858805,170
SHP_LINE1_DIR1,19.115014,72.858618,171
SHP_LINE1_DIR1,19.115111,72.858116,172
SHP_LINE1_DIR1,19.115199,72.857766,173
SHP_LINE1_DIR1,19.115263,72.857561,174
SHP_LINE1_DIR1,19.115369,72.857310,175
SHP_LINE1_DIR1,19.115490,72.857117,176
SHP_LINE1_DIR1,19.115781,72.856676,177
SHP_LINE1_DIR1,19.116260,72.855812,178
SHP_LINE1_DIR1,19.116472,72.855432,179
SHP_LINE1_DIR1,19.116528,72.855331,180
SHP_LINE1_DIR1,19.116680,72.855088,181
SHP_LINE1_DIR1,19.117071,72.854424,182
SHP_LINE1_DIR1,19.117421,72.853802,183
SHP_LINE1_DIR1,19.117797,72.853146,184
SHP_LINE1_DIR1,19.118151,72.852558,185
SHP_LINE1_DIR1,19.118678,72.851697,186
SHP_LINE1_DIR1,19.119294,72.850703,187
SHP_LINE1_DIR1,19.119515,72.850350,188
SHP_LINE1_DIR1,19.119928,72.849691,189
SHP_LINE1_DIR1,19.120274,72.849114,190
SHP_LINE1_DIR1,19.120361,72.848970,191
SHP_LINE1_DIR1,19.120791,72.848283,192
SHP_LINE1_DIR1,19.121060,72.847840,193
SHP_LINE1_DIR1,19.121371,72.847346,194
SHP_LINE1_DIR1,19.121549,72.847062,195
SHP_LINE1_DIR1,19.121786,72.846681,196
SHP_LINE1_DIR1,19.121979,72.846368,197
SHP_LINE1_DIR1,19.122107,72.846153,198
SHP_LINE1_DIR1,19.122255,72.845887,199
SHP_LINE1_DIR1,19.122598,72.845268,200
SHP_LINE1_DIR1,19.122862,72.844789,201
SHP_LINE1_DIR1,19.123008,72.844505,202
SHP_LINE1_DIR1,19.123142,72.844206,203
SHP_LINE1_DIR1,19.123496,72.843470,204
SHP_LINE1_DIR1,19.123691,72.843025,205
SHP_LINE1_DIR1,19.123893,72.842569,206
SHP_LINE1_DIR1,19.123979,72.842401,207
SHP_LINE1_DIR1,19.124054,72.842298,208
SHP_LINE1_DIR1,19.124121,72.842220,209
SHP_LINE1_DIR1,19.124172,72.842171,210
SHP_LINE1_DIR1,19.124248,72.842106,211
SHP_LINE1_DIR1,19.124365,72.842036,212
SHP_LINE1_DIR1,19.124503,72.841967,213
SHP_LINE1_DIR1,19.124611,72.841905,214
SHP_LINE1_DIR1,19.124820,72.841817,215
SHP_LINE1_DIR1,19.125068,72.841705,216
SHP_LINE1_DIR1,19.125189,72.841636,217
SHP_LINE1_DIR1,19.125482,72.841436,218
SHP_LINE1_DIR1,19.125706,72.841234,219
SHP_LINE1_DIR1,19.125777,72.841158,220
SHP_LINE1_DIR1,19.125946,72.840931,221
SHP_LINE1_DIR1,19.126035,72.840788,222
SHP_LINE1_DIR1,19.126109,72.840647,223
SHP_LINE1_DIR1,19.126177,72.840495,224
SHP_LINE1_DIR1,19.126239,72.840323,225
SHP_LINE1_DIR1,19.126310,72.840082,226
SHP_LINE1_DIR1,19.126465,72.839500,227
SHP_LINE1_DIR1,19.126587,72.839038,228
SHP_LINE1_DIR1,19.126670,72.838678,229
SHP_LINE1_DIR1,19.126831,72.837974,230
SHP_LINE1_DIR1,19.126879,72.837741,231
SHP_LINE1_DIR1,19.127020,72.837071,232
SHP_LINE1_DIR1,19.127119,72.836613,233
SHP_LINE1_DIR1,19.127162,72.836304,234
SHP_LINE1_DIR1,19.127174,72.836149,235
SHP_LINE1_DIR1,19.127183,72.835809,236
SHP_LINE1_DIR1,19.127191,72.835392,237
SHP_LINE1_DIR1,19.127200,72.835224,238
SHP_LINE1_DIR1,19.127221,72.835043,239
SHP_LINE1_DIR1,19.127263,72.834790,240
SHP_LINE1_DIR1,19.127296,72.834632,241
SHP_LINE1_DIR1,19.127406,72.834137,242
SHP_LINE1_DIR1,19.127527,72.833614,243
SHP_LINE1_DIR1,19.127734,72.832680,244
SHP_LINE1_DIR1,19.127873,72.832059,245
SHP_LINE1_DIR1,19.127983,72.831567,246
SHP_LINE1_DIR1,19.128078,72.831166,247
SHP_LINE1_DIR1,19.128275,72.830326,248
SHP_LINE1_DIR1,19.128404,72.829732,249
SHP_LINE1_DIR1,19.128492,72.829313,250
SHP_LINE1_DIR1,19.128611,72.828777,251
SHP_LINE1_DIR1,19.128679,72.828471,252
SHP_LINE1_DIR1,19.128906,72.827475,253
SHP_LINE1_DIR1,19.129149,72.826387,254
SHP_LINE1_DIR1,19.129325,72.825598,255
SHP_LINE1_DIR1,19.129400,72.825245,256
SHP_LINE1_DIR1,19.129498,72.824838,257
SHP_LINE1_DIR1,19.129609,72.824322,258
SHP_LINE1_DIR1,19.129742,72.823725,259
SHP_LINE1_DIR1,19.129922,72.822931,260
SHP_LINE1_DIR1,19.130050,72.822348,261
SHP_LINE1_DIR1,19.130152,72.821919,262
SHP_LINE1_DIR1,19.130288,72.821317,263
SHP_LINE1_DIR1,19.130278,72.821387,264
SHP_LINE2A_DIR0,19.251263,72.867119,1
SHP_LINE2A_DIR0,19.251263,72.867119,2
SHP_LINE2A_DIR0,19.252627,72.868092,3
SHP_LINE2A_DIR0,19.252919,72.868298,4
SHP_LINE2A_DIR0,19.253200,72.868496,5
SHP_LINE2A_DIR0,19.253532,72.868730,6
SHP_LINE2A_DIR0,19.253729,72.868870,7
SHP_LINE2A_DIR0,19.253813,72.868920,8
SHP_LINE2A_DIR0,19.253896,72.868970,9
SHP_LINE2A_DIR0,19.254018,72.869031,10
SHP_LINE2A_DIR0,19.254153,72.869086,11
SHP_LINE2A_DIR0,19.254283,72.869123,12
SHP_LINE2A_DIR0,19.254467,72.869159,13
SHP_LINE2A_DIR0,19.254630,72.869169,14
SHP_LINE2A_DIR0,19.254795,72.869171,15
SHP_LINE2A_DIR0,19.254913,72.869161,16
SHP_LINE2A_DIR0,19.255112,72.869128,17
SHP_LINE2A_DIR0,19.255294,72.869068,18
SHP_LINE2A_DIR0,19.255451,72.868998,19
SHP_LINE2A_DIR0,19.255633,72.868893,20
SHP_LINE2A_DIR0,19.255766,72.868801,21
SHP_LINE2A_DIR0,19.255866,72.868720,22
SHP_LINE2A_DIR0,19.255962,72.868623,23
SHP_LINE2A_DIR0,19.256080,72.868491,24
SHP_LINE2A_DIR0,19.256224,72.868276,25
SHP_LINE2A_DIR0,19.256344,72.868062,26
SHP_LINE2A_DIR0,19.256559,72.867657,27
SHP_LINE2A_DIR0,19.256744,72.867287,28
SHP_LINE2A_DIR0,19.256930,72.866863,29
SHP_LINE2A_DIR0,19.257083,72.866508,30
SHP_LINE2A_DIR0,19.257219,72.866134,31
SHP_LINE2A_DIR0,19.257348,72.865689,32
SHP_LINE2A_DIR0,19.257474,72.865042,33
SHP_LINE2A_DIR0,19.257634,72.864329,34
SHP_LINE2A_DIR0,19.257697,72.864051,35
SHP_LINE2A_DIR0,19.257750,72.863874,36
SHP_LINE2A_DIR0,19.257816,72.863659,37
SHP_LINE2A_DIR0,19.257899,72.863385,38
SHP_LINE2A_DIR0,19.258000,72.863085,39
SHP_LINE2A_DIR0,19.258054,72.862876,40
SHP_LINE2A_DIR0,19.258101,72.862651,41
SHP_LINE2A_DIR0,19.258156,72.862254,42
SHP_LINE2A_DIR0,19.258186,72.861981,43
SHP_LINE2A_DIR0,19.258241,72.861299,44
SHP_LINE2A_DIR0,19.258286,72.860745,45
SHP_LINE2A_DIR0,19.258334,72.860162,46
SHP_LINE2A_DIR0,19.258384,72.859669,47
SHP_LINE2A_DIR0,19.258470,72.858610,48
SHP_LINE2A_DIR0,19.258512,72.858277,49
SHP_LINE2A_DIR0,19.258532,72.858126,50
SHP_LINE2A_DIR0,19.258566,72.857927,51
SHP_LINE2A_DIR0,19.258642,72.857430,52
SHP_LINE2A_DIR0,19.258662,72.857179,53
SHP_LINE2A_DIR0,19.258699,72.856727,54
SHP_LINE2A_DIR0,19.258713,72.856391,55
SHP_LINE2A_DIR0,19.258728,72.855995,56
SHP_LINE2A_DIR0,19.258718,72.855589,57
SHP_LINE2A_DIR0,19.258673,72.855111,58
SHP_LINE2A_DIR0,19.258617,72.854786,59
SHP_LINE2A_DIR0,19.258522,72.854342,60
SHP_LINE2A_DIR0,19.258403,72.853957,61
SHP_LINE2A_DIR0,19.258285,72.853620,62
SHP_LINE2A_DIR0,19.258100,72.853153,63
SHP_LINE2A_DIR0,19.257896,72.852654,64
SHP_LINE2A_DIR0,19.257775,72.852385,65
SHP_LINE2A_DIR0,19.257630,72.852119,66
SHP_LINE2A_DIR0,19.257358,72.851698,67
SHP_LINE2A_DIR0,19.257100,72.851323,68
SHP_LINE2A_DIR0,19.256787,72.850861,69
SHP_LINE2A_DIR0,19.256646,72.850678,70
SHP_LINE2A_DIR0,19.256505,72.850496,71
SHP_LINE2A_DIR0,19.256015,72.849899,72
SHP_LINE2A_DIR0,19.255644,72.849464,73
SHP_LINE2A_DIR0,19.255358,72.849123,74
SHP_LINE2A_DIR0,19.255192,72.848944,75
SHP_LINE2A_DIR0,19.255103,72.848851,76
SHP_LINE2A_DIR0,19.254877,72.848629,77
SHP_LINE2A_DIR0,19.254623,72.848405,78
SHP_LINE2A_DIR0,19.254403,72.848225,79
SHP_LINE2A_DIR0,19.254112,72.848004,80
SHP_LINE2A_DIR0,19.253793,72.847762,81
SHP_LINE2A_DIR0,19.253644,72.847648,82
SHP_LINE2A_DIR0,19.253349,72.847433,83
SHP_LINE2A_DIR0,19.253041,72.847237,84
SHP_LINE2A_DIR0,19.252688,72.847040,85
SHP_LINE2A_DIR0,19.252393,72.846877,86
SHP_LINE2A_DIR0,19.252022,72.846678,87
SHP_LINE2A_DIR0,19.251628,72.846463,88
SHP_LINE2A_DIR0,19.251227,72.846263,89
SHP_LINE2A_DIR0,19.250814,72.846103,90
SHP_LINE2A_DIR0,19.250637,72.846049,91
SHP_LINE2A_DIR0,19.250376,72.845963,92
SHP_LINE2A_DIR0,19.250174,72.845901,93
SHP_LINE2A_DIR0,19.249585,72.845745,94
SHP_LINE2A_DIR0,19.249261,72.845677,95
SHP_LINE2A_DIR0,19.248937,72.845609,96
SHP_LINE2A_DIR0,19.248530,72.845524,97
SHP_LINE2A_DIR0,19.248127,72.845476,98
SHP_LINE2A_DIR0,19.247838,72.845440,99
SHP_LINE2A_DIR0,19.247512,72.845395,100
SHP_LINE2A_DIR0,19.247285,72.845369,101
SHP_LINE2A_DIR0,19.247045,72.845356,102
SHP_LINE2A_DIR0,19.246824,72.845351,103
SHP_LINE2A_DIR0,19.246439,72.845367,104
SHP_LINE2A_DIR0,19.246182,72.845378,105
SHP_LINE2A_DIR0,19.245763,72.845401,106
SHP_LINE2A_DIR0,19.245362,72.845417,107
SHP_LINE2A_DIR0,19.245012,72.845431,108
SHP_LINE2A_DIR0,19.244504,72.845451,109
SHP_LINE2A_DIR0,19.244294,72.845442,110
SHP_LINE2A_DIR0,19.244167,72.845431,111
SHP_LINE2A_DIR0,19.244017,72.845413,112
SHP_LINE2A_DIR0,19.243891,72.845394,113
SHP_LINE2A_DIR0,19.243737,72.845367,114
SHP_LINE2A_DIR0,19.243485,72.845304,115
SHP_LINE2A_DIR0,19.243160,72.845215,116
SHP_LINE2A_DIR0,19.242729,72.845095,117
SHP_LINE2A_DIR0,19.242529,72.845032,118
SHP_LINE2A_DIR0,19.242402,72.844984,119
SHP_LINE2A_DIR0,19.242280,72.844930,120
SHP_LINE2A_DIR0,19.242132,72.844867,121
SHP_LINE2A_DIR0,19.241910,72.844747,122
SHP_LINE2A_DIR0,19.241731,72.844635,123
SHP_LINE2A_DIR0,19.241532,72.844503,124
SHP_LINE2A_DIR0,19.241419,72.844418,125
SHP_LINE2A_DIR0,19.241214,72.844252,126
SHP_LINE2A_DIR0,19.240953,72.844009,127
SHP_LINE2A_DIR0,19.240555,72.843655,128
SHP_LINE2A_DIR0,19.240323,72.843438,129
SHP_LINE2A_DIR0,19.240090,72.843222,130
SHP_LINE2A_DIR0,19.239698,72.842837,131
SHP_LINE2A_DIR0,19.239505,72.842656,132
SHP_LINE2A_DIR0,19.239376,72.842537,133
SHP_LINE2A_DIR0,19.239221,72.842398,134
SHP_LINE2A_DIR0,19.239105,72.842293,135
SHP_LINE2A_DIR0,19.238958,72.842172,136
SHP_LINE2A_DIR0,19.238846,72.842085,137
SHP_LINE2A_DIR0,19.238608,72.841912,138
SHP_LINE2A_DIR0,19.238426,72.841791,139
SHP_LINE2A_DIR0,19.238296,72.841715,140
SHP_LINE2A_DIR0,19.238031,72.841563,141
SHP_LINE2A_DIR0,19.237653,72.841357,142
SHP_LINE2A_DIR0,19.237195,72.841111,143
SHP_LINE2A_DIR0,19.236857,72.840962,144
SHP_LINE2A_DIR0,19.236644,72.840880,145
SHP_LINE2A_DIR0,19.236458,72.840822,146
SHP_LINE2A_DIR0,19.236249,72.840763,147
SHP_LINE2A_DIR0,19.235807,72.840672,148
SHP_LINE2A_DIR0,19.235434,72.840624,149
SHP_LINE2A_DIR0,19.235238,72.840598,150
SHP_LINE2A_DIR0,19.235007,72.840580,151
SHP_LINE2A_DIR0,19.234797,72.840572,152
SHP_LINE2A_DIR0,19.234574,72.840576,153
SHP_LINE2A_DIR0,19.234310,72.840597,154
SHP_LINE2A_DIR0,19.233935,72.840627,155
SHP_LINE2A_DIR0,19.233633,72.840645,156
SHP_LINE2A_DIR0,19.233388,72.840665,157
SHP_LINE2A_DIR0,19.233160,72.840683,158
SHP_LINE2A_DIR0,19.232882,72.840705,159
SHP_LINE2A_DIR0,19.232662,72.840722,160
SHP_LINE2A_DIR0,19.232474,72.840737,161
SHP_LINE2A_DIR0,19.231992,72.840776,162
SHP_LINE2A_DIR0,19.231488,72.840825,163
SHP_LINE2A_DIR0,19.231194,72.840865,164
SHP_LINE2A_DIR0,19.230900,72.840905,165
SHP_LINE2A_DIR0,19.230456,72.840954,166
SHP_LINE2A_DIR0,19.230213,72.840989,167
SHP_LINE2A_DIR0,19.229989,72.841012,168
SHP_LINE2A_DIR0,19.229900,72.841019,169
SHP_LINE2A_DIR0,19.229689,72.841017,170
SHP_LINE2A_DIR0,19.229461,72.841009,171
SHP_LINE2A_DIR0,19.229162,72.840993,172
SHP_LINE2A_DIR0,19.228911,72.840979,173
SHP_LINE2A_DIR0,19.228649,72.840961,174
SHP_LINE2A_DIR0,19.228497,72.840954,175
SHP_LINE2A_DIR0,19.228373,72.840946,176
SHP_LINE2A_DIR0,19.228194,72.840935,177
SHP_LINE2A_DIR0,19.228071,72.840926,178
SHP_LINE2A_DIR0,19.227786,72.840913,179
SHP_LINE2A_DIR0,19.227560,72.840905,180
SHP_LINE2A_DIR0,19.227287,72.840898,181
SHP_LINE2A_DIR0,19.227008,72.840889,182
SHP_LINE2A_DIR0,19.226723,72.840883,183
SHP_LINE2A_DIR0,19.226449,72.840875,184
SHP_LINE2A_DIR0,19.226127,72.840868,185
SHP_LINE2A_DIR0,19.225737,72.840864,186
SHP_LINE2A_DIR0,19.225507,72.840860,187
SHP_LINE2A_DIR0,19.225162,72.840860,188
SHP_LINE2A_DIR0,19.224885,72.840859,189
SHP_LINE2A_DIR0,19.224534,72.840866,190
SHP_LINE2A_DIR0,19.224207,72.840876,191
SHP_LINE2A_DIR0,19.223919,72.840878,192
SHP_LINE2A_DIR0,19.223607,72.840887,193
SHP_LINE2A_DIR0,19.223058,72.840912,194
SHP_LINE2A_DIR0,19.222769,72.840918,195
SHP_LINE2A_DIR0,19.222347,72.840929,196
SHP_LINE2A_DIR0,19.221854,72.840922,197
SHP_LINE2A_DIR0,19.221406,72.840935,198
SHP_LINE2A_DIR0,19.221145,72.840937,199
SHP_LINE2A_DIR0,19.220836,72.840927,200
SHP_LINE2A_DIR0,19.220617,72.840909,201
SHP_LINE2A_DIR0,19.220440,72.840886,202
SHP_LINE2A_DIR0,19.220117,72.840831,203
SHP_LINE2A_DIR0,19.219885,72.840785,204
SHP_LINE2A_DIR0,19.219471,72.840708,205
SHP_LINE2A_DIR0,19.219160,72.840646,206
SHP_LINE2A_DIR0,19.218923,72.840604,207
SHP_LINE2A_DIR0,19.218634,72.840534,208
SHP_LINE2A_DIR0,19.218300,72.840438,209
SHP_LINE2A_DIR0,19.217887,72.840288,210
SHP_LINE2A_DIR0,19.217632,72.840175,211
SHP_LINE2A_DIR0,19.217524,72.840120,212
SHP_LINE2A_DIR0,19.217283,72.840008,213
SHP_LINE2A_DIR0,19.216982,72.839846,214
SHP_LINE2A_DIR0,19.216690,72.839692,215
SHP_LINE2A_DIR0,19.216360,72.839501,216
SHP_LINE2A_DIR0,19.216209,72.839393,217
SHP_LINE2A_DIR0,19.216017,72.839245,218
SHP_LINE2A_DIR0,19.215832,72.839084,219
SHP_LINE2A_DIR0,19.215704,72.838954,220
SHP_LINE2A_DIR0,19.215556,72.838796,221
SHP_LINE2A_DIR0,19.215283,72.838490,222
SHP_LINE2A_DIR0,19.215066,72.838263,223
SHP_LINE2A_DIR0,19.214849,72.838063,224
SHP_LINE2A_DIR0,19.214609,72.837849,225
SHP_LINE2A_DIR0,19.214290,72.837572,226
SHP_LINE2A_DIR0,19.214005,72.837355,227
SHP_LINE2A_DIR0,19.213397,72.836898,228
SHP_LINE2A_DIR0,19.213195,72.836751,229
SHP_LINE2A_DIR0,19.212984,72.836617,230
SHP_LINE2A_DIR0,19.212695,72.836433,231
SHP_LINE2A_DIR0,19.212480,72.836319,232
SHP_LINE2A_DIR0,19.212367,72.836264,233
SHP_LINE2A_DIR0,19.212140,72.836159,234
SHP_LINE2A_DIR0,19.211843,72.836039,235
SHP_LINE2A_DIR0,19.211588,72.835929,236
SHP_LINE2A_DIR0,19.211340,72.835825,237
SHP_LINE2A_DIR0,19.211053,72.835703,238
SHP_LINE2A_DIR0,19.210605,72.835512,239
SHP_LINE2A_DIR0,19.210411,72.835434,240
SHP_LINE2A_DIR0,19.210189,72.835355,241
SHP_LINE2A_DIR0,19.210130,72.835335,242
SHP_LINE2A_DIR0,19.209970,72.835289,243
SHP_LINE2A_DIR0,19.209884,72.835270,244
SHP_LINE2A_DIR0,19.209608,72.835229,245
SHP_LINE2A_DIR0,19.209262,72.835179,246
SHP_LINE2A_DIR0,19.209070,72.835149,247
SHP_LINE2A_DIR0,19.208600,72.835098,248
SHP_LINE2A_DIR0,19.208353,72.835067,249
SHP_LINE2A_DIR0,19.208124,72.835030,250
SHP_LINE2A_DIR0,19.207982,72.835018,251
SHP_LINE2A_DIR0,19.207556,72.834982,252
SHP_LINE2A_DIR0,19.207188,72.834931,253
SHP_LINE2A_DIR0,19.206916,72.834894,254
SHP_LINE2A_DIR0,19.206318,72.834807,255
SHP_LINE2A_DIR0,19.205772,72.834717,256
SHP_LINE2A_DIR0,19.205261,72.834583,257
SHP_LINE2A_DIR0,19.204971,72.834520,258
SHP_LINE2A_DIR0,19.204619,72.834441,259
SHP_LINE2A_DIR0,19.204199,72.834365,260
SHP_LINE2A_DIR0,19.203909,72.834306,261
SHP_LINE2A_DIR0,19.203281,72.834159,262
SHP_LINE2A_DIR0,19.203123,72.834126,263
SHP_LINE2A_DIR0,19.202970,72.834098,264
SHP_LINE2A_DIR0,19.202794,72.834070,265
SHP_LINE2A_DIR0,19.202576,72.834042,266
SHP_LINE2A_DIR0,19.202310,72.834015,267
SHP_LINE2A_DIR0,19.202086,72.834004,268
SHP_LINE2A_DIR0,19.201765,72.833993,269
SHP_LINE2A_DIR0,19.201470,72.833989,270
SHP_LINE2A_DIR0,19.200268,72.833960,271
SHP_LINE2A_DIR0,19.199568,72.833952,272
SHP_LINE2A_DIR0,19.198958,72.833938,273
SHP_LINE2A_DIR0,19.198643,72.833928,274
SHP_LINE2A_DIR0,19.198083,72.833890,275
SHP_LINE2A_DIR0,19.197683,72.833858,276
SHP_LINE2A_DIR0,19.197359,72.833826,277
SHP_LINE2A_DIR0,19.196983,72.833810,278
SHP_LINE2A_DIR0,19.196621,72.833786,279
SHP_LINE2A_DIR0,19.196260,72.833763,280
SHP_LINE2A_DIR0,19.195876,72.833740,281
SHP_LINE2A_DIR0,19.195634,72.833724,282
SHP_LINE2A_DIR0,19.195460,72.833726,283
SHP_LINE2A_DIR0,19.195291,72.833743,284
SHP_LINE2A_DIR0,19.195052,72.833769,285
SHP_LINE2A_DIR0,19.194839,72.833809,286
SHP_LINE2A_DIR0,19.194635,72.833861,287
SHP_LINE2A_DIR0,19.194350,72.833961,288
SHP_LINE2A_DIR0,19.193974,72.834110,289
SHP_LINE2A_DIR0,19.193630,72.834259,290
SHP_LINE2A_DIR0,19.193347,72.834369,291
SHP_LINE2A_DIR0,19.193015,72.834496,292
SHP_LINE2A_DIR0,19.192731,72.834603,293
SHP_LINE2A_DIR0,19.192455,72.834703,294
SHP_LINE2A_DIR0,19.192128,72.834805,295
SHP_LINE2A_DIR0,19.191898,72.834866,296
SHP_LINE2A_DIR0,19.191664,72.834925,297
SHP_LINE2A_DIR0,19.191402,72.834989,298
SHP_LINE2A_DIR0,19.190980,72.835090,299
SHP_LINE2A_DIR0,19.190608,72.835182,300
SHP_LINE2A_DIR0,19.190176,72.835299,301
SHP_LINE2A_DIR0,19.189838,72.835394,302
SHP_LINE2A_DIR0,19.189613,72.835450,303
SHP_LINE2A_DIR0,19.189368,72.835505,304
SHP_LINE2A_DIR0,19.189068,72.835570,305
SHP_LINE2A_DIR0,19.188709,72.835636,306
SHP_LINE2A_DIR0,19.188364,72.835694,307
SHP_LINE2A_DIR0,19.188050,72.835736,308
SHP_LINE2A_DIR0,19.187715,72.835773,309
SHP_LINE2A_DIR0,19.187239,72.835795,310
SHP_LINE2A_DIR0,19.186784,72.835809,311
SHP_LINE2A_DIR0,19.186370,72.835818,312
SHP_LINE2A_DIR0,19.186036,72.835825,313
SHP_LINE2A_DIR0,19.185618,72.835843,314
SHP_LINE2A_DIR0,19.185200,72.835850,315
SHP_LINE2A_DIR0,19.184782,72.835857,316
SHP_LINE2A_DIR0,19.184246,72.835863,317
SHP_LINE2A_DIR0,19.183911,72.835870,318
SHP_LINE2A_DIR0,19.183454,72.835875,319
SHP_LINE2A_DIR0,19.183028,72.835887,320
SHP_LINE2A_DIR0,19.182819,72.835900,321
SHP_LINE2A_DIR0,19.182462,72.835941,322
SHP_LINE2A_DIR0,19.182223,72.835972,323
SHP_LINE2A_DIR0,19.181823,72.836023,324
SHP_LINE2A_DIR0,19.181537,72.836063,325
SHP_LINE2A_DIR0,19.181190,72.836135,326
SHP_LINE2A_DIR0,19.180890,72.836218,327
SHP_LINE2A_DIR0,19.180651,72.836302,328
SHP_LINE2A_DIR0,19.180357,72.836408,329
SHP_LINE2A_DIR0,19.180128,72.836483,330
SHP_LINE2A_DIR0,19.180013,72.836520,331
SHP_LINE2A_DIR0,19.179865,72.836557,332
SHP_LINE2A_DIR0,19.179770,72.836576,333
SHP_LINE2A_DIR0,19.179652,72.836602,334
SHP_LINE2A_DIR0,19.179568,72.836618,335
SHP_LINE2A_DIR0,19.179435,72.836643,336
SHP_LINE2A_DIR0,19.179135,72.836692,337
SHP_LINE2A_DIR0,19.178803,72.836748,338
SHP_LINE2A_DIR0,19.178326,72.836832,339
SHP_LINE2A_DIR0,19.178016,72.836884,340
SHP_LINE2A_DIR0,19.177576,72.836959,341
SHP_LINE2A_DIR0,19.177148,72.837030,342
SHP_LINE2A_DIR0,19.176859,72.837080,343
SHP_LINE2A_DIR0,19.176476,72.837146,344
SHP_LINE2A_DIR0,19.176268,72.837178,345
SHP_LINE2A_DIR0,19.176110,72.837195,346
SHP_LINE2A_DIR0,19.175944,72.837209,347
SHP_LINE2A_DIR0,19.175818,72.837214,348
SHP_LINE2A_DIR0,19.175666,72.837215,349
SHP_LINE2A_DIR0,19.175542,72.837209,350
SHP_LINE2A_DIR0,19.175385,72.837198,351
SHP_LINE2A_DIR0,19.175218,72.837177,352
SHP_LINE2A_DIR0,19.175094,72.837156,353
SHP_LINE2A_DIR0,19.174960,72.837130,354
SHP_LINE2A_DIR0,19.174822,72.837095,355
SHP_LINE2A_DIR0,19.174578,72.837025,356
SHP_LINE2A_DIR0,19.174196,72.836881,357
SHP_LINE2A_DIR0,19.173731,72.836704,358
SHP_LINE2A_DIR0,19.173222,72.836523,359
SHP_LINE2A_DIR0,19.172953,72.836423,360
SHP_LINE2A_DIR0,19.172684,72.836323,361
SHP_LINE2A_DIR0,19.172012,72.836031,362
SHP_LINE2A_DIR0,19.171516,72.835852,363
SHP_LINE2A_DIR0,19.171162,72.835721,364
SHP_LINE2A_DIR0,19.170803,72.835606,365
SHP_LINE2A_DIR0,19.170505,72.835511,366
SHP_LINE2A_DIR0,19.170313,72.835460,367
SHP_LINE2A_DIR0,19.170059,72.835403,368
SHP_LINE2A_DIR0,19.169898,72.835381,369
SHP_LINE2A_DIR0,19.169728,72.835360,370
SHP_LINE2A_DIR0,19.169589,72.835348,371
SHP_LINE2A_DIR0,19.169174,72.835315,372
SHP_LINE2A_DIR0,19.168606,72.835274,373
SHP_LINE2A_DIR0,19.168128,72.835235,374
SHP_LINE2A_DIR0,19.167772,72.835207,375
SHP_LINE2A_DIR0,19.167633,72.835194,376
SHP_LINE2A_DIR0,19.167347,72.835172,377
SHP_LINE2A_DIR0,19.167016,72.835149,378
SHP_LINE2A_DIR0,19.166656,72.835122,379
SHP_LINE2A_DIR0,19.166322,72.835093,380
SHP_LINE2A_DIR0,19.165951,72.835066,381
SHP_LINE2A_DIR0,19.165695,72.835046,382
SHP_LINE2A_DIR0,19.165294,72.835014,383
SHP_LINE2A_DIR0,19.164919,72.834987,384
SHP_LINE2A_DIR0,19.164621,72.834969,385
SHP_LINE2A_DIR0,19.164238,72.834941,386
SHP_LINE2A_DIR0,19.163802,72.834909,387
SHP_LINE2A_DIR0,19.163349,72.834877,388
SHP_LINE2A_DIR0,19.162918,72.834854,389
SHP_LINE2A_DIR0,19.162466,72.834842,390
SHP_LINE2A_DIR0,19.162259,72.834844,391
SHP_LINE2A_DIR0,19.162051,72.834847,392
SHP_LINE2A_DIR0,19.161341,72.834854,393
SHP_LINE2A_DIR0,19.161070,72.834865,394
SHP_LINE2A_DIR0,19.160717,72.834899,395
SHP_LINE2A_DIR0,19.160567,72.834919,396
SHP_LINE2A_DIR0,19.160357,72.834964,397
SHP_LINE2A_DIR0,19.160150,72.835014,398
SHP_LINE2A_DIR0,19.159576,72.835174,399
SHP_LINE2A_DIR0,19.159374,72.835223,400
SHP_LINE2A_DIR0,19.159239,72.835252,401
SHP_LINE2A_DIR0,19.159121,72.835270,402
SHP_LINE2A_DIR0,19.158972,72.835290,403
SHP_LINE2A_DIR0,19.158867,72.835299,404
SHP_LINE2A_DIR0,19.158754,72.835301,405
SHP_LINE2A_DIR0,19.158550,72.835304,406
SHP_LINE2A_DIR0,19.158397,72.835300,407
SHP_LINE2A_DIR0,19.158145,72.835293,408
SHP_LINE2A_DIR0,19.157846,72.835283,409
SHP_LINE2A_DIR0,19.157518,72.835272,410
SHP_LINE2A_DIR0,19.157179,72.835258,411
SHP_LINE2A_DIR0,19.156801,72.835248,412
SHP_LINE2A_DIR0,19.156486,72.835238,413
SHP_LINE2A_DIR0,19.156137,72.835239,414
SHP_LINE2A_DIR0,19.155989,72.835247,415
SHP_LINE2A_DIR0,19.155892,72.835254,416
SHP_LINE2A_DIR0,19.155712,72.835271,417
SHP_LINE2A_DIR0,19.155624,72.835284,418
SHP_LINE2A_DIR0,19.155465,72.835311,419
SHP_LINE2A_DIR0,19.155171,72.835354,420
SHP_LINE2A_DIR0,19.155056,72.835372,421
SHP_LINE2A_DIR0,19.154853,72.835401,422
SHP_LINE2A_DIR0,19.154633,72.835438,423
SHP_LINE2A_DIR0,19.154435,72.835468,424
SHP_LINE2A_DIR0,19.154246,72.835500,425
SHP_LINE2A_DIR0,19.153972,72.835537,426
SHP_LINE2A_DIR0,19.153539,72.835619,427
SHP_LINE2A_DIR0,19.153138,72.835685,428
SHP_LINE2A_DIR0,19.152738,72.835744,429
SHP_LINE2A_DIR0,19.152270,72.835803,430
SHP_LINE2A_DIR0,19.151853,72.835868,431
SHP_LINE2A_DIR0,19.151513,72.835912,432
SHP_LINE2A_DIR0,19.151288,72.835947,433
SHP_LINE2A_DIR0,19.150946,72.835996,434
SHP_LINE2A_DIR0,19.150577,72.836050,435
SHP_LINE2A_DIR0,19.150185,72.836115,436
SHP_LINE2A_DIR0,19.149879,72.836162,437
SHP_LINE2A_DIR0,19.149701,72.836191,438
SHP_LINE2A_DIR0,19.149381,72.836242,439
SHP_LINE2A_DIR0,19.149102,72.836284,440
SHP_LINE2A_DIR0,19.148734,72.836343,441
SHP_LINE2A_DIR0,19.148571,72.836369,442
SHP_LINE2A_DIR0,19.148264,72.836413,443
SHP_LINE2A_DIR0,19.147951,72.836461,444
SHP_LINE2A_DIR0,19.147776,72.836490,445
SHP_LINE2A_DIR0,19.147626,72.836514,446
SHP_LINE2A_DIR0,19.147502,72.836529,447
SHP_LINE2A_DIR0,19.147363,72.836544,448
SHP_LINE2A_DIR0,19.147284,72.836548,449
SHP_LINE2A_DIR0,19.147184,72.836545,450
SHP_LINE2A_DIR0,19.147075,72.836528,451
SHP_LINE2A_DIR0,19.147007,72.836513,452
SHP_LINE2A_DIR0,19.146949,72.836494,453
SHP_LINE2A_DIR0,19.146816,72.836442,454
SHP_LINE2A_DIR0,19.146761,72.836412,455
SHP_LINE2A_DIR0,19.146690,72.836370,456
SHP_LINE2A_DIR0,19.146618,72.836321,457
SHP_LINE2A_DIR0,19.146564,72.836278,458
SHP_LINE2A_DIR0,19.146460,72.836175,459
SHP_LINE2A_DIR0,19.146400,72.836107,460
SHP_LINE2A_DIR0,19.146354,72.836049,461
SHP_LINE2A_DIR0,19.146319,72.835991,462
SHP_LINE2A_DIR0,19.146280,72.835923,463
SHP_LINE2A_DIR0,19.146235,72.835824,464
SHP_LINE2A_DIR0,19.146204,72.835738,465
SHP_LINE2A_DIR0,19.146172,72.835616,466
SHP_LINE2A_DIR0,19.146155,72.835530,467
SHP_LINE2A_DIR0,19.146107,72.835142,468
SHP_LINE2A_DIR0,19.146057,72.834685,469
SHP_LINE2A_DIR0,19.145994,72.834071,470
SHP_LINE2A_DIR0,19.145979,72.833752,471
SHP_LINE2A_DIR0,19.145963,72.833433,472
SHP_LINE2A_DIR0,19.145930,72.832915,473
SHP_LINE2A_DIR0,19.145913,72.832587,474
SHP_LINE2A_DIR0,19.145899,72.832420,475
SHP_LINE2A_DIR0,19.145886,72.832320,476
SHP_LINE2A_DIR0,19.145862,72.832212,477
SHP_LINE2A_DIR0,19.145840,72.832127,478
SHP_LINE2A_DIR0,19.145804,72.832017,479
SHP_LINE2A_DIR0,19.145761,72.831923,480
SHP_LINE2A_DIR0,19.145705,72.831835,481
SHP_LINE2A_DIR0,19.145644,72.831747,482
SHP_LINE2A_DIR0,19.145566,72.831662,483
SHP_LINE2A_DIR0,19.145494,72.831591,484
SHP_LINE2A_DIR0,19.145403,72.831520,485
SHP_LINE2A_DIR0,19.145297,72.831451,486
SHP_LINE2A_DIR0,19.145214,72.831410,487
SHP_LINE2A_DIR0,19.145112,72.831375,488
SHP_LINE2A_DIR0,19.145036,72.831353,489
SHP_LINE2A_DIR0,19.144945,72.831331,490
SHP_LINE2A_DIR0,19.144859,72.831318,491
SHP_LINE2A_DIR0,19.144786,72.831316,492
SHP_LINE2A_DIR0,19.144463,72.831323,493
SHP_LINE2A_DIR0,19.144113,72.831364,494
SHP_LINE2A_DIR0,19.143884,72.831385,495
SHP_LINE2A_DIR0,19.143652,72.831407,496
SHP_LINE2A_DIR0,19.143340,72.831435,497
SHP_LINE2A_DIR0,19.143063,72.831461,498
SHP_LINE2A_DIR0,19.142578,72.831509,499
SHP_LINE2A_DIR0,19.142244,72.831543,500
SHP_LINE2A_DIR0,19.141878,72.831575,501
SHP_LINE2A_DIR0,19.141877,72.831575,502
SHP_LINE2A_DIR0,19.141506,72.831607,503
SHP_LINE2A_DIR0,19.141232,72.831642,504
SHP_LINE2A_DIR0,19.140703,72.831694,505
SHP_LINE2A_DIR0,19.140455,72.831717,506
SHP_LINE2A_DIR0,19.140208,72.831739,507
SHP_LINE2A_DIR0,19.139874,72.831775,508
SHP_LINE2A_DIR0,19.139399,72.831796,509
SHP_LINE2A_DIR0,19.139072,72.831826,510
SHP_LINE2A_DIR0,19.138840,72.831847,511
SHP_LINE2A_DIR0,19.138606,72.831867,512
SHP_LINE2A_DIR0,19.138249,72.831897,513
SHP_LINE2A_DIR0,19.138058,72.831916,514
SHP_LINE2A_DIR0,19.137800,72.831935,515
SHP_LINE2A_DIR0,19.137498,72.831959,516
SHP_LINE2A_DIR0,19.137356,72.831971,517
SHP_LINE2A_DIR0,19.137120,72.831993,518
SHP_LINE2A_DIR0,19.136737,72.832028,519
SHP_LINE2A_DIR0,19.136370,72.832062,520
SHP_LINE2A_DIR0,19.135981,72.832097,521
SHP_LINE2A_DIR0,19.135624,72.832133,522
SHP_LINE2A_DIR0,19.135332,72.832141,523
SHP_LINE2A_DIR0,19.135098,72.832138,524
SHP_LINE2A_DIR0,19.134937,72.832119,525
SHP_LINE2A_DIR0,19.134778,72.832097,526
SHP_LINE2A_DIR0,19.134568,72.832064,527
SHP_LINE2A_DIR0,19.134309,72.832008,528
SHP_LINE2A_DIR0,19.134053,72.831963,529
SHP_LINE2A_DIR0,19.133627,72.831880,530
SHP_LINE2A_DIR0,19.133315,72.831819,531
SHP_LINE2A_DIR0,19.133042,72.831755,532
SHP_LINE2A_DIR0,19.132810,72.831714,533
SHP_LINE2A_DIR0,19.132498,72.831660,534
SHP_LINE2A_DIR0,19.132113,72.831590,535
SHP_LINE2A_DIR0,19.131880,72.831545,536
SHP_LINE2A_DIR0,19.131658,72.831504,537
SHP_LINE2A_DIR0,19.131600,72.831490,538
SHP_LINE2A_DIR0,19.131487,72.831481,539
SHP_LINE2A_DIR0,19.131368,72.831477,540
SHP_LINE2A_DIR0,19.131240,72.831487,541
SHP_LINE2A_DIR0,19.131103,72.831512,542
SHP_LINE2A_DIR0,19.130928,72.831548,543
SHP_LINE2A_DIR0,19.130718,72.831607,544
SHP_LINE2A_DIR0,19.130586,72.831637,545
SHP_LINE2A_DIR0,19.130480,72.831645,546
SHP_LINE2A_DIR0,19.130344,72.831651,547
SHP_LINE2A_DIR0,19.130168,72.831642,548
SHP_LINE2A_DIR0,19.129977,72.831606,549
SHP_LINE2A_DIR0,19.129781,72.831572,550
SHP_LINE2A_DIR0,19.129292,72.831465,551
SHP_LINE2A_DIR0,19.129089,72.831415,552
SHP_LINE2A_DIR0,19.129089,72.831415,553
SHP_LINE2A_DIR1,19.129089,72.831415,1
SHP_LINE2A_DIR1,19.129089,72.831415,2
SHP_LINE2A_DIR1,19.129292,72.831465,3
SHP_LINE2A_DIR1,19.129781,72.831572,4
SHP_LINE2A_DIR1,19.129977,72.831606,5
SHP_LINE2A_DIR1,19.130168,72.831642,6
SHP_LINE2A_DIR1,19.130344,72.831651,7
SHP_LINE2A_DIR1,19.130480,72.831645,8
SHP_LINE2A_DIR1,19.130586,72.831637,9
SHP_LINE2A_DIR1,19.130718,72.831607,10
SHP_LINE2A_DIR1,19.130928,72.831548,11
SHP_LINE2A_DIR1,19.131103,72.831512,12
SHP_LINE2A_DIR1,19.131240,72.831487,13
SHP_LINE2A_DIR1,19.131368,72.831477,14
SHP_LINE2A_DIR1,19.131487,72.831481,15
SHP_LINE2A_DIR1,19.131600,72.831490,16
SHP_LINE2A_DIR1,19.131658,72.831504,17
SHP_LINE2A_DIR1,19.131880,72.831545,18
SHP_LINE2A_DIR1,19.132113,72.831590,19
SHP_LINE2A_DIR1,19.132498,72.831660,20
SHP_LINE2A_DIR1,19.132810,72.831714,21
SHP_LINE2A_DIR1,19.133042,72.831755,22
SHP_LINE2A_DIR1,19.133315,72.831819,23
SHP_LINE2A_DIR1,19.133627,72.831880,24
SHP_LINE2A_DIR1,19.134053,72.831963,25
SHP_LINE2A_DIR1,19.134309,72.832008,26
SHP_LINE2A_DIR1,19.134568,72.832064,27
SHP_LINE2A_DIR1,19.134778,72.832097,28
SHP_LINE2A_DIR1,19.134937,72.832119,29
SHP_LINE2A_DIR1,19.135098,72.832138,30
SHP_LINE2A_DIR1,19.135332,72.832141,31
SHP_LINE2A_DIR1,19.135624,72.832133,32
SHP_LINE2A_DIR1,19.135981,72.832097,33
SHP_LINE2A_DIR1,19.136370,72.832062,34
SHP_LINE2A_DIR1,19.136737,72.832028,35
SHP_LINE2A_DIR1,19.137120,72.831993,36
SHP_LINE2A_DIR1,19.137356,72.831971,37
SHP_LINE2A_DIR1,19.137498,72.831959,38
SHP_LINE2A_DIR1,19.137800,72.831935,39
SHP_LINE2A_DIR1,19.138058,72.831916,40
SHP_LINE2A_DIR1,19.138249,72.831897,41
SHP_LINE2A_DIR1,19.138606,72.831867,42
SHP_LINE2A_DIR1,19.138840,72.831847,43
SHP_LINE2A_DIR1,19.139072,72.831826,44
SHP_LINE2A_DIR1,19.139399,72.831796,45
SHP_LINE2A_DIR1,19.139874,72.831775,46
SHP_LINE2A_DIR1,19.140208,72.831739,47
SHP_LINE2A_DIR1,19.140455,72.831717,48
SHP_LINE2A_DIR1,19.140703,72.831694,49
SHP_LINE2A_DIR1,19.141232,72.831642,50
SHP_LINE2A_DIR1,19.141506,72.831607,51
SHP_LINE2A_DIR1,19.141877,72.831575,52
SHP_LINE2A_DIR1,19.141878,72.831575,53
SHP_LINE2A_DIR1,19.142244,72.831543,54
SHP_LINE2A_DIR1,19.142578,72.831509,55
SHP_LINE2A_DIR1,19.143063,72.831461,56
SHP_LINE2A_DIR1,19.143340,72.831435,57
SHP_LINE2A_DIR1,19.143652,72.831407,58
SHP_LINE2A_DIR1,19.143884,72.831385,59
SHP_LINE2A_DIR1,19.144113,72.831364,60
SHP_LINE2A_DIR1,19.144463,72.831323,61
SHP_LINE2A_DIR1,19.144786,72.831316,62
SHP_LINE2A_DIR1,19.144859,72.831318,63
SHP_LINE2A_DIR1,19.144945,72.831331,64
SHP_LINE2A_DIR1,19.145036,72.831353,65
SHP_LINE2A_DIR1,19.145112,72.831375,66
SHP_LINE2A_DIR1,19.145214,72.831410,67
SHP_LINE2A_DIR1,19.145297,72.831451,68
SHP_LINE2A_DIR1,19.145403,72.831520,69
SHP_LINE2A_DIR1,19.145494,72.831591,70
SHP_LINE2A_DIR1,19.145566,72.831662,71
SHP_LINE2A_DIR1,19.145644,72.831747,72
SHP_LINE2A_DIR1,19.145705,72.831835,73
SHP_LINE2A_DIR1,19.145761,72.831923,74
SHP_LINE2A_DIR1,19.145804,72.832017,75
SHP_LINE2A_DIR1,19.145840,72.832127,76
SHP_LINE2A_DIR1,19.145862,72.832212,77
SHP_LINE2A_DIR1,19.145886,72.832320,78
SHP_LINE2A_DIR1,19.145899,72.832420,79
SHP_LINE2A_DIR1,19.145913,72.832587,80
SHP_LINE2A_DIR1,19.145930,72.832915,81
SHP_LINE2A_DIR1,19.145963,72.833433,82
SHP_LINE2A_DIR1,19.145979,72.833752,83
SHP_LINE2A_DIR1,19.145994,72.834071,84
SHP_LINE2A_DIR1,19.146057,72.834685,85
SHP_LINE2A_DIR1,19.146107,72.835142,86
SHP_LINE2A_DIR1,19.146155,72.835530,87
SHP_LINE2A_DIR1,19.146172,72.835616,88
SHP_LINE2A_DIR1,19.146204,72.835738,89
SHP_LINE2A_DIR1,19.146235,72.835824,90
SHP_LINE2A_DIR1,19.146280,72.835923,91
SHP_LINE2A_DIR1,19.146319,72.835991,92
SHP_LINE2A_DIR1,19.146354,72.836049,93
SHP_LINE2A_DIR1,19.146400,72.836107,94
SHP_LINE2A_DIR1,19.146460,72.836175,95
SHP_LINE2A_DIR1,19.146564,72.836278,96
SHP_LINE2A_DIR1,19.146618,72.836321,97
SHP_LINE2A_DIR1,19.146690,72.836370,98
SHP_LINE2A_DIR1,19.146761,72.836412,99
SHP_LINE2A_DIR1,19.146816,72.836442,100
SHP_LINE2A_DIR1,19.146949,72.836494,101
SHP_LINE2A_DIR1,19.147007,72.836513,102
SHP_LINE2A_DIR1,19.147075,72.836528,103
SHP_LINE2A_DIR1,19.147184,72.836545,104
SHP_LINE2A_DIR1,19.147284,72.836548,105
SHP_LINE2A_DIR1,19.147363,72.836544,106
SHP_LINE2A_DIR1,19.147502,72.836529,107
SHP_LINE2A_DIR1,19.147626,72.836514,108
SHP_LINE2A_DIR1,19.147776,72.836490,109
SHP_LINE2A_DIR1,19.147951,72.836461,110
SHP_LINE2A_DIR1,19.148264,72.836413,111
SHP_LINE2A_DIR1,19.148571,72.836369,112
SHP_LINE2A_DIR1,19.148734,72.836343,113
SHP_LINE2A_DIR1,19.149102,72.836284,114
SHP_LINE2A_DIR1,19.149381,72.836242,115
SHP_LINE2A_DIR1,19.149701,72.836191,116
SHP_LINE2A_DIR1,19.149879,72.836162,117
SHP_LINE2A_DIR1,19.150185,72.836115,118
SHP_LINE2A_DIR1,19.150577,72.836050,119
SHP_LINE2A_DIR1,19.150946,72.835996,120
SHP_LINE2A_DIR1,19.151288,72.835947,121
SHP_LINE2A_DIR1,19.151513,72.835912,122
SHP_LINE2A_DIR1,19.151853,72.835868,123
SHP_LINE2A_DIR1,19.152270,72.835803,124
SHP_LINE2A_DIR1,19.152738,72.835744,125
SHP_LINE2A_DIR1,19.153138,72.835685,126
SHP_LINE2A_DIR1,19.153539,72.835619,127
SHP_LINE2A_DIR1,19.153972,72.835537,128
SHP_LINE2A_DIR1,19.154246,72.835500,129
SHP_LINE2A_DIR1,19.154435,72.835468,130
SHP_LINE2A_DIR1,19.154633,72.835438,131
SHP_LINE2A_DIR1,19.154853,72.835401,132
SHP_LINE2A_DIR1,19.155056,72.835372,133
SHP_LINE2A_DIR1,19.155171,72.835354,134
SHP_LINE2A_DIR1,19.155465,72.835311,135
SHP_LINE2A_DIR1,19.155624,72.835284,136
SHP_LINE2A_DIR1,19.155712,72.835271,137
SHP_LINE2A_DIR1,19.155892,72.835254,138
SHP_LINE2A_DIR1,19.155989,72.835247,139
SHP_LINE2A_DIR1,19.156137,72.835239,140
SHP_LINE2A_DIR1,19.156486,72.835238,141
SHP_LINE2A_DIR1,19.156801,72.835248,142
SHP_LINE2A_DIR1,19.157179,72.835258,143
SHP_LINE2A_DIR1,19.157518,72.835272,144
SHP_LINE2A_DIR1,19.157846,72.835283,145
SHP_LINE2A_DIR1,19.158145,72.835293,146
SHP_LINE2A_DIR1,19.158397,72.835300,147
SHP_LINE2A_DIR1,19.158550,72.835304,148
SHP_LINE2A_DIR1,19.158754,72.835301,149
SHP_LINE2A_DIR1,19.158867,72.835299,150
SHP_LINE2A_DIR1,19.158972,72.835290,151
SHP_LINE2A_DIR1,19.159121,72.835270,152
SHP_LINE2A_DIR1,19.159239,72.835252,153
SHP_LINE2A_DIR1,19.159374,72.835223,154
SHP_LINE2A_DIR1,19.159576,72.835174,155
SHP_LINE2A_DIR1,19.160150,72.835014,156
SHP_LINE2A_DIR1,19.160357,72.834964,157
SHP_LINE2A_DIR1,19.160567,72.834919,158
SHP_LINE2A_DIR1,19.160717,72.834899,159
SHP_LINE2A_DIR1,19.161070,72.834865,160
SHP_LINE2A_DIR1,19.161341,72.834854,161
SHP_LINE2A_DIR1,19.162051,72.834847,162
SHP_LINE2A_DIR1,19.162259,72.834844,163
SHP_LINE2A_DIR1,19.162466,72.834842,164
SHP_LINE2A_DIR1,19.162918,72.834854,165
SHP_LINE2A_DIR1,19.163349,72.834877,166
SHP_LINE2A_DIR1,19.163802,72.834909,167
SHP_LINE2A_DIR1,19.164238,72.834941,168
SHP_LINE2A_DIR1,19.164621,72.834969,169
SHP_LINE2A_DIR1,19.164919,72.834987,170
SHP_LINE2A_DIR1,19.165294,72.835014,171
SHP_LINE2A_DIR1,19.165695,72.835046,172
SHP_LINE2A_DIR1,19.165951,72.835066,173
SHP_LINE2A_DIR1,19.166322,72.835093,174
SHP_LINE2A_DIR1,19.166656,72.835122,175
SHP_LINE2A_DIR1,19.167016,72.835149,176
SHP_LINE2A_DIR1,19.167347,72.835172,177
SHP_LINE2A_DIR1,19.167633,72.835194,178
SHP_LINE2A_DIR1,19.167772,72.835207,179
SHP_LINE2A_DIR1,19.168128,72.835235,180
SHP_LINE2A_DIR1,19.168606,72.835274,181
SHP_LINE2A_DIR1,19.169174,72.835315,182
SHP_LINE2A_DIR1,19.169589,72.835348,183
SHP_LINE2A_DIR1,19.169728,72.835360,184
SHP_LINE2A_DIR1,19.169898,72.835381,185
SHP_LINE2A_DIR1,19.170059,72.835403,186
SHP_LINE2A_DIR1,19.170313,72.835460,187
SHP_LINE2A_DIR1,19.170505,72.835511,188
SHP_LINE2A_DIR1,19.170803,72.835606,189
SHP_LINE2A_DIR1,19.171162,72.835721,190
SHP_LINE2A_DIR1,19.171516,72.835852,191
SHP_LINE2A_DIR1,19.172012,72.836031,192
SHP_LINE2A_DIR1,19.172684,72.836323,193
SHP_LINE2A_DIR1,19.172953,72.836423,194
SHP_LINE2A_DIR1,19.173222,72.836523,195
SHP_LINE2A_DIR1,19.173731,72.836704,196
SHP_LINE2A_DIR1,19.174196,72.836881,197
SHP_LINE2A_DIR1,19.174578,72.837025,198
SHP_LINE2A_DIR1,19.174822,72.837095,199
SHP_LINE2A_DIR1,19.174960,72.837130,200
SHP_LINE2A_DIR1,19.175094,72.837156,201
SHP_LINE2A_DIR1,19.175218,72.837177,202
SHP_LINE2A_DIR1,19.175385,72.837198,203
SHP_LINE2A_DIR1,19.175542,72.837209,204
SHP_LINE2A_DIR1,19.175666,72.837215,205
SHP_LINE2A_DIR1,19.175818,72.837214,206
SHP_LINE2A_DIR1,19.175944,72.837209,207
SHP_LINE2A_DIR1,19.176110,72.837195,208
SHP_LINE2A_DIR1,19.176268,72.837178,209
SHP_LINE2A_DIR1,19.176476,72.837146,210
SHP_LINE2A_DIR1,19.176859,72.837080,211
SHP_LINE2A_DIR1,19.177148,72.837030,212
SHP_LINE2A_DIR1,19.177576,72.836959,213
SHP_LINE2A_DIR1,19.178016,72.836884,214
SHP_LINE2A_DIR1,19.178326,72.836832,215
SHP_LINE2A_DIR1,19.178803,72.836748,216
SHP_LINE2A_DIR1,19.179135,72.836692,217
SHP_LINE2A_DIR1,19.179435,72.836643,218
SHP_LINE2A_DIR1,19.179568,72.836618,219
SHP_LINE2A_DIR1,19.179652,72.836602,220
SHP_LINE2A_DIR1,19.179770,72.836576,221
SHP_LINE2A_DIR1,19.179865,72.836557,222
SHP_LINE2A_DIR1,19.180013,72.836520,223
SHP_LINE2A_DIR1,19.180128,72.836483,224
SHP_LINE2A_DIR1,19.180357,72.836408,225
SHP_LINE2A_DIR1,19.180651,72.836302,226
SHP_LINE2A_DIR1,19.180890,72.836218,227
SHP_LINE2A_DIR1,19.181190,72.836135,228
SHP_LINE2A_DIR1,19.181537,72.836063,229
SHP_LINE2A_DIR1,19.181823,72.836023,230
SHP_LINE2A_DIR1,19.182223,72.835972,231
SHP_LINE2A_DIR1,19.182462,72.835941,232
SHP_LINE2A_DIR1,19.182819,72.835900,233
SHP_LINE2A_DIR1,19.183028,72.835887,234
SHP_LINE2A_DIR1,19.183454,72.835875,235
SHP_LINE2A_DIR1,19.183911,72.835870,236
SHP_LINE2A_DIR1,19.184246,72.835863,237
SHP_LINE2A_DIR1,19.184782,72.835857,238
SHP_LINE2A_DIR1,19.185200,72.835850,239
SHP_LINE2A_DIR1,19.185618,72.835843,240
SHP_LINE2A_DIR1,19.186036,72.835825,241
SHP_LINE2A_DIR1,19.186370,72.835818,242
SHP_LINE2A_DIR1,19.186784,72.835809,243
SHP_LINE2A_DIR1,19.187239,72.835795,244
SHP_LINE2A_DIR1,19.187715,72.835773,245
SHP_LINE2A_DIR1,19.188050,72.835736,246
SHP_LINE2A_DIR1,19.188364,72.835694,247
SHP_LINE2A_DIR1,19.188709,72.835636,248
SHP_LINE2A_DIR1,19.189068,72.835570,249
SHP_LINE2A_DIR1,19.189368,72.835505,250
SHP_LINE2A_DIR1,19.189613,72.835450,251
SHP_LINE2A_DIR1,19.189838,72.835394,252
SHP_LINE2A_DIR1,19.190176,72.835299,253
SHP_LINE2A_DIR1,19.190608,72.835182,254
SHP_LINE2A_DIR1,19.190980,72.835090,255
SHP_LINE2A_DIR1,19.191402,72.834989,256
SHP_LINE2A_DIR1,19.191664,72.834925,257
SHP_LINE2A_DIR1,19.191898,72.834866,258
SHP_LINE2A_DIR1,19.192128,72.834805,259
SHP_LINE2A_DIR1,19.192455,72.834703,260
SHP_LINE2A_DIR1,19.192731,72.834603,261
SHP_LINE2A_DIR1,19.193015,72.834496,262
SHP_LINE2A_DIR1,19.193347,72.834369,263
SHP_LINE2A_DIR1,19.193630,72.834259,264
SHP_LINE2A_DIR1,19.193974,72.834110,265
SHP_LINE2A_DIR1,19.194350,72.833961,266
SHP_LINE2A_DIR1,19.194635,72.833861,267
SHP_LINE2A_DIR1,19.194839,72.833809,268
SHP_LINE2A_DIR1,19.195052,72.833769,269
SHP_LINE2A_DIR1,19.195291,72.833743,270
SHP_LINE2A_DIR1,19.195460,72.833726,271
SHP_LINE2A_DIR1,19.195634,72.833724,272
SHP_LINE2A_DIR1,19.195876,72.833740,273
SHP_LINE2A_DIR1,19.196260,72.833763,274
SHP_LINE2A_DIR1,19.196621,72.833786,275
SHP_LINE2A_DIR1,19.196983,72.833810,276
SHP_LINE2A_DIR1,19.197359,72.833826,277
SHP_LINE2A_DIR1,19.197683,72.833858,278
SHP_LINE2A_DIR1,19.198083,72.833890,279
SHP_LINE2A_DIR1,19.198643,72.833928,280
SHP_LINE2A_DIR1,19.198958,72.833938,281
SHP_LINE2A_DIR1,19.199568,72.833952,282
SHP_LINE2A_DIR1,19.200268,72.833960,283
SHP_LINE2A_DIR1,19.201470,72.833989,284
SHP_LINE2A_DIR1,19.201765,72.833993,285
SHP_LINE2A_DIR1,19.202086,72.834004,286
SHP_LINE2A_DIR1,19.202310,72.834015,287
SHP_LINE2A_DIR1,19.202576,72.834042,288
SHP_LINE2A_DIR1,19.202794,72.834070,289
SHP_LINE2A_DIR1,19.202970,72.834098,290
SHP_LINE2A_DIR1,19.203123,72.834126,291
SHP_LINE2A_DIR1,19.203281,72.834159,292
SHP_LINE2A_DIR1,19.203909,72.834306,293
SHP_LINE2A_DIR1,19.204199,72.834365,294
SHP_LINE2A_DIR1,19.204619,72.834441,295
SHP_LINE2A_DIR1,19.204971,72.834520,296
SHP_LINE2A_DIR1,19.205261,72.834583,297
SHP_LINE2A_DIR1,19.205772,72.834717,298
SHP_LINE2A_DIR1,19.206318,72.834807,299
SHP_LINE2A_DIR1,19.206916,72.834894,300
SHP_LINE2A_DIR1,19.207188,72.834931,301
SHP_LINE2A_DIR1,19.207556,72.834982,302
SHP_LINE2A_DIR1,19.207982,72.835018,303
SHP_LINE2A_DIR1,19.208124,72.835030,304
SHP_LINE2A_DIR1,19.208353,72.835067,305
SHP_LINE2A_DIR1,19.208600,72.835098,306
SHP_LINE2A_DIR1,19.209070,72.835149,307
SHP_LINE2A_DIR1,19.209262,72.835179,308
SHP_LINE2A_DIR1,19.209608,72.835229,309
SHP_LINE2A_DIR1,19.209884,72.835270,310
SHP_LINE2A_DIR1,19.209970,72.835289,311
SHP_LINE2A_DIR1,19.210130,72.835335,312
SHP_LINE2A_DIR1,19.210189,72.835355,313
SHP_LINE2A_DIR1,19.210411,72.835434,314
SHP_LINE2A_DIR1,19.210605,72.835512,315
SHP_LINE2A_DIR1,19.211053,72.835703,316
SHP_LINE2A_DIR1,19.211340,72.835825,317
SHP_LINE2A_DIR1,19.211588,72.835929,318
SHP_LINE2A_DIR1,19.211843,72.836039,319
SHP_LINE2A_DIR1,19.212140,72.836159,320
SHP_LINE2A_DIR1,19.212367,72.836264,321
SHP_LINE2A_DIR1,19.212480,72.836319,322
SHP_LINE2A_DIR1,19.212695,72.836433,323
SHP_LINE2A_DIR1,19.212984,72.836617,324
SHP_LINE2A_DIR1,19.213195,72.836751,325
SHP_LINE2A_DIR1,19.213397,72.836898,326
SHP_LINE2A_DIR1,19.214005,72.837355,327
SHP_LINE2A_DIR1,19.214290,72.837572,328
SHP_LINE2A_DIR1,19.214609,72.837849,329
SHP_LINE2A_DIR1,19.214849,72.838063,330
SHP_LINE2A_DIR1,19.215066,72.838263,331
SHP_LINE2A_DIR1,19.215283,72.838490,332
SHP_LINE2A_DIR1,19.215556,72.838796,333
SHP_LINE2A_DIR1,19.215704,72.838954,334
SHP_LINE2A_DIR1,19.215832,72.839084,335
SHP_LINE2A_DIR1,19.216017,72.839245,336
SHP_LINE2A_DIR1,19.216209,72.839393,337
SHP_LINE2A_DIR1,19.216360,72.839501,338
SHP_LINE2A_DIR1,19.216690,72.839692,339
SHP_LINE2A_DIR1,19.216982,72.839846,340
SHP_LINE2A_DIR1,19.217283,72.840008,341
SHP_LINE2A_DIR1,19.217524,72.840120,342
SHP_LINE2A_DIR1,19.217632,72.840175,343
SHP_LINE2A_DIR1,19.217887,72.840288,344
SHP_LINE2A_DIR1,19.218300,72.840438,345
SHP_LINE2A_DIR1,19.218634,72.840534,346
SHP_LINE2A_DIR1,19.218923,72.840604,347
SHP_LINE2A_DIR1,19.219160,72.840646,348
SHP_LINE2A_DIR1,19.219471,72.840708,349
SHP_LINE2A_DIR1,19.219885,72.840785,350
SHP_LINE2A_DIR1,19.220117,72.840831,351
SHP_LINE2A_DIR1,19.220440,72.840886,352
SHP_LINE2A_DIR1,19.220617,72.840909,353
SHP_LINE2A_DIR1,19.220836,72.840927,354
SHP_LINE2A_DIR1,19.221145,72.840937,355
SHP_LINE2A_DIR1,19.221406,72.840935,356
SHP_LINE2A_DIR1,19.221854,72.840922,357
SHP_LINE2A_DIR1,19.222347,72.840929,358
SHP_LINE2A_DIR1,19.222769,72.840918,359
SHP_LINE2A_DIR1,19.223058,72.840912,360
SHP_LINE2A_DIR1,19.223607,72.840887,361
SHP_LINE2A_DIR1,19.223919,72.840878,362
SHP_LINE2A_DIR1,19.224207,72.840876,363
SHP_LINE2A_DIR1,19.224534,72.840866,364
SHP_LINE2A_DIR1,19.224885,72.840859,365
SHP_LINE2A_DIR1,19.225162,72.840860,366
SHP_LINE2A_DIR1,19.225507,72.840860,367
SHP_LINE2A_DIR1,19.225737,72.840864,368
SHP_LINE2A_DIR1,19.226127,72.840868,369
SHP_LINE2A_DIR1,19.226449,72.840875,370
SHP_LINE2A_DIR1,19.226723,72.840883,371
SHP_LINE2A_DIR1,19.227008,72.840889,372
SHP_LINE2A_DIR1,19.227287,72.840898,373
SHP_LINE2A_DIR1,19.227560,72.840905,374
SHP_LINE2A_DIR1,19.227786,72.840913,375
SHP_LINE2A_DIR1,19.228071,72.840926,376
SHP_LINE2A_DIR1,19.228194,72.840935,377
SHP_LINE2A_DIR1,19.228373,72.840946,378
SHP_LINE2A_DIR1,19.228497,72.840954,379
SHP_LINE2A_DIR1,19.228649,72.840961,380
SHP_LINE2A_DIR1,19.228911,72.840979,381
SHP_LINE2A_DIR1,19.229162,72.840993,382
SHP_LINE2A_DIR1,19.229461,72.841009,383
SHP_LINE2A_DIR1,19.229689,72.841017,384
SHP_LINE2A_DIR1,19.229900,72.841019,385
SHP_LINE2A_DIR1,19.229989,72.841012,386
SHP_LINE2A_DIR1,19.230213,72.840989,387
SHP_LINE2A_DIR1,19.230456,72.840954,388
SHP_LINE2A_DIR1,19.230900,72.840905,389
SHP_LINE2A_DIR1,19.231194,72.840865,390
SHP_LINE2A_DIR1,19.231488,72.840825,391
SHP_LINE2A_DIR1,19.231992,72.840776,392
SHP_LINE2A_DIR1,19.232474,72.840737,393
SHP_LINE2A_DIR1,19.232662,72.840722,394
SHP_LINE2A_DIR1,19.232882,72.840705,395
SHP_LINE2A_DIR1,19.233160,72.840683,396
SHP_LINE2A_DIR1,19.233388,72.840665,397
SHP_LINE2A_DIR1,19.233633,72.840645,398
SHP_LINE2A_DIR1,19.233935,72.840627,399
SHP_LINE2A_DIR1,19.234310,72.840597,400
SHP_LINE2A_DIR1,19.234574,72.840576,401
SHP_LINE2A_DIR1,19.234797,72.840572,402
SHP_LINE2A_DIR1,19.235007,72.840580,403
SHP_LINE2A_DIR1,19.235238,72.840598,404
SHP_LINE2A_DIR1,19.235434,72.840624,405
SHP_LINE2A_DIR1,19.235807,72.840672,406
SHP_LINE2A_DIR1,19.236249,72.840763,407
SHP_LINE2A_DIR1,19.236458,72.840822,408
SHP_LINE2A_DIR1,19.236644,72.840880,409
SHP_LINE2A_DIR1,19.236857,72.840962,410
SHP_LINE2A_DIR1,19.237195,72.841111,411
SHP_LINE2A_DIR1,19.237653,72.841357,412
SHP_LINE2A_DIR1,19.238031,72.841563,413
SHP_LINE2A_DIR1,19.238296,72.841715,414
SHP_LINE2A_DIR1,19.238426,72.841791,415
SHP_LINE2A_DIR1,19.238608,72.841912,416
SHP_LINE2A_DIR1,19.238846,72.842085,417
SHP_LINE2A_DIR1,19.238958,72.842172,418
SHP_LINE2A_DIR1,19.239105,72.842293,419
SHP_LINE2A_DIR1,19.239221,72.842398,420
SHP_LINE2A_DIR1,19.239376,72.842537,421
SHP_LINE2A_DIR1,19.239505,72.842656,422
SHP_LINE2A_DIR1,19.239698,72.842837,423
SHP_LINE2A_DIR1,19.240090,72.843222,424
SHP_LINE2A_DIR1,19.240323,72.843438,425
SHP_LINE2A_DIR1,19.240555,72.843655,426
SHP_LINE2A_DIR1,19.240953,72.844009,427
SHP_LINE2A_DIR1,19.241214,72.844252,428
SHP_LINE2A_DIR1,19.241419,72.844418,429
SHP_LINE2A_DIR1,19.241532,72.844503,430
SHP_LINE2A_DIR1,19.241731,72.844635,431
SHP_LINE2A_DIR1,19.241910,72.844747,432
SHP_LINE2A_DIR1,19.242132,72.844867,433
SHP_LINE2A_DIR1,19.242280,72.844930,434
SHP_LINE2A_DIR1,19.242402,72.844984,435
SHP_LINE2A_DIR1,19.242529,72.845032,436
SHP_LINE2A_DIR1,19.242729,72.845095,437
SHP_LINE2A_DIR1,19.243160,72.845215,438
SHP_LINE2A_DIR1,19.243485,72.845304,439
SHP_LINE2A_DIR1,19.243737,72.845367,440
SHP_LINE2A_DIR1,19.243891,72.845394,441
SHP_LINE2A_DIR1,19.244017,72.845413,442
SHP_LINE2A_DIR1,19.244167,72.845431,443
SHP_LINE2A_DIR1,19.244294,72.845442,444
SHP_LINE2A_DIR1,19.244504,72.845451,445
SHP_LINE2A_DIR1,19.245012,72.845431,446
SHP_LINE2A_DIR1,19.245362,72.845417,447
SHP_LINE2A_DIR1,19.245763,72.845401,448
SHP_LINE2A_DIR1,19.246182,72.845378,449
SHP_LINE2A_DIR1,19.246439,72.845367,450
SHP_LINE2A_DIR1,19.246824,72.845351,451
SHP_LINE2A_DIR1,19.247045,72.845356,452
SHP_LINE2A_DIR1,19.247285,72.845369,453
SHP_LINE2A_DIR1,19.247512,72.845395,454
SHP_LINE2A_DIR1,19.247838,72.845440,455
SHP_LINE2A_DIR1,19.248127,72.845476,456
SHP_LINE2A_DIR1,19.248530,72.845524,457
SHP_LINE2A_DIR1,19.248937,72.845609,458
SHP_LINE2A_DIR1,19.249261,72.845677,459
SHP_LINE2A_DIR1,19.249585,72.845745,460
SHP_LINE2A_DIR1,19.250174,72.845901,461
SHP_LINE2A_DIR1,19.250376,72.845963,462
SHP_LINE2A_DIR1,19.250637,72.846049,463
SHP_LINE2A_DIR1,19.250814,72.846103,464
SHP_LINE2A_DIR1,19.251227,72.846263,465
SHP_LINE2A_DIR1,19.251628,72.846463,466
SHP_LINE2A_DIR1,19.252022,72.846678,467
SHP_LINE2A_DIR1,19.252393,72.846877,468
SHP_LINE2A_DIR1,19.252688,72.847040,469
SHP_LINE2A_DIR1,19.253041,72.847237,470
SHP_LINE2A_DIR1,19.253349,72.847433,471
SHP_LINE2A_DIR1,19.253644,72.847648,472
SHP_LINE2A_DIR1,19.253793,72.847762,473
SHP_LINE2A_DIR1,19.254112,72.848004,474
SHP_LINE2A_DIR1,19.254403,72.848225,475
SHP_LINE2A_DIR1,19.254623,72.848405,476
SHP_LINE2A_DIR1,19.254877,72.848629,477
SHP_LINE2A_DIR1,19.255103,72.848851,478
SHP_LINE2A_DIR1,19.255192,72.848944,479
SHP_LINE2A_DIR1,19.255358,72.849123,480
SHP_LINE2A_DIR1,19.255644,72.849464,481
SHP_LINE2A_DIR1,19.256015,72.849899,482
SHP_LINE2A_DIR1,19.256505,72.850496,483
SHP_LINE2A_DIR1,19.256646,72.850678,484
SHP_LINE2A_DIR1,19.256787,72.850861,485
SHP_LINE2A_DIR1,19.257100,72.851323,486
SHP_LINE2A_DIR1,19.257358,72.851698,487
SHP_LINE2A_DIR1,19.257630,72.852119,488
SHP_LINE2A_DIR1,19.257775,72.852385,489
SHP_LINE2A_DIR1,19.257896,72.852654,490
SHP_LINE2A_DIR1,19.258100,72.853153,491
SHP_LINE2A_DIR1,19.258285,72.853620,492
SHP_LINE2A_DIR1,19.258403,72.853957,493
SHP_LINE2A_DIR1,19.258522,72.854342,494
SHP_LINE2A_DIR1,19.258617,72.854786,495
SHP_LINE2A_DIR1,19.258673,72.855111,496
SHP_LINE2A_DIR1,19.258718,72.855589,497
SHP_LINE2A_DIR1,19.258728,72.855995,498
SHP_LINE2A_DIR1,19.258713,72.856391,499
SHP_LINE2A_DIR1,19.258699,72.856727,500
SHP_LINE2A_DIR1,19.258662,72.857179,501
SHP_LINE2A_DIR1,19.258642,72.857430,502
SHP_LINE2A_DIR1,19.258566,72.857927,503
SHP_LINE2A_DIR1,19.258532,72.858126,504
SHP_LINE2A_DIR1,19.258512,72.858277,505
SHP_LINE2A_DIR1,19.258470,72.858610,506
SHP_LINE2A_DIR1,19.258384,72.859669,507
SHP_LINE2A_DIR1,19.258334,72.860162,508
SHP_LINE2A_DIR1,19.258286,72.860745,509
SHP_LINE2A_DIR1,19.258241,72.861299,510
SHP_LINE2A_DIR1,19.258186,72.861981,511
SHP_LINE2A_DIR1,19.258156,72.862254,512
SHP_LINE2A_DIR1,19.258101,72.862651,513
SHP_LINE2A_DIR1,19.258054,72.862876,514
SHP_LINE2A_DIR1,19.258000,72.863085,515
SHP_LINE2A_DIR1,19.257899,72.863385,516
SHP_LINE2A_DIR1,19.257816,72.863659,517
SHP_LINE2A_DIR1,19.257750,72.863874,518
SHP_LINE2A_DIR1,19.257697,72.864051,519
SHP_LINE2A_DIR1,19.257634,72.864329,520
SHP_LINE2A_DIR1,19.257474,72.865042,521
SHP_LINE2A_DIR1,19.257348,72.865689,522
SHP_LINE2A_DIR1,19.257219,72.866134,523
SHP_LINE2A_DIR1,19.257083,72.866508,524
SHP_LINE2A_DIR1,19.256930,72.866863,525
SHP_LINE2A_DIR1,19.256744,72.867287,526
SHP_LINE2A_DIR1,19.256559,72.867657,527
SHP_LINE2A_DIR1,19.256344,72.868062,528
SHP_LINE2A_DIR1,19.256224,72.868276,529
SHP_LINE2A_DIR1,19.256080,72.868491,530
SHP_LINE2A_DIR1,19.255962,72.868623,531
SHP_LINE2A_DIR1,19.255866,72.868720,532
SHP_LINE2A_DIR1,19.255766,72.868801,533
SHP_LINE2A_DIR1,19.255633,72.868893,534
SHP_LINE2A_DIR1,19.255451,72.868998,535
SHP_LINE2A_DIR1,19.255294,72.869068,536
SHP_LINE2A_DIR1,19.255112,72.869128,537
SHP_LINE2A_DIR1,19.254913,72.869161,538
SHP_LINE2A_DIR1,19.254795,72.869171,539
SHP_LINE2A_DIR1,19.254630,72.869169,540
SHP_LINE2A_DIR1,19.254467,72.869159,541
SHP_LINE2A_DIR1,19.254283,72.869123,542
SHP_LINE2A_DIR1,19.254153,72.869086,543
SHP_LINE2A_DIR1,19.254018,72.869031,544
SHP_LINE2A_DIR1,19.253896,72.868970,545
SHP_LINE2A_DIR1,19.253813,72.868920,546
SHP_LINE2A_DIR1,19.253729,72.868870,547
SHP_LINE2A_DIR1,19.253532,72.868730,548
SHP_LINE2A_DIR1,19.253200,72.868496,549
SHP_LINE2A_DIR1,19.252919,72.868298,550
SHP_LINE2A_DIR1,19.252627,72.868092,551
SHP_LINE2A_DIR1,19.251263,72.867119,552
SHP_LINE2A_DIR1,19.251263,72.867119,553
SHP_LINE7_DIR0,19.277693,72.880160,1
SHP_LINE7_DIR0,19.277714,72.880177,2
SHP_LINE7_DIR0,19.277672,72.880234,3
SHP_LINE7_DIR0,19.277465,72.880529,4
SHP_LINE7_DIR0,19.277251,72.880831,5
SHP_LINE7_DIR0,19.276923,72.881164,6
SHP_LINE7_DIR0,19.276629,72.881506,7
SHP_LINE7_DIR0,19.276402,72.881676,8
SHP_LINE7_DIR0,19.276252,72.881765,9
SHP_LINE7_DIR0,19.276073,72.881826,10
SHP_LINE7_DIR0,19.275915,72.881857,11
SHP_LINE7_DIR0,19.275527,72.881898,12
SHP_LINE7_DIR0,19.274941,72.881962,13
SHP_LINE7_DIR0,19.274430,72.882007,14
SHP_LINE7_DIR0,19.274184,72.882043,15
SHP_LINE7_DIR0,19.273932,72.882118,16
SHP_LINE7_DIR0,19.273719,72.882211,17
SHP_LINE7_DIR0,19.273401,72.882357,18
SHP_LINE7_DIR0,19.272891,72.882580,19
SHP_LINE7_DIR0,19.272624,72.882651,20
SHP_LINE7_DIR0,19.272435,72.882669,21
SHP_LINE7_DIR0,19.272376,72.882666,22
SHP_LINE7_DIR0,19.272337,72.882646,23
SHP_LINE7_DIR0,19.272284,72.882579,24
SHP_LINE7_DIR0,19.272239,72.882514,25
SHP_LINE7_DIR0,19.271592,72.881590,26
SHP_LINE7_DIR0,19.271156,72.880915,27
SHP_LINE7_DIR0,19.270614,72.880158,28
SHP_LINE7_DIR0,19.270300,72.879719,29
SHP_LINE7_DIR0,19.270016,72.879321,30
SHP_LINE7_DIR0,19.269759,72.878962,31
SHP_LINE7_DIR0,19.269551,72.878717,32
SHP_LINE7_DIR0,19.269361,72.878514,33
SHP_LINE7_DIR0,19.269198,72.878369,34
SHP_LINE7_DIR0,19.268763,72.878030,35
SHP_LINE7_DIR0,19.268215,72.877621,36
SHP_LINE7_DIR0,19.267634,72.877251,37
SHP_LINE7_DIR0,19.267221,72.876976,38
SHP_LINE7_DIR0,19.266994,72.876800,39
SHP_LINE7_DIR0,19.266308,72.876261,40
SHP_LINE7_DIR0,19.265451,72.875595,41
SHP_LINE7_DIR0,19.264655,72.874969,42
SHP_LINE7_DIR0,19.264172,72.874565,43
SHP_LINE7_DIR0,19.263822,72.874331,44
SHP_LINE7_DIR0,19.263198,72.873966,45
SHP_LINE7_DIR0,19.263004,72.873868,46
SHP_LINE7_DIR0,19.262790,72.873759,47
SHP_LINE7_DIR0,19.262317,72.873585,48
SHP_LINE7_DIR0,19.261316,72.873173,49
SHP_LINE7_DIR0,19.260424,72.872801,50
SHP_LINE7_DIR0,19.259826,72.872550,51
SHP_LINE7_DIR0,19.259503,72.872414,52
SHP_LINE7_DIR0,19.258561,72.872009,53
SHP_LINE7_DIR0,19.257687,72.871632,54
SHP_LINE7_DIR0,19.257310,72.871481,55
SHP_LINE7_DIR0,19.256977,72.871278,56
SHP_LINE7_DIR0,19.256644,72.871074,57
SHP_LINE7_DIR0,19.256092,72.870654,58
SHP_LINE7_DIR0,19.253813,72.868920,59
SHP_LINE7_DIR0,19.253729,72.868870,60
SHP_LINE7_DIR0,19.253532,72.868730,61
SHP_LINE7_DIR0,19.253200,72.868496,62
SHP_LINE7_DIR0,19.252919,72.868298,63
SHP_LINE7_DIR0,19.252627,72.868092,64
SHP_LINE7_DIR0,19.251263,72.867119,65
SHP_LINE7_DIR0,19.251263,72.867119,66
SHP_LINE7_DIR0,19.249981,72.866232,67
SHP_LINE7_DIR0,19.249156,72.865728,68
SHP_LINE7_DIR0,19.248506,72.865375,69
SHP_LINE7_DIR0,19.247966,72.865089,70
SHP_LINE7_DIR0,19.247427,72.864921,71
SHP_LINE7_DIR0,19.246555,72.864787,72
SHP_LINE7_DIR0,19.245428,72.864585,73
SHP_LINE7_DIR0,19.243411,72.864248,74
SHP_LINE7_DIR0,19.242474,72.864092,75
SHP_LINE7_DIR0,19.242072,72.864037,76
SHP_LINE7_DIR0,19.241479,72.863982,77
SHP_LINE7_DIR0,19.241274,72.863953,78
SHP_LINE7_DIR0,19.241121,72.863936,79
SHP_LINE7_DIR0,19.240800,72.863885,80
SHP_LINE7_DIR0,19.240606,72.863848,81
SHP_LINE7_DIR0,19.240169,72.863774,82
SHP_LINE7_DIR0,19.239768,72.863707,83
SHP_LINE7_DIR0,19.239563,72.863673,84
SHP_LINE7_DIR0,19.239308,72.863633,85
SHP_LINE7_DIR0,19.239083,72.863596,86
SHP_LINE7_DIR0,19.238900,72.863565,87
SHP_LINE7_DIR0,19.238618,72.863517,88
SHP_LINE7_DIR0,19.238426,72.863487,89
SHP_LINE7_DIR0,19.238126,72.863446,90
SHP_LINE7_DIR0,19.237885,72.863410,91
SHP_LINE7_DIR0,19.237665,72.863379,92
SHP_LINE7_DIR0,19.237425,72.863346,93
SHP_LINE7_DIR0,19.237273,72.863318,94
SHP_LINE7_DIR0,19.236974,72.863267,95
SHP_LINE7_DIR0,19.236730,72.863224,96
SHP_LINE7_DIR0,19.236336,72.863167,97
SHP_LINE7_DIR0,19.236129,72.863148,98
SHP_LINE7_DIR0,19.235829,72.863138,99
SHP_LINE7_DIR0,19.235600,72.863139,100
SHP_LINE7_DIR0,19.235141,72.863154,101
SHP_LINE7_DIR0,19.234671,72.863161,102
SHP_LINE7_DIR0,19.234373,72.863169,103
SHP_LINE7_DIR0,19.233910,72.863171,104
SHP_LINE7_DIR0,19.233703,72.863174,105
SHP_LINE7_DIR0,19.233466,72.863179,106
SHP_LINE7_DIR0,19.233236,72.863184,107
SHP_LINE7_DIR0,19.233006,72.863187,108
SHP_LINE7_DIR0,19.232780,72.863189,109
SHP_LINE7_DIR0,19.232518,72.863191,110
SHP_LINE7_DIR0,19.232156,72.863194,111
SHP_LINE7_DIR0,19.231940,72.863191,112
SHP_LINE7_DIR0,19.231479,72.863185,113
SHP_LINE7_DIR0,19.231249,72.863184,114
SHP_LINE7_DIR0,19.231034,72.863185,115
SHP_LINE7_DIR0,19.230821,72.863186,116
SHP_LINE7_DIR0,19.230583,72.863188,117
SHP_LINE7_DIR0,19.230364,72.863189,118
SHP_LINE7_DIR0,19.229936,72.863197,119
SHP_LINE7_DIR0,19.229746,72.863201,120
SHP_LINE7_DIR0,19.229544,72.863202,121
SHP_LINE7_DIR0,19.229345,72.863203,122
SHP_LINE7_DIR0,19.229062,72.863206,123
SHP_LINE7_DIR0,19.228851,72.863206,124
SHP_LINE7_DIR0,19.228628,72.863207,125
SHP_LINE7_DIR0,19.228394,72.863210,126
SHP_LINE7_DIR0,19.228175,72.863212,127
SHP_LINE7_DIR0,19.227954,72.863216,128
SHP_LINE7_DIR0,19.227761,72.863223,129
SHP_LINE7_DIR0,19.227631,72.863229,130
SHP_LINE7_DIR0,19.227518,72.863241,131
SHP_LINE7_DIR0,19.227313,72.863264,132
SHP_LINE7_DIR0,19.227176,72.863288,133
SHP_LINE7_DIR0,19.226926,72.863336,134
SHP_LINE7_DIR0,19.226584,72.863430,135
SHP_LINE7_DIR0,19.226336,72.863512,136
SHP_LINE7_DIR0,19.225924,72.863661,137
SHP_LINE7_DIR0,19.225531,72.863802,138
SHP_LINE7_DIR0,19.225143,72.863942,139
SHP_LINE7_DIR0,19.224531,72.864152,140
SHP_LINE7_DIR0,19.224332,72.864220,141
SHP_LINE7_DIR0,19.223892,72.864372,142
SHP_LINE7_DIR0,19.223527,72.864504,143
SHP_LINE7_DIR0,19.223184,72.864616,144
SHP_LINE7_DIR0,19.222870,72.864718,145
SHP_LINE7_DIR0,19.222460,72.864852,146
SHP_LINE7_DIR0,19.222119,72.864969,147
SHP_LINE7_DIR0,19.221855,72.865069,148
SHP_LINE7_DIR0,19.221550,72.865178,149
SHP_LINE7_DIR0,19.221294,72.865266,150
SHP_LINE7_DIR0,19.221056,72.865348,151
SHP_LINE7_DIR0,19.220761,72.865444,152
SHP_LINE7_DIR0,19.220481,72.865542,153
SHP_LINE7_DIR0,19.220143,72.865654,154
SHP_LINE7_DIR0,19.219844,72.865756,155
SHP_LINE7_DIR0,19.219619,72.865835,156
SHP_LINE7_DIR0,19.219184,72.865986,157
SHP_LINE7_DIR0,19.218669,72.866187,158
SHP_LINE7_DIR0,19.218398,72.866303,159
SHP_LINE7_DIR0,19.218145,72.866399,160
SHP_LINE7_DIR0,19.217642,72.866588,161
SHP_LINE7_DIR0,19.217203,72.866728,162
SHP_LINE7_DIR0,19.216846,72.866859,163
SHP_LINE7_DIR0,19.216488,72.866977,164
SHP_LINE7_DIR0,19.216261,72.867058,165
SHP_LINE7_DIR0,19.216019,72.867141,166
SHP_LINE7_DIR0,19.215602,72.867283,167
SHP_LINE7_DIR0,19.214962,72.867489,168
SHP_LINE7_DIR0,19.214663,72.867586,169
SHP_LINE7_DIR0,19.214408,72.867672,170
SHP_LINE7_DIR0,19.214103,72.867774,171
SHP_LINE7_DIR0,19.213797,72.867879,172
SHP_LINE7_DIR0,19.213474,72.867990,173
SHP_LINE7_DIR0,19.213221,72.868069,174
SHP_LINE7_DIR0,19.212953,72.868151,175
SHP_LINE7_DIR0,19.212736,72.868206,176
SHP_LINE7_DIR0,19.212440,72.868266,177
SHP_LINE7_DIR0,19.212271,72.868293,178
SHP_LINE7_DIR0,19.212052,72.868323,179
SHP_LINE7_DIR0,19.211831,72.868342,180
SHP_LINE7_DIR0,19.211645,72.868348,181
SHP_LINE7_DIR0,19.211352,72.868353,182
SHP_LINE7_DIR0,19.211139,72.868349,183
SHP_LINE7_DIR0,19.210880,72.868340,184
SHP_LINE7_DIR0,19.210646,72.868328,185
SHP_LINE7_DIR0,19.210453,72.868308,186
SHP_LINE7_DIR0,19.210205,72.868273,187
SHP_LINE7_DIR0,19.210012,72.868240,188
SHP_LINE7_DIR0,19.209819,72.868197,189
SHP_LINE7_DIR0,19.209607,72.868140,190
SHP_LINE7_DIR0,19.209302,72.868032,191
SHP_LINE7_DIR0,19.208982,72.867900,192
SHP_LINE7_DIR0,19.208669,72.867742,193
SHP_LINE7_DIR0,19.208366,72.867561,194
SHP_LINE7_DIR0,19.208026,72.867333,195
SHP_LINE7_DIR0,19.207752,72.867137,196
SHP_LINE7_DIR0,19.207555,72.866984,197
SHP_LINE7_DIR0,19.207424,72.866877,198
SHP_LINE7_DIR0,19.207042,72.866527,199
SHP_LINE7_DIR0,19.206800,72.866280,200
SHP_LINE7_DIR0,19.206374,72.865849,201
SHP_LINE7_DIR0,19.206125,72.865607,202
SHP_LINE7_DIR0,19.205802,72.865299,203
SHP_LINE7_DIR0,19.205480,72.864991,204
SHP_LINE7_DIR0,19.205214,72.864736,205
SHP_LINE7_DIR0,19.205005,72.864539,206
SHP_LINE7_DIR0,19.204651,72.864191,207
SHP_LINE7_DIR0,19.204255,72.863809,208
SHP_LINE7_DIR0,19.203938,72.863499,209
SHP_LINE7_DIR0,19.203615,72.863177,210
SHP_LINE7_DIR0,19.203319,72.862887,211
SHP_LINE7_DIR0,19.203035,72.862613,212
SHP_LINE7_DIR0,19.202888,72.862485,213
SHP_LINE7_DIR0,19.202741,72.862374,214
SHP_LINE7_DIR0,19.202424,72.862168,215
SHP_LINE7_DIR0,19.202114,72.861974,216
SHP_LINE7_DIR0,19.201796,72.861778,217
SHP_LINE7_DIR0,19.201540,72.861638,218
SHP_LINE7_DIR0,19.201261,72.861511,219
SHP_LINE7_DIR0,19.200930,72.861386,220
SHP_LINE7_DIR0,19.200571,72.861254,221
SHP_LINE7_DIR0,19.200236,72.861128,222
SHP_LINE7_DIR0,19.200027,72.861054,223
SHP_LINE7_DIR0,19.199843,72.860994,224
SHP_LINE7_DIR0,19.199593,72.860930,225
SHP_LINE7_DIR0,19.199343,72.860878,226
SHP_LINE7_DIR0,19.199044,72.860828,227
SHP_LINE7_DIR0,19.198333,72.860691,228
SHP_LINE7_DIR0,19.198115,72.860646,229
SHP_LINE7_DIR0,19.197896,72.860602,230
SHP_LINE7_DIR0,19.197521,72.860513,231
SHP_LINE7_DIR0,19.197222,72.860462,232
SHP_LINE7_DIR0,19.196847,72.860385,233
SHP_LINE7_DIR0,19.196476,72.860301,234
SHP_LINE7_DIR0,19.196130,72.860219,235
SHP_LINE7_DIR0,19.195820,72.860145,236
SHP_LINE7_DIR0,19.195500,72.860072,237
SHP_LINE7_DIR0,19.194913,72.859945,238
SHP_LINE7_DIR0,19.194513,72.859845,239
SHP_LINE7_DIR0,19.193733,72.859552,240
SHP_LINE7_DIR0,19.193590,72.859480,241
SHP_LINE7_DIR0,19.193443,72.859401,242
SHP_LINE7_DIR0,19.193279,72.859309,243
SHP_LINE7_DIR0,19.192981,72.859123,244
SHP_LINE7_DIR0,19.192712,72.858958,245
SHP_LINE7_DIR0,19.192436,72.858790,246
SHP_LINE7_DIR0,19.192215,72.858655,247
SHP_LINE7_DIR0,19.192083,72.858576,248
SHP_LINE7_DIR0,19.191968,72.858510,249
SHP_LINE7_DIR0,19.191845,72.858450,250
SHP_LINE7_DIR0,19.191736,72.858403,251
SHP_LINE7_DIR0,19.191611,72.858357,252
SHP_LINE7_DIR0,19.191507,72.858330,253
SHP_LINE7_DIR0,19.191364,72.858300,254
SHP_LINE7_DIR0,19.191249,72.858280,255
SHP_LINE7_DIR0,19.191079,72.858270,256
SHP_LINE7_DIR0,19.190894,72.858267,257
SHP_LINE7_DIR0,19.190643,72.858273,258
SHP_LINE7_DIR0,19.190391,72.858276,259
SHP_LINE7_DIR0,19.190132,72.858284,260
SHP_LINE7_DIR0,19.189847,72.858315,261
SHP_LINE7_DIR0,19.189621,72.858352,262
SHP_LINE7_DIR0,19.189460,72.858391,263
SHP_LINE7_DIR0,19.189201,72.858441,264
SHP_LINE7_DIR0,19.189051,72.858465,265
SHP_LINE7_DIR0,19.188910,72.858482,266
SHP_LINE7_DIR0,19.188702,72.858492,267
SHP_LINE7_DIR0,19.188428,72.858501,268
SHP_LINE7_DIR0,19.187975,72.858512,269
SHP_LINE7_DIR0,19.187264,72.858512,270
SHP_LINE7_DIR0,19.186716,72.858511,271
SHP_LINE7_DIR0,19.186359,72.858509,272
SHP_LINE7_DIR0,19.186107,72.858513,273
SHP_LINE7_DIR0,19.185777,72.858515,274
SHP_LINE7_DIR0,19.185471,72.858510,275
SHP_LINE7_DIR0,19.185286,72.858496,276
SHP_LINE7_DIR0,19.184998,72.858466,277
SHP_LINE7_DIR0,19.184660,72.858424,278
SHP_LINE7_DIR0,19.184333,72.858391,279
SHP_LINE7_DIR0,19.184180,72.858375,280
SHP_LINE7_DIR0,19.184010,72.858371,281
SHP_LINE7_DIR0,19.183659,72.858367,282
SHP_LINE7_DIR0,19.183323,72.858364,283
SHP_LINE7_DIR0,19.183002,72.858360,284
SHP_LINE7_DIR0,19.182741,72.858351,285
SHP_LINE7_DIR0,19.182495,72.858350,286
SHP_LINE7_DIR0,19.182290,72.858349,287
SHP_LINE7_DIR0,19.182010,72.858346,288
SHP_LINE7_DIR0,19.181736,72.858324,289
SHP_LINE7_DIR0,19.181385,72.858296,290
SHP_LINE7_DIR0,19.181074,72.858278,291
SHP_LINE7_DIR0,19.180860,72.858269,292
SHP_LINE7_DIR0,19.180567,72.858274,293
SHP_LINE7_DIR0,19.180203,72.858293,294
SHP_LINE7_DIR0,19.179898,72.858298,295
SHP_LINE7_DIR0,19.179720,72.858300,296
SHP_LINE7_DIR0,19.179542,72.858302,297
SHP_LINE7_DIR0,19.179215,72.858306,298
SHP_LINE7_DIR0,19.178930,72.858309,299
SHP_LINE7_DIR0,19.178654,72.858321,300
SHP_LINE7_DIR0,19.178377,72.858335,301
SHP_LINE7_DIR0,19.178177,72.858357,302
SHP_LINE7_DIR0,19.177884,72.858408,303
SHP_LINE7_DIR0,19.177681,72.858458,304
SHP_LINE7_DIR0,19.177495,72.858516,305
SHP_LINE7_DIR0,19.177201,72.858614,306
SHP_LINE7_DIR0,19.176908,72.858712,307
SHP_LINE7_DIR0,19.176673,72.858791,308
SHP_LINE7_DIR0,19.176455,72.858869,309
SHP_LINE7_DIR0,19.176149,72.858972,310
SHP_LINE7_DIR0,19.175885,72.859061,311
SHP_LINE7_DIR0,19.175633,72.859141,312
SHP_LINE7_DIR0,19.175455,72.859188,313
SHP_LINE7_DIR0,19.175260,72.859231,314
SHP_LINE7_DIR0,19.174987,72.859277,315
SHP_LINE7_DIR0,19.174842,72.859293,316
SHP_LINE7_DIR0,19.174709,72.859300,317
SHP_LINE7_DIR0,19.174505,72.859315,318
SHP_LINE7_DIR0,19.174348,72.859316,319
SHP_LINE7_DIR0,19.174163,72.859308,320
SHP_LINE7_DIR0,19.173993,72.859291,321
SHP_LINE7_DIR0,19.173715,72.859267,322
SHP_LINE7_DIR0,19.173461,72.859235,323
SHP_LINE7_DIR0,19.173266,72.859207,324
SHP_LINE7_DIR0,19.173060,72.859193,325
SHP_LINE7_DIR0,19.172918,72.859174,326
SHP_LINE7_DIR0,19.172788,72.859164,327
SHP_LINE7_DIR0,19.172573,72.859142,328
SHP_LINE7_DIR0,19.172084,72.859092,329
SHP_LINE7_DIR0,19.171673,72.859055,330
SHP_LINE7_DIR0,19.171073,72.858984,331
SHP_LINE7_DIR0,19.170281,72.858893,332
SHP_LINE7_DIR0,19.169506,72.858801,333
SHP_LINE7_DIR0,19.168621,72.858694,334
SHP_LINE7_DIR0,19.167972,72.858612,335
SHP_LINE7_DIR0,19.167303,72.858549,336
SHP_LINE7_DIR0,19.166826,72.858495,337
SHP_LINE7_DIR0,19.166223,72.858434,338
SHP_LINE7_DIR0,19.165654,72.858349,339
SHP_LINE7_DIR0,19.164901,72.858260,340
SHP_LINE7_DIR0,19.164122,72.858151,341
SHP_LINE7_DIR0,19.163446,72.858066,342
SHP_LINE7_DIR0,19.162684,72.857957,343
SHP_LINE7_DIR0,19.162226,72.857903,344
SHP_LINE7_DIR0,19.161683,72.857831,345
SHP_LINE7_DIR0,19.161169,72.857764,346
SHP_LINE7_DIR0,19.160664,72.857705,347
SHP_LINE7_DIR0,19.160290,72.857655,348
SHP_LINE7_DIR0,19.159821,72.857584,349
SHP_LINE7_DIR0,19.159098,72.857471,350
SHP_LINE7_DIR0,19.158378,72.857360,351
SHP_LINE7_DIR0,19.157858,72.857279,352
SHP_LINE7_DIR0,19.157286,72.857195,353
SHP_LINE7_DIR0,19.156719,72.857111,354
SHP_LINE7_DIR0,19.156206,72.857044,355
SHP_LINE7_DIR0,19.155688,72.856970,356
SHP_LINE7_DIR0,19.155245,72.856898,357
SHP_LINE7_DIR0,19.154660,72.856806,358
SHP_LINE7_DIR0,19.154075,72.856726,359
SHP_LINE7_DIR0,19.153589,72.856675,360
SHP_LINE7_DIR0,19.153216,72.856642,361
SHP_LINE7_DIR0,19.153002,72.856629,362
SHP_LINE7_DIR0,19.152442,72.856573,363
SHP_LINE7_DIR0,19.151911,72.856536,364
SHP_LINE7_DIR0,19.151405,72.856484,365
SHP_LINE7_DIR0,19.150958,72.856443,366
SHP_LINE7_DIR0,19.150509,72.856397,367
SHP_LINE7_DIR0,19.150007,72.856342,368
SHP_LINE7_DIR0,19.149554,72.856287,369
SHP_LINE7_DIR0,19.149104,72.856238,370
SHP_LINE7_DIR0,19.148664,72.856183,371
SHP_LINE7_DIR0,19.148093,72.856124,372
SHP_LINE7_DIR0,19.147507,72.856068,373
SHP_LINE7_DIR0,19.147018,72.856029,374
SHP_LINE7_DIR0,19.146566,72.855982,375
SHP_LINE7_DIR0,19.146100,72.855941,376
SHP_LINE7_DIR0,19.145701,72.855900,377
SHP_LINE7_DIR0,19.145434,72.855872,378
SHP_LINE7_DIR0,19.145173,72.855829,379
SHP_LINE7_DIR0,19.145010,72.855797,380
SHP_LINE7_DIR0,19.144789,72.855747,381
SHP_LINE7_DIR0,19.144426,72.855639,382
SHP_LINE7_DIR0,19.144070,72.855525,383
SHP_LINE7_DIR0,19.142928,72.855166,384
SHP_LINE7_DIR0,19.142847,72.855141,385
SHP_LINE7_DIR0,19.142209,72.854926,386
SHP_LINE7_DIR0,19.141932,72.854842,387
SHP_LINE7_DIR0,19.141722,72.854774,388
SHP_LINE7_DIR0,19.141596,72.854737,389
SHP_LINE7_DIR0,19.141440,72.854705,390
SHP_LINE7_DIR0,19.141269,72.854678,391
SHP_LINE7_DIR0,19.141146,72.854673,392
SHP_LINE7_DIR0,19.140980,72.854674,393
SHP_LINE7_DIR0,19.140646,72.854686,394
SHP_LINE7_DIR0,19.140553,72.854689,395
SHP_LINE7_DIR0,19.139974,72.854721,396
SHP_LINE7_DIR0,19.139417,72.854757,397
SHP_LINE7_DIR0,19.139169,72.854766,398
SHP_LINE7_DIR0,19.138738,72.854792,399
SHP_LINE7_DIR0,19.138527,72.854809,400
SHP_LINE7_DIR0,19.138236,72.854861,401
SHP_LINE7_DIR0,19.138008,72.854903,402
SHP_LINE7_DIR0,19.137730,72.854967,403
SHP_LINE7_DIR0,19.137504,72.855014,404
SHP_LINE7_DIR0,19.137210,72.855067,405
SHP_LINE7_DIR0,19.136930,72.855105,406
SHP_LINE7_DIR0,19.136652,72.855130,407
SHP_LINE7_DIR0,19.136462,72.855143,408
SHP_LINE7_DIR0,19.135902,72.855164,409
SHP_LINE7_DIR0,19.135591,72.855176,410
SHP_LINE7_DIR0,19.135163,72.855192,411
SHP_LINE7_DIR0,19.134717,72.855209,412
SHP_LINE7_DIR0,19.134220,72.855227,413
SHP_LINE7_DIR0,19.133967,72.855237,414
SHP_LINE7_DIR0,19.133548,72.855247,415
SHP_LINE7_DIR0,19.133178,72.855261,416
SHP_LINE7_DIR0,19.132817,72.855275,417
SHP_LINE7_DIR0,19.132404,72.855297,418
SHP_LINE7_DIR0,19.132135,72.855307,419
SHP_LINE7_DIR0,19.131911,72.855316,420
SHP_LINE7_DIR0,19.131606,72.855332,421
SHP_LINE7_DIR0,19.131497,72.855336,422
SHP_LINE7_DIR0,19.131309,72.855343,423
SHP_LINE7_DIR0,19.131040,72.855353,424
SHP_LINE7_DIR0,19.130889,72.855359,425
SHP_LINE7_DIR0,19.130582,72.855371,426
SHP_LINE7_DIR0,19.130358,72.855379,427
SHP_LINE7_DIR0,19.129998,72.855393,428
SHP_LINE7_DIR0,19.129460,72.855408,429
SHP_LINE7_DIR0,19.129110,72.855441,430
SHP_LINE7_DIR0,19.128834,72.855452,431
SHP_LINE7_DIR0,19.128677,72.855452,432
SHP_LINE7_DIR0,19.128293,72.855451,433
SHP_LINE7_DIR0,19.127959,72.855454,434
SHP_LINE7_DIR0,19.127679,72.855455,435
SHP_LINE7_DIR0,19.127406,72.855461,436
SHP_LINE7_DIR0,19.127234,72.855476,437
SHP_LINE7_DIR0,19.127104,72.855492,438
SHP_LINE7_DIR0,19.126978,72.855515,439
SHP_LINE7_DIR0,19.126796,72.855558,440
SHP_LINE7_DIR0,19.126650,72.855603,441
SHP_LINE7_DIR0,19.126502,72.855659,442
SHP_LINE7_DIR0,19.126335,72.855733,443
SHP_LINE7_DIR0,19.126183,72.855814,444
SHP_LINE7_DIR0,19.125991,72.855930,445
SHP_LINE7_DIR0,19.125734,72.856096,446
SHP_LINE7_DIR0,19.125501,72.856243,447
SHP_LINE7_DIR0,19.125301,72.856361,448
SHP_LINE7_DIR0,19.125141,72.856444,449
SHP_LINE7_DIR0,19.125001,72.856501,450
SHP_LINE7_DIR0,19.124804,72.856568,451
SHP_LINE7_DIR0,19.124635,72.856617,452
SHP_LINE7_DIR0,19.124395,72.856659,453
SHP_LINE7_DIR0,19.124271,72.856672,454
SHP_LINE7_DIR0,19.124151,72.856682,455
SHP_LINE7_DIR0,19.123976,72.856688,456
SHP_LINE7_DIR0,19.123822,72.856681,457
SHP_LINE7_DIR0,19.123628,72.856664,458
SHP_LINE7_DIR0,19.123505,72.856645,459
SHP_LINE7_DIR0,19.123093,72.856554,460
SHP_LINE7_DIR0,19.122719,72.856469,461
SHP_LINE7_DIR0,19.122469,72.856409,462
SHP_LINE7_DIR0,19.122122,72.856324,463
SHP_LINE7_DIR0,19.121852,72.856262,464
SHP_LINE7_DIR0,19.121615,72.856206,465
SHP_LINE7_DIR0,19.121367,72.856151,466
SHP_LINE7_DIR0,19.121063,72.856091,467
SHP_LINE7_DIR0,19.120757,72.856049,468
SHP_LINE7_DIR0,19.120443,72.856023,469
SHP_LINE7_DIR0,19.120074,72.855997,470
SHP_LINE7_DIR0,19.119758,72.855972,471
SHP_LINE7_DIR0,19.119522,72.855937,472
SHP_LINE7_DIR0,19.119121,72.855867,473
SHP_LINE7_DIR0,19.118651,72.855783,474
SHP_LINE7_DIR0,19.118245,72.855703,475
SHP_LINE7_DIR0,19.117898,72.855645,476
SHP_LINE7_DIR0,19.117539,72.855592,477
SHP_LINE7_DIR0,19.117071,72.855536,478
SHP_LINE7_DIR0,19.116647,72.855452,479
SHP_LINE7_DIR0,19.116472,72.855432,480
SHP_LINE7_DIR0,19.116165,72.855397,481
SHP_LINE7_DIR0,19.115575,72.855321,482
SHP_LINE7_DIR0,19.114810,72.855236,483
SHP_LINE7_DIR0,19.114439,72.855172,484
SHP_LINE7_DIR0,19.114439,72.855172,485
SHP_LINE7_DIR1,19.114439,72.855172,1
SHP_LINE7_DIR1,19.114439,72.855172,2
SHP_LINE7_DIR1,19.114810,72.855236,3
SHP_LINE7_DIR1,19.115575,72.855321,4
SHP_LINE7_DIR1,19.116165,72.855397,5
SHP_LINE7_DIR1,19.116472,72.855432,6
SHP_LINE7_DIR1,19.116647,72.855452,7
SHP_LINE7_DIR1,19.117071,72.855536,8
SHP_LINE7_DIR1,19.117539,72.855592,9
SHP_LINE7_DIR1,19.117898,72.855645,10
SHP_LINE7_DIR1,19.118245,72.855703,11
SHP_LINE7_DIR1,19.118651,72.855783,12
SHP_LINE7_DIR1,19.119121,72.855867,13
SHP_LINE7_DIR1,19.119522,72.855937,14
SHP_LINE7_DIR1,19.119758,72.855972,15
SHP_LINE7_DIR1,19.120074,72.855997,16
SHP_LINE7_DIR1,19.120443,72.856023,17
SHP_LINE7_DIR1,19.120757,72.856049,18
SHP_LINE7_DIR1,19.121063,72.856091,19
SHP_LINE7_DIR1,19.121367,72.856151,20
SHP_LINE7_DIR1,19.121615,72.856206,21
SHP_LINE7_DIR1,19.121852,72.856262,22
SHP_LINE7_DIR1,19.122122,72.856324,23
SHP_LINE7_DIR1,19.122469,72.856409,24
SHP_LINE7_DIR1,19.122719,72.856469,25
SHP_LINE7_DIR1,19.123093,72.856554,26
SHP_LINE7_DIR1,19.123505,72.856645,27
SHP_LINE7_DIR1,19.123628,72.856664,28
SHP_LINE7_DIR1,19.123822,72.856681,29
SHP_LINE7_DIR1,19.123976,72.856688,30
SHP_LINE7_DIR1,19.124151,72.856682,31
SHP_LINE7_DIR1,19.124271,72.856672,32
SHP_LINE7_DIR1,19.124395,72.856659,33
SHP_LINE7_DIR1,19.124635,72.856617,34
SHP_LINE7_DIR1,19.124804,72.856568,35
SHP_LINE7_DIR1,19.125001,72.856501,36
SHP_LINE7_DIR1,19.125141,72.856444,37
SHP_LINE7_DIR1,19.125301,72.856361,38
SHP_LINE7_DIR1,19.125501,72.856243,39
SHP_LINE7_DIR1,19.125734,72.856096,40
SHP_LINE7_DIR1,19.125991,72.855930,41
SHP_LINE7_DIR1,19.126183,72.855814,42
SHP_LINE7_DIR1,19.126335,72.855733,43
SHP_LINE7_DIR1,19.126502,72.855659,44
SHP_LINE7_DIR1,19.126650,72.855603,45
SHP_LINE7_DIR1,19.126796,72.855558,46
SHP_LINE7_DIR1,19.126978,72.855515,47
SHP_LINE7_DIR1,19.127104,72.855492,48
SHP_LINE7_DIR1,19.127234,72.855476,49
SHP_LINE7_DIR1,19.127406,72.855461,50
SHP_LINE7_DIR1,19.127679,72.855455,51
SHP_LINE7_DIR1,19.127959,72.855454,52
SHP_LINE7_DIR1,19.128293,72.855451,53
SHP_LINE7_DIR1,19.128677,72.855452,54
SHP_LINE7_DIR1,19.128834,72.855452,55
SHP_LINE7_DIR1,19.129110,72.855441,56
SHP_LINE7_DIR1,19.129460,72.855408,57
SHP_LINE7_DIR1,19.129998,72.855393,58
SHP_LINE7_DIR1,19.130358,72.855379,59
SHP_LINE7_DIR1,19.130582,72.855371,60
SHP_LINE7_DIR1,19.130889,72.855359,61
SHP_LINE7_DIR1,19.131040,72.855353,62
SHP_LINE7_DIR1,19.131309,72.855343,63
SHP_LINE7_DIR1,19.131497,72.855336,64
SHP_LINE7_DIR1,19.131606,72.855332,65
SHP_LINE7_DIR1,19.131911,72.855316,66
SHP_LINE7_DIR1,19.132135,72.855307,67
SHP_LINE7_DIR1,19.132404,72.855297,68
SHP_LINE7_DIR1,19.132817,72.855275,69
SHP_LINE7_DIR1,19.133178,72.855261,70
SHP_LINE7_DIR1,19.133548,72.855247,71
SHP_LINE7_DIR1,19.133967,72.855237,72
SHP_LINE7_DIR1,19.134220,72.855227,73
SHP_LINE7_DIR1,19.134717,72.855209,74
SHP_LINE7_DIR1,19.135163,72.855192,75
SHP_LINE7_DIR1,19.135591,72.855176,76
SHP_LINE7_DIR1,19.135902,72.855164,77
SHP_LINE7_DIR1,19.136462,72.855143,78
SHP_LINE7_DIR1,19.136652,72.855130,79
SHP_LINE7_DIR1,19.136930,72.855105,80
SHP_LINE7_DIR1,19.137210,72.855067,81
SHP_LINE7_DIR1,19.137504,72.855014,82
SHP_LINE7_DIR1,19.137730,72.854967,83
SHP_LINE7_DIR1,19.138008,72.854903,84
SHP_LINE7_DIR1,19.138236,72.854861,85
SHP_LINE7_DIR1,19.138527,72.854809,86
SHP_LINE7_DIR1,19.138738,72.854792,87
SHP_LINE7_DIR1,19.139169,72.854766,88
SHP_LINE7_DIR1,19.139417,72.854757,89
SHP_LINE7_DIR1,19.139974,72.854721,90
SHP_LINE7_DIR1,19.140553,72.854689,91
SHP_LINE7_DIR1,19.140646,72.854686,92
SHP_LINE7_DIR1,19.140980,72.854674,93
SHP_LINE7_DIR1,19.141146,72.854673,94
SHP_LINE7_DIR1,19.141269,72.854678,95
SHP_LINE7_DIR1,19.141440,72.854705,96
SHP_LINE7_DIR1,19.141596,72.854737,97
SHP_LINE7_DIR1,19.141722,72.854774,98
SHP_LINE7_DIR1,19.141932,72.854842,99
SHP_LINE7_DIR1,19.142209,72.854926,100
SHP_LINE7_DIR1,19.142847,72.855141,101
SHP_LINE7_DIR1,19.142928,72.855166,102
SHP_LINE7_DIR1,19.144070,72.855525,103
SHP_LINE7_DIR1,19.144426,72.855639,104
SHP_LINE7_DIR1,19.144789,72.855747,105
SHP_LINE7_DIR1,19.145010,72.855797,106
SHP_LINE7_DIR1,19.145173,72.855829,107
SHP_LINE7_DIR1,19.145434,72.855872,108
SHP_LINE7_DIR1,19.145701,72.855900,109
SHP_LINE7_DIR1,19.146100,72.855941,110
SHP_LINE7_DIR1,19.146566,72.855982,111
SHP_LINE7_DIR1,19.147018,72.856029,112
SHP_LINE7_DIR1,19.147507,72.856068,113
SHP_LINE7_DIR1,19.148093,72.856124,114
SHP_LINE7_DIR1,19.148664,72.856183,115
SHP_LINE7_DIR1,19.149104,72.856238,116
SHP_LINE7_DIR1,19.149554,72.856287,117
SHP_LINE7_DIR1,19.150007,72.856342,118
SHP_LINE7_DIR1,19.150509,72.856397,119
SHP_LINE7_DIR1,19.150958,72.856443,120
SHP_LINE7_DIR1,19.151405,72.856484,121
SHP_LINE7_DIR1,19.151911,72.856536,122
SHP_LINE7_DIR1,19.152442,72.856573,123
SHP_LINE7_DIR1,19.153002,72.856629,124
SHP_LINE7_DIR1,19.153216,72.856642,125
SHP_LINE7_DIR1,19.153589,72.856675,126
SHP_LINE7_DIR1,19.154075,72.856726,127
SHP_LINE7_DIR1,19.154660,72.856806,128
SHP_LINE7_DIR1,19.155245,72.856898,129
SHP_LINE7_DIR1,19.155688,72.856970,130
SHP_LINE7_DIR1,19.156206,72.857044,131
SHP_LINE7_DIR1,19.156719,72.857111,132
SHP_LINE7_DIR1,19.157286,72.857195,133
SHP_LINE7_DIR1,19.157858,72.857279,134
SHP_LINE7_DIR1,19.158378,72.857360,135
SHP_LINE7_DIR1,19.159098,72.857471,136
SHP_LINE7_DIR1,19.159821,72.857584,137
SHP_LINE7_DIR1,19.160290,72.857655,138
SHP_LINE7_DIR1,19.160664,72.857705,139
SHP_LINE7_DIR1,19.161169,72.857764,140
SHP_LINE7_DIR1,19.161683,72.857831,141
SHP_LINE7_DIR1,19.162226,72.857903,142
SHP_LINE7_DIR1,19.162684,72.857957,143
SHP_LINE7_DIR1,19.163446,72.858066,144
SHP_LINE7_DIR1,19.164122,72.858151,145
SHP_LINE7_DIR1,19.164901,72.858260,146
SHP_LINE7_DIR1,19.165654,72.858349,147
SHP_LINE7_DIR1,19.166223,72.858434,148
SHP_LINE7_DIR1,19.166826,72.858495,149
SHP_LINE7_DIR1,19.167303,72.858549,150
SHP_LINE7_DIR1,19.167972,72.858612,151
SHP_LINE7_DIR1,19.168621,72.858694,152
SHP_LINE7_DIR1,19.169506,72.858801,153
SHP_LINE7_DIR1,19.170281,72.858893,154
SHP_LINE7_DIR1,19.171073,72.858984,155
SHP_LINE7_DIR1,19.171673,72.859055,156
SHP_LINE7_DIR1,19.172084,72.859092,157
SHP_LINE7_DIR1,19.172573,72.859142,158
SHP_LINE7_DIR1,19.172788,72.859164,159
SHP_LINE7_DIR1,19.172918,72.859174,160
SHP_LINE7_DIR1,19.173060,72.859193,161
SHP_LINE7_DIR1,19.173266,72.859207,162
SHP_LINE7_DIR1,19.173461,72.859235,163
SHP_LINE7_DIR1,19.173715,72.859267,164
SHP_LINE7_DIR1,19.173993,72.859291,165
SHP_LINE7_DIR1,19.174163,72.859308,166
SHP_LINE7_DIR1,19.174348,72.859316,167
SHP_LINE7_DIR1,19.174505,72.859315,168
SHP_LINE7_DIR1,19.174709,72.859300,169
SHP_LINE7_DIR1,19.174842,72.859293,170
SHP_LINE7_DIR1,19.174987,72.859277,171
SHP_LINE7_DIR1,19.175260,72.859231,172
SHP_LINE7_DIR1,19.175455,72.859188,173
SHP_LINE7_DIR1,19.175633,72.859141,174
SHP_LINE7_DIR1,19.175885,72.859061,175
SHP_LINE7_DIR1,19.176149,72.858972,176
SHP_LINE7_DIR1,19.176455,72.858869,177
SHP_LINE7_DIR1,19.176673,72.858791,178
SHP_LINE7_DIR1,19.176908,72.858712,179
SHP_LINE7_DIR1,19.177201,72.858614,180
SHP_LINE7_DIR1,19.177495,72.858516,181
SHP_LINE7_DIR1,19.177681,72.858458,182
SHP_LINE7_DIR1,19.177884,72.858408,183
SHP_LINE7_DIR1,19.178177,72.858357,184
SHP_LINE7_DIR1,19.178377,72.858335,185
SHP_LINE7_DIR1,19.178654,72.858321,186
SHP_LINE7_DIR1,19.178930,72.858309,187
SHP_LINE7_DIR1,19.179215,72.858306,188
SHP_LINE7_DIR1,19.179542,72.858302,189
SHP_LINE7_DIR1,19.179720,72.858300,190
SHP_LINE7_DIR1,19.179898,72.858298,191
SHP_LINE7_DIR1,19.180203,72.858293,192
SHP_LINE7_DIR1,19.180567,72.858274,193
SHP_LINE7_DIR1,19.180860,72.858269,194
SHP_LINE7_DIR1,19.181074,72.858278,195
SHP_LINE7_DIR1,19.181385,72.858296,196
SHP_LINE7_DIR1,19.181736,72.858324,197
SHP_LINE7_DIR1,19.182010,72.858346,198
SHP_LINE7_DIR1,19.182290,72.858349,199
SHP_LINE7_DIR1,19.182495,72.858350,200
SHP_LINE7_DIR1,19.182741,72.858351,201
SHP_LINE7_DIR1,19.183002,72.858360,202
SHP_LINE7_DIR1,19.183323,72.858364,203
SHP_LINE7_DIR1,19.183659,72.858367,204
SHP_LINE7_DIR1,19.184010,72.858371,205
SHP_LINE7_DIR1,19.184180,72.858375,206
SHP_LINE7_DIR1,19.184333,72.858391,207
SHP_LINE7_DIR1,19.184660,72.858424,208
SHP_LINE7_DIR1,19.184998,72.858466,209
SHP_LINE7_DIR1,19.185286,72.858496,210
SHP_LINE7_DIR1,19.185471,72.858510,211
SHP_LINE7_DIR1,19.185777,72.858515,212
SHP_LINE7_DIR1,19.186107,72.858513,213
SHP_LINE7_DIR1,19.186359,72.858509,214
SHP_LINE7_DIR1,19.186716,72.858511,215
SHP_LINE7_DIR1,19.187264,72.858512,216
SHP_LINE7_DIR1,19.187975,72.858512,217
SHP_LINE7_DIR1,19.188428,72.858501,218
SHP_LINE7_DIR1,19.188702,72.858492,219
SHP_LINE7_DIR1,19.188910,72.858482,220
SHP_LINE7_DIR1,19.189051,72.858465,221
SHP_LINE7_DIR1,19.189201,72.858441,222
SHP_LINE7_DIR1,19.189460,72.858391,223
SHP_LINE7_DIR1,19.189621,72.858352,224
SHP_LINE7_DIR1,19.189847,72.858315,225
SHP_LINE7_DIR1,19.190132,72.858284,226
SHP_LINE7_DIR1,19.190391,72.858276,227
SHP_LINE7_DIR1,19.190643,72.858273,228
SHP_LINE7_DIR1,19.190894,72.858267,229
SHP_LINE7_DIR1,19.191079,72.858270,230
SHP_LINE7_DIR1,19.191249,72.858280,231
SHP_LINE7_DIR1,19.191364,72.858300,232
SHP_LINE7_DIR1,19.191507,72.858330,233
SHP_LINE7_DIR1,19.191611,72.858357,234
SHP_LINE7_DIR1,19.191736,72.858403,235
SHP_LINE7_DIR1,19.191845,72.858450,236
SHP_LINE7_DIR1,19.191968,72.858510,237
SHP_LINE7_DIR1,19.192083,72.858576,238
SHP_LINE7_DIR1,19.192215,72.858655,239
SHP_LINE7_DIR1,19.192436,72.858790,240
SHP_LINE7_DIR1,19.192712,72.858958,241
SHP_LINE7_DIR1,19.192981,72.859123,242
SHP_LINE7_DIR1,19.193279,72.859309,243
SHP_LINE7_DIR1,19.193443,72.859401,244
SHP_LINE7_DIR1,19.193590,72.859480,245
SHP_LINE7_DIR1,19.193733,72.859552,246
SHP_LINE7_DIR1,19.194513,72.859845,247
SHP_LINE7_DIR1,19.194913,72.859945,248
SHP_LINE7_DIR1,19.195500,72.860072,249
SHP_LINE7_DIR1,19.195820,72.860145,250
SHP_LINE7_DIR1,19.196130,72.860219,251
SHP_LINE7_DIR1,19.196476,72.860301,252
SHP_LINE7_DIR1,19.196847,72.860385,253
SHP_LINE7_DIR1,19.197222,72.860462,254
SHP_LINE7_DIR1,19.197521,72.860513,255
SHP_LINE7_DIR1,19.197896,72.860602,256
SHP_LINE7_DIR1,19.198115,72.860646,257
SHP_LINE7_DIR1,19.198333,72.860691,258
SHP_LINE7_DIR1,19.199044,72.860828,259
SHP_LINE7_DIR1,19.199343,72.860878,260
SHP_LINE7_DIR1,19.199593,72.860930,261
SHP_LINE7_DIR1,19.199843,72.860994,262
SHP_LINE7_DIR1,19.200027,72.861054,263
SHP_LINE7_DIR1,19.200236,72.861128,264
SHP_LINE7_DIR1,19.200571,72.861254,265
SHP_LINE7_DIR1,19.200930,72.861386,266
SHP_LINE7_DIR1,19.201261,72.861511,267
SHP_LINE7_DIR1,19.201540,72.861638,268
SHP_LINE7_DIR1,19.201796,72.861778,269
SHP_LINE7_DIR1,19.202114,72.861974,270
SHP_LINE7_DIR1,19.202424,72.862168,271
SHP_LINE7_DIR1,19.202741,72.862374,272
SHP_LINE7_DIR1,19.202888,72.862485,273
SHP_LINE7_DIR1,19.203035,72.862613,274
SHP_LINE7_DIR1,19.203319,72.862887,275
SHP_LINE7_DIR1,19.203615,72.863177,276
SHP_LINE7_DIR1,19.203938,72.863499,277
SHP_LINE7_DIR1,19.204255,72.863809,278
SHP_LINE7_DIR1,19.204651,72.864191,279
SHP_LINE7_DIR1,19.205005,72.864539,280
SHP_LINE7_DIR1,19.205214,72.864736,281
SHP_LINE7_DIR1,19.205480,72.864991,282
SHP_LINE7_DIR1,19.205802,72.865299,283
SHP_LINE7_DIR1,19.206125,72.865607,284
SHP_LINE7_DIR1,19.206374,72.865849,285
SHP_LINE7_DIR1,19.206800,72.866280,286
SHP_LINE7_DIR1,19.207042,72.866527,287
SHP_LINE7_DIR1,19.207424,72.866877,288
SHP_LINE7_DIR1,19.207555,72.866984,289
SHP_LINE7_DIR1,19.207752,72.867137,290
SHP_LINE7_DIR1,19.208026,72.867333,291
SHP_LINE7_DIR1,19.208366,72.867561,292
SHP_LINE7_DIR1,19.208669,72.867742,293
SHP_LINE7_DIR1,19.208982,72.867900,294
SHP_LINE7_DIR1,19.209302,72.868032,295
SHP_LINE7_DIR1,19.209607,72.868140,296
SHP_LINE7_DIR1,19.209819,72.868197,297
SHP_LINE7_DIR1,19.210012,72.868240,298
SHP_LINE7_DIR1,19.210205,72.868273,299
SHP_LINE7_DIR1,19.210453,72.868308,300
SHP_LINE7_DIR1,19.210646,72.868328,301
SHP_LINE7_DIR1,19.210880,72.868340,302
SHP_LINE7_DIR1,19.211139,72.868349,303
SHP_LINE7_DIR1,19.211352,72.868353,304
SHP_LINE7_DIR1,19.211645,72.868348,305
SHP_LINE7_DIR1,19.211831,72.868342,306
SHP_LINE7_DIR1,19.212052,72.868323,307
SHP_LINE7_DIR1,19.212271,72.868293,308
SHP_LINE7_DIR1,19.212440,72.868266,309
SHP_LINE7_DIR1,19.212736,72.868206,310
SHP_LINE7_DIR1,19.212953,72.868151,311
SHP_LINE7_DIR1,19.213221,72.868069,312
SHP_LINE7_DIR1,19.213474,72.867990,313
SHP_LINE7_DIR1,19.213797,72.867879,314
SHP_LINE7_DIR1,19.214103,72.867774,315
SHP_LINE7_DIR1,19.214408,72.867672,316
SHP_LINE7_DIR1,19.214663,72.867586,317
SHP_LINE7_DIR1,19.214962,72.867489,318
SHP_LINE7_DIR1,19.215602,72.867283,319
SHP_LINE7_DIR1,19.216019,72.867141,320
SHP_LINE7_DIR1,19.216261,72.867058,321
SHP_LINE7_DIR1,19.216488,72.866977,322
SHP_LINE7_DIR1,19.216846,72.866859,323
SHP_LINE7_DIR1,19.217203,72.866728,324
SHP_LINE7_DIR1,19.217642,72.866588,325
SHP_LINE7_DIR1,19.218145,72.866399,326
SHP_LINE7_DIR1,19.218398,72.866303,327
SHP_LINE7_DIR1,19.218669,72.866187,328
SHP_LINE7_DIR1,19.219184,72.865986,329
SHP_LINE7_DIR1,19.219619,72.865835,330
SHP_LINE7_DIR1,19.219844,72.865756,331
SHP_LINE7_DIR1,19.220143,72.865654,332
SHP_LINE7_DIR1,19.220481,72.865542,333
SHP_LINE7_DIR1,19.220761,72.865444,334
SHP_LINE7_DIR1,19.221056,72.865348,335
SHP_LINE7_DIR1,19.221294,72.865266,336
SHP_LINE7_DIR1,19.221550,72.865178,337
SHP_LINE7_DIR1,19.221855,72.865069,338
SHP_LINE7_DIR1,19.222119,72.864969,339
SHP_LINE7_DIR1,19.222460,72.864852,340
SHP_LINE7_DIR1,19.222870,72.864718,341
SHP_LINE7_DIR1,19.223184,72.864616,342
SHP_LINE7_DIR1,19.223527,72.864504,343
SHP_LINE7_DIR1,19.223892,72.864372,344
SHP_LINE7_DIR1,19.224332,72.864220,345
SHP_LINE7_DIR1,19.224531,72.864152,346
SHP_LINE7_DIR1,19.225143,72.863942,347
SHP_LINE7_DIR1,19.225531,72.863802,348
SHP_LINE7_DIR1,19.225924,72.863661,349
SHP_LINE7_DIR1,19.226336,72.863512,350
SHP_LINE7_DIR1,19.226584,72.863430,351
SHP_LINE7_DIR1,19.226926,72.863336,352
SHP_LINE7_DIR1,19.227176,72.863288,353
SHP_LINE7_DIR1,19.227313,72.863264,354
SHP_LINE7_DIR1,19.227518,72.863241,355
SHP_LINE7_DIR1,19.227631,72.863229,356
SHP_LINE7_DIR1,19.227761,72.863223,357
SHP_LINE7_DIR1,19.227954,72.863216,358
SHP_LINE7_DIR1,19.228175,72.863212,359
SHP_LINE7_DIR1,19.228394,72.863210,360
SHP_LINE7_DIR1,19.228628,72.863207,361
SHP_LINE7_DIR1,19.228851,72.863206,362
SHP_LINE7_DIR1,19.229062,72.863206,363
SHP_LINE7_DIR1,19.229345,72.863203,364
SHP_LINE7_DIR1,19.229544,72.863202,365
SHP_LINE7_DIR1,19.229746,72.863201,366
SHP_LINE7_DIR1,19.229936,72.863197,367
SHP_LINE7_DIR1,19.230364,72.863189,368
SHP_LINE7_DIR1,19.230583,72.863188,369
SHP_LINE7_DIR1,19.230821,72.863186,370
SHP_LINE7_DIR1,19.231034,72.863185,371
SHP_LINE7_DIR1,19.231249,72.863184,372
SHP_LINE7_DIR1,19.231479,72.863185,373
SHP_LINE7_DIR1,19.231940,72.863191,374
SHP_LINE7_DIR1,19.232156,72.863194,375
SHP_LINE7_DIR1,19.232518,72.863191,376
SHP_LINE7_DIR1,19.232780,72.863189,377
SHP_LINE7_DIR1,19.233006,72.863187,378
SHP_LINE7_DIR1,19.233236,72.863184,379
SHP_LINE7_DIR1,19.233466,72.863179,380
SHP_LINE7_DIR1,19.233703,72.863174,381
SHP_LINE7_DIR1,19.233910,72.863171,382
SHP_LINE7_DIR1,19.234373,72.863169,383
SHP_LINE7_DIR1,19.234671,72.863161,384
SHP_LINE7_DIR1,19.235141,72.863154,385
SHP_LINE7_DIR1,19.235600,72.863139,386
SHP_LINE7_DIR1,19.235829,72.863138,387
SHP_LINE7_DIR1,19.236129,72.863148,388
SHP_LINE7_DIR1,19.236336,72.863167,389
SHP_LINE7_DIR1,19.236730,72.863224,390
SHP_LINE7_DIR1,19.236974,72.863267,391
SHP_LINE7_DIR1,19.237273,72.863318,392
SHP_LINE7_DIR1,19.237425,72.863346,393
SHP_LINE7_DIR1,19.237665,72.863379,394
SHP_LINE7_DIR1,19.237885,72.863410,395
SHP_LINE7_DIR1,19.238126,72.863446,396
SHP_LINE7_DIR1,19.238426,72.863487,397
SHP_LINE7_DIR1,19.238618,72.863517,398
SHP_LINE7_DIR1,19.238900,72.863565,399
SHP_LINE7_DIR1,19.239083,72.863596,400
SHP_LINE7_DIR1,19.239308,72.863633,401
SHP_LINE7_DIR1,19.239563,72.863673,402
SHP_LINE7_DIR1,19.239768,72.863707,403
SHP_LINE7_DIR1,19.240169,72.863774,404
SHP_LINE7_DIR1,19.240606,72.863848,405
SHP_LINE7_DIR1,19.240800,72.863885,406
SHP_LINE7_DIR1,19.241121,72.863936,407
SHP_LINE7_DIR1,19.241274,72.863953,408
SHP_LINE7_DIR1,19.241479,72.863982,409
SHP_LINE7_DIR1,19.242072,72.864037,410
SHP_LINE7_DIR1,19.242474,72.864092,411
SHP_LINE7_DIR1,19.243411,72.864248,412
SHP_LINE7_DIR1,19.245428,72.864585,413
SHP_LINE7_DIR1,19.246555,72.864787,414
SHP_LINE7_DIR1,19.247427,72.864921,415
SHP_LINE7_DIR1,19.247966,72.865089,416
SHP_LINE7_DIR1,19.248506,72.865375,417
SHP_LINE7_DIR1,19.249156,72.865728,418
SHP_LINE7_DIR1,19.249981,72.866232,419
SHP_LINE7_DIR1,19.251263,72.867119,420
SHP_LINE7_DIR1,19.251263,72.867119,421
SHP_LINE7_DIR1,19.252627,72.868092,422
SHP_LINE7_DIR1,19.252919,72.868298,423
SHP_LINE7_DIR1,19.253200,72.868496,424
SHP_LINE7_DIR1,19.253532,72.868730,425
SHP_LINE7_DIR1,19.253729,72.868870,426
SHP_LINE7_DIR1,19.253813,72.868920,427
SHP_LINE7_DIR1,19.256092,72.870654,428
SHP_LINE7_DIR1,19.256644,72.871074,429
SHP_LINE7_DIR1,19.256977,72.871278,430
SHP_LINE7_DIR1,19.257310,72.871481,431
SHP_LINE7_DIR1,19.257687,72.871632,432
SHP_LINE7_DIR1,19.258561,72.872009,433
SHP_LINE7_DIR1,19.259503,72.872414,434
SHP_LINE7_DIR1,19.259826,72.872550,435
SHP_LINE7_DIR1,19.260424,72.872801,436
SHP_LINE7_DIR1,19.261316,72.873173,437
SHP_LINE7_DIR1,19.262317,72.873585,438
SHP_LINE7_DIR1,19.262790,72.873759,439
SHP_LINE7_DIR1,19.263004,72.873868,440
SHP_LINE7_DIR1,19.263198,72.873966,441
SHP_LINE7_DIR1,19.263822,72.874331,442
SHP_LINE7_DIR1,19.264172,72.874565,443
SHP_LINE7_DIR1,19.264655,72.874969,444
SHP_LINE7_DIR1,19.265451,72.875595,445
SHP_LINE7_DIR1,19.266308,72.876261,446
SHP_LINE7_DIR1,19.266994,72.876800,447
SHP_LINE7_DIR1,19.267221,72.876976,448
SHP_LINE7_DIR1,19.267634,72.877251,449
SHP_LINE7_DIR1,19.268215,72.877621,450
SHP_LINE7_DIR1,19.268763,72.878030,451
SHP_LINE7_DIR1,19.269198,72.878369,452
SHP_LINE7_DIR1,19.269361,72.878514,453
SHP_LINE7_DIR1,19.269551,72.878717,454
SHP_LINE7_DIR1,19.269759,72.878962,455
SHP_LINE7_DIR1,19.270016,72.879321,456
SHP_LINE7_DIR1,19.270300,72.879719,457
SHP_LINE7_DIR1,19.270614,72.880158,458
SHP_LINE7_DIR1,19.271156,72.880915,459
SHP_LINE7_DIR1,19.271592,72.881590,460
SHP_LINE7_DIR1,19.272239,72.882514,461
SHP_LINE7_DIR1,19.272284,72.882579,462
SHP_LINE7_DIR1,19.272337,72.882646,463
SHP_LINE7_DIR1,19.272376,72.882666,464
SHP_LINE7_DIR1,19.272435,72.882669,465
SHP_LINE7_DIR1,19.272624,72.882651,466
SHP_LINE7_DIR1,19.272891,72.882580,467
SHP_LINE7_DIR1,19.273401,72.882357,468
SHP_LINE7_DIR1,19.273719,72.882211,469
SHP_LINE7_DIR1,19.273932,72.882118,470
SHP_LINE7_DIR1,19.274184,72.882043,471
SHP_LINE7_DIR1,19.274430,72.882007,472
SHP_LINE7_DIR1,19.274941,72.881962,473
SHP_LINE7_DIR1,19.275527,72.881898,474
SHP_LINE7_DIR1,19.275915,72.881857,475
SHP_LINE7_DIR1,19.276073,72.881826,476
SHP_LINE7_DIR1,19.276252,72.881765,477
SHP_LINE7_DIR1,19.276402,72.881676,478
SHP_LINE7_DIR1,19.276629,72.881506,479
SHP_LINE7_DIR1,19.276923,72.881164,480
SHP_LINE7_DIR1,19.277251,72.880831,481
SHP_LINE7_DIR1,19.277465,72.880529,482
SHP_LINE7_DIR1,19.277672,72.880234,483
SHP_LINE7_DIR1,19.277714,72.880177,484
SHP_LINE7_DIR1,19.277693,72.880160,485
SHP_LINE2B_DIR0,19.053934,72.892644,1
SHP_LINE2B_DIR0,19.054093,72.892654,2
SHP_LINE2B_DIR0,19.054093,72.892663,3
SHP_LINE2B_DIR0,19.054075,72.892996,4
SHP_LINE2B_DIR0,19.054067,72.893458,5
SHP_LINE2B_DIR0,19.054063,72.894485,6
SHP_LINE2B_DIR0,19.054045,72.894640,7
SHP_LINE2B_DIR0,19.053997,72.895060,8
SHP_LINE2B_DIR0,19.053943,72.895354,9
SHP_LINE2B_DIR0,19.053828,72.895835,10
SHP_LINE2B_DIR0,19.053719,72.896199,11
SHP_LINE2B_DIR0,19.053587,72.896615,12
SHP_LINE2B_DIR0,19.053369,72.897237,13
SHP_LINE2B_DIR0,19.052608,72.899409,14
SHP_LINE2B_DIR0,19.052192,72.900642,15
SHP_LINE2B_DIR0,19.051833,72.901766,16
SHP_LINE2B_DIR0,19.051731,72.902051,17
SHP_LINE2B_DIR0,19.051550,72.902556,18
SHP_LINE2B_DIR0,19.051356,72.903069,19
SHP_LINE2B_DIR0,19.051189,72.903508,20
SHP_LINE2B_DIR0,19.051061,72.903755,21
SHP_LINE2B_DIR0,19.050912,72.903994,22
SHP_LINE2B_DIR0,19.050706,72.904264,23
SHP_LINE2B_DIR0,19.050390,72.904601,24
SHP_LINE2B_DIR0,19.049977,72.905027,25
SHP_LINE2B_DIR0,19.049636,72.905382,26
SHP_LINE2B_DIR0,19.049325,72.905676,27
SHP_LINE2B_DIR0,19.048895,72.906092,28
SHP_LINE2B_DIR0,19.048340,72.906641,29
SHP_LINE2B_DIR0,19.048021,72.906964,30
SHP_LINE2B_DIR0,19.047840,72.907152,31
SHP_LINE2B_DIR0,19.047569,72.907436,32
SHP_LINE2B_DIR0,19.047215,72.907806,33
SHP_LINE2B_DIR0,19.046890,72.908135,34
SHP_LINE2B_DIR0,19.046641,72.908415,35
SHP_LINE2B_DIR0,19.046440,72.908694,36
SHP_LINE2B_DIR0,19.046234,72.909024,37
SHP_LINE2B_DIR0,19.046038,72.909442,38
SHP_LINE2B_DIR0,19.045869,72.909985,39
SHP_LINE2B_DIR0,19.045787,72.910423,40
SHP_LINE2B_DIR0,19.045757,72.910625,41
SHP_LINE2B_DIR0,19.045736,72.910844,42
SHP_LINE2B_DIR0,19.045716,72.911212,43
SHP_LINE2B_DIR0,19.045678,72.912004,44
SHP_LINE2B_DIR0,19.045653,72.912736,45
SHP_LINE2B_DIR0,19.045627,72.913288,46
SHP_LINE2B_DIR0,19.045605,72.913760,47
SHP_LINE2B_DIR0,19.045580,72.914135,48
SHP_LINE2B_DIR0,19.045546,72.914427,49
SHP_LINE2B_DIR0,19.045463,72.914892,50
SHP_LINE2B_DIR0,19.045354,72.915494,51
SHP_LINE2B_DIR0,19.045286,72.915923,52
SHP_LINE2B_DIR0,19.045145,72.916569,53
SHP_LINE2B_DIR0,19.045048,72.916947,54
SHP_LINE2B_DIR0,19.044938,72.917307,55
SHP_LINE2B_DIR0,19.044823,72.917664,56
SHP_LINE2B_DIR0,19.044763,72.917850,57
SHP_LINE2B_DIR0,19.044588,72.918400,58
SHP_LINE2B_DIR0,19.044459,72.918836,59
SHP_LINE2B_DIR0,19.044297,72.919439,60
SHP_LINE2B_DIR0,19.044186,72.919782,61
SHP_LINE2B_DIR0,19.044077,72.920070,62
SHP_LINE2B_DIR0,19.043964,72.920355,63
SHP_LINE2B_DIR0,19.043776,72.920871,64
SHP_LINE2B_DIR0,19.043641,72.921335,65
SHP_LINE2B_DIR0,19.043491,72.921918,66
SHP_LINE2B_DIR0,19.043334,72.922517,67
SHP_LINE2B_DIR0,19.043280,72.923089,68
SHP_LINE2B_DIR0,19.043313,72.923304,69
SHP_LINE2B_DIR0,19.043341,72.923423,70
SHP_LINE2B_DIR0,19.043424,72.923603,71
SHP_LINE2B_DIR0,19.043496,72.923720,72
SHP_LINE2B_DIR0,19.043589,72.923846,73
SHP_LINE2B_DIR0,19.043749,72.924043,74
SHP_LINE2B_DIR0,19.043944,72.924267,75
SHP_LINE2B_DIR0,19.044153,72.924512,76
SHP_LINE2B_DIR0,19.044489,72.924911,77
SHP_LINE2B_DIR0,19.044687,72.925143,78
SHP_LINE2B_DIR0,19.044949,72.925459,79
SHP_LINE2B_DIR0,19.045132,72.925668,80
SHP_LINE2B_DIR0,19.045487,72.926090,81
SHP_LINE2B_DIR0,19.045686,72.926317,82
SHP_LINE2B_DIR0,19.045832,72.926484,83
SHP_LINE2B_DIR0,19.046026,72.926666,84
SHP_LINE2B_DIR0,19.046264,72.926872,85
SHP_LINE2B_DIR0,19.046511,72.927075,86
SHP_LINE2B_DIR0,19.046786,72.927332,87
SHP_LINE2B_DIR0,19.046958,72.927517,88
SHP_LINE2B_DIR0,19.047261,72.927860,89
SHP_LINE2B_DIR0,19.047724,72.928391,90
SHP_LINE2B_DIR0,19.048097,72.928847,91
SHP_LINE2B_DIR0,19.048365,72.929204,92
SHP_LINE2B_DIR0,19.048546,72.929532,93
SHP_LINE2B_DIR0,19.048666,72.929783,94
SHP_LINE2B_DIR0,19.048753,72.930025,95
SHP_LINE2B_DIR0,19.049061,72.930886,96
SHP_LINE2B_DIR0,19.049410,72.931898,97
SHP_LINE2B_DIR0,19.049637,72.932589,98
SHP_LINE2B_DIR0,19.049818,72.933084,99
SHP_LINE2B_DIR0,19.050055,72.933725,100
SHP_LINE2B_DIR0,19.050436,72.934797,101
SHP_LINE2B_DIR0,19.050748,72.935746,102
SHP_LINE2B_DIR0,19.050912,72.936223,103
SHP_LINE2B_DIR0,19.051001,72.936504,104
SHP_LINE2B_DIR0,19.051010,72.936628,105
SHP_LINE2B_DIR0,19.051005,72.936739,106
SHP_LINE2B_DIR0,19.050998,72.936799,107
SHP_LINE2B_DIR0,19.050993,72.936818,108
SHP_LINE2B_DIR0,19.050989,72.936838,109
SHP_LINE2B_DIR0,19.050973,72.936883,110
SHP_LINE2B_DIR0,19.050960,72.936910,111
SHP_LINE2B_DIR0,19.050921,72.936970,112
SHP_LINE2B_DIR0,19.050882,72.937023,113
SHP_LINE2B_DIR0,19.050757,72.937160,114
SHP_LINE2B_DIR0,19.050578,72.937329,115
SHP_LINE2B_DIR0,19.050541,72.937365,116
SHP_LINE2B_DIR0,19.050336,72.937607,117
SHP_LINE2B_DIR0,19.050304,72.937646,118
SHP_LINE2B_DIR0,19.050169,72.937843,119
SHP_LINE2B_DIR0,19.050103,72.937937,120
SHP_LINE2B_DIR0,19.049874,72.938284,121
SHP_LINE2B_DIR0,19.049705,72.938526,122
SHP_LINE2B_DIR0,19.049331,72.938957,123
SHP_LINE2B_DIR0,19.049297,72.938996,124
SHP_LINE2B_DIR0,19.049090,72.938795,125
SHP_LINE2B_DIR1,19.049090,72.938795,1
SHP_LINE2B_DIR1,19.049297,72.938996,2
SHP_LINE2B_DIR1,19.049331,72.938957,3
SHP_LINE2B_DIR1,19.049705,72.938526,4
SHP_LINE2B_DIR1,19.049874,72.938284,5
SHP_LINE2B_DIR1,19.050103,72.937937,6
SHP_LINE2B_DIR1,19.050169,72.937843,7
SHP_LINE2B_DIR1,19.050304,72.937646,8
SHP_LINE2B_DIR1,19.050336,72.937607,9
SHP_LINE2B_DIR1,19.050541,72.937365,10
SHP_LINE2B_DIR1,19.050578,72.937329,11
SHP_LINE2B_DIR1,19.050757,72.937160,12
SHP_LINE2B_DIR1,19.050882,72.937023,13
SHP_LINE2B_DIR1,19.050921,72.936970,14
SHP_LINE2B_DIR1,19.050960,72.936910,15
SHP_LINE2B_DIR1,19.050973,72.936883,16
SHP_LINE2B_DIR1,19.050989,72.936838,17
SHP_LINE2B_DIR1,19.050993,72.936818,18
SHP_LINE2B_DIR1,19.050998,72.936799,19
SHP_LINE2B_DIR1,19.051005,72.936739,20
SHP_LINE2B_DIR1,19.051010,72.936628,21
SHP_LINE2B_DIR1,19.051001,72.936504,22
SHP_LINE2B_DIR1,19.050912,72.936223,23
SHP_LINE2B_DIR1,19.050748,72.935746,24
SHP_LINE2B_DIR1,19.050436,72.934797,25
SHP_LINE2B_DIR1,19.050055,72.933725,26
SHP_LINE2B_DIR1,19.049818,72.933084,27
SHP_LINE2B_DIR1,19.049637,72.932589,28
SHP_LINE2B_DIR1,19.049410,72.931898,29
SHP_LINE2B_DIR1,19.049061,72.930886,30
SHP_LINE2B_DIR1,19.048753,72.930025,31
SHP_LINE2B_DIR1,19.048666,72.929783,32
SHP_LINE2B_DIR1,19.048546,72.929532,33
SHP_LINE2B_DIR1,19.048365,72.929204,34
SHP_LINE2B_DIR1,19.048097,72.928847,35
SHP_LINE2B_DIR1,19.047724,72.928391,36
SHP_LINE2B_DIR1,19.047261,72.927860,37
SHP_LINE2B_DIR1,19.046958,72.927517,38
SHP_LINE2B_DIR1,19.046786,72.927332,39
SHP_LINE2B_DIR1,19.046511,72.927075,40
SHP_LINE2B_DIR1,19.046264,72.926872,41
SHP_LINE2B_DIR1,19.046026,72.926666,42
SHP_LINE2B_DIR1,19.045832,72.926484,43
SHP_LINE2B_DIR1,19.045686,72.926317,44
SHP_LINE2B_DIR1,19.045487,72.926090,45
SHP_LINE2B_DIR1,19.045132,72.925668,46
SHP_LINE2B_DIR1,19.044949,72.925459,47
SHP_LINE2B_DIR1,19.044687,72.925143,48
SHP_LINE2B_DIR1,19.044489,72.924911,49
SHP_LINE2B_DIR1,19.044153,72.924512,50
SHP_LINE2B_DIR1,19.043944,72.924267,51
SHP_LINE2B_DIR1,19.043749,72.924043,52
SHP_LINE2B_DIR1,19.043589,72.923846,53
SHP_LINE2B_DIR1,19.043496,72.923720,54
SHP_LINE2B_DIR1,19.043424,72.923603,55
SHP_LINE2B_DIR1,19.043341,72.923423,56
SHP_LINE2B_DIR1,19.043313,72.923304,57
SHP_LINE2B_DIR1,19.043280,72.923089,58
SHP_LINE2B_DIR1,19.043334,72.922517,59
SHP_LINE2B_DIR1,19.043491,72.921918,60
SHP_LINE2B_DIR1,19.043641,72.921335,61
SHP_LINE2B_DIR1,19.043776,72.920871,62
SHP_LINE2B_DIR1,19.043964,72.920355,63
SHP_LINE2B_DIR1,19.044077,72.920070,64
SHP_LINE2B_DIR1,19.044186,72.919782,65
SHP_LINE2B_DIR1,19.044297,72.919439,66
SHP_LINE2B_DIR1,19.044459,72.918836,67
SHP_LINE2B_DIR1,19.044588,72.918400,68
SHP_LINE2B_DIR1,19.044763,72.917850,69
SHP_LINE2B_DIR1,19.044823,72.917664,70
SHP_LINE2B_DIR1,19.044938,72.917307,71
SHP_LINE2B_DIR1,19.045048,72.916947,72
SHP_LINE2B_DIR1,19.045145,72.916569,73
SHP_LINE2B_DIR1,19.045286,72.915923,74
SHP_LINE2B_DIR1,19.045354,72.915494,75
SHP_LINE2B_DIR1,19.045463,72.914892,76
SHP_LINE2B_DIR1,19.045546,72.914427,77
SHP_LINE2B_DIR1,19.045580,72.914135,78
SHP_LINE2B_DIR1,19.045605,72.913760,79
SHP_LINE2B_DIR1,19.045627,72.913288,80
SHP_LINE2B_DIR1,19.045653,72.912736,81
SHP_LINE2B_DIR1,19.045678,72.912004,82
SHP_LINE2B_DIR1,19.045716,72.911212,83
SHP_LINE2B_DIR1,19.045736,72.910844,84
SHP_LINE2B_DIR1,19.045757,72.910625,85
SHP_LINE2B_DIR1,19.045787,72.910423,86
SHP_LINE2B_DIR1,19.045869,72.909985,87
SHP_LINE2B_DIR1,19.046038,72.909442,88
SHP_LINE2B_DIR1,19.046234,72.909024,89
SHP_LINE2B_DIR1,19.046440,72.908694,90
SHP_LINE2B_DIR1,19.046641,72.908415,91
SHP_LINE2B_DIR1,19.046890,72.908135,92
SHP_LINE2B_DIR1,19.047215,72.907806,93
SHP_LINE2B_DIR1,19.047569,72.907436,94
SHP_LINE2B_DIR1,19.047840,72.907152,95
SHP_LINE2B_DIR1,19.048021,72.906964,96
SHP_LINE2B_DIR1,19.048340,72.906641,97
SHP_LINE2B_DIR1,19.048895,72.906092,98
SHP_LINE2B_DIR1,19.049325,72.905676,99
SHP_LINE2B_DIR1,19.049636,72.905382,100
SHP_LINE2B_DIR1,19.049977,72.905027,101
SHP_LINE2B_DIR1,19.050390,72.904601,102
SHP_LINE2B_DIR1,19.050706,72.904264,103
SHP_LINE2B_DIR1,19.050912,72.903994,104
SHP_LINE2B_DIR1,19.051061,72.903755,105
SHP_LINE2B_DIR1,19.051189,72.903508,106
SHP_LINE2B_DIR1,19.051356,72.903069,107
SHP_LINE2B_DIR1,19.051550,72.902556,108
SHP_LINE2B_DIR1,19.051731,72.902051,109
SHP_LINE2B_DIR1,19.051833,72.901766,110
SHP_LINE2B_DIR1,19.052192,72.900642,111
SHP_LINE2B_DIR1,19.052608,72.899409,112
SHP_LINE2B_DIR1,19.053369,72.897237,113
SHP_LINE2B_DIR1,19.053587,72.896615,114
SHP_LINE2B_DIR1,19.053719,72.896199,115
SHP_LINE2B_DIR1,19.053828,72.895835,116
SHP_LINE2B_DIR1,19.053943,72.895354,117
SHP_LINE2B_DIR1,19.053997,72.895060,118
SHP_LINE2B_DIR1,19.054045,72.894640,119
SHP_LINE2B_DIR1,19.054063,72.894485,120
SHP_LINE2B_DIR1,19.054067,72.893458,121
SHP_LINE2B_DIR1,19.054075,72.892996,122
SHP_LINE2B_DIR1,19.054093,72.892663,123
SHP_LINE2B_DIR1,19.054093,72.892654,124
SHP_LINE2B_DIR1,19.053934,72.892644,125
SHP_LINE3_DIR0,19.131010,72.884255,1
SHP_LINE3_DIR0,19.131031,72.884461,2
SHP_LINE3_DIR0,19.131655,72.879040,3
SHP_LINE3_DIR0,19.131633,72.878545,4
SHP_LINE3_DIR0,19.131507,72.878057,5
SHP_LINE3_DIR0,19.131284,72.877593,6
SHP_LINE3_DIR0,19.130942,72.877304,7
SHP_LINE3_DIR0,19.130358,72.876918,8
SHP_LINE3_DIR0,19.129488,72.876343,9
SHP_LINE3_DIR0,19.124773,72.872846,10
SHP_LINE3_DIR0,19.122379,72.871023,11
SHP_LINE3_DIR0,19.121731,72.870729,12
SHP_LINE3_DIR0,19.121209,72.870668,13
SHP_LINE3_DIR0,19.119375,72.870521,14
SHP_LINE3_DIR0,19.118864,72.870668,15
SHP_LINE3_DIR0,19.118597,72.870926,16
SHP_LINE3_DIR0,19.118354,72.871123,17
SHP_LINE3_DIR0,19.118124,72.871664,18
SHP_LINE3_DIR0,19.117961,72.872031,19
SHP_LINE3_DIR0,19.117564,72.873199,20
SHP_LINE3_DIR0,19.117485,72.873621,21
SHP_LINE3_DIR0,19.117156,72.875372,22
SHP_LINE3_DIR0,19.116881,72.876084,23
SHP_LINE3_DIR0,19.116316,72.876964,24
SHP_LINE3_DIR0,19.115863,72.877468,25
SHP_LINE3_DIR0,19.115507,72.877806,26
SHP_LINE3_DIR0,19.115016,72.878120,27
SHP_LINE3_DIR0,19.114378,72.878301,28
SHP_LINE3_DIR0,19.113702,72.878270,29
SHP_LINE3_DIR0,19.113085,72.878026,30
SHP_LINE3_DIR0,19.112838,72.877983,31
SHP_LINE3_DIR0,19.112312,72.878049,32
SHP_LINE3_DIR0,19.111622,72.878309,33
SHP_LINE3_DIR0,19.111049,72.878377,34
SHP_LINE3_DIR0,19.109567,72.878567,35
SHP_LINE3_DIR0,19.109177,72.878675,36
SHP_LINE3_DIR0,19.108350,72.879032,37
SHP_LINE3_DIR0,19.105723,72.878393,38
SHP_LINE3_DIR0,19.105145,72.878419,39
SHP_LINE3_DIR0,19.104146,72.878211,40
SHP_LINE3_DIR0,19.103509,72.877589,41
SHP_LINE3_DIR0,19.103226,72.877085,42
SHP_LINE3_DIR0,19.102928,72.875854,43
SHP_LINE3_DIR0,19.102935,72.874660,44
SHP_LINE3_DIR0,19.102947,72.872404,45
SHP_LINE3_DIR0,19.102813,72.868485,46
SHP_LINE3_DIR0,19.102720,72.866781,47
SHP_LINE3_DIR0,19.102529,72.865159,48
SHP_LINE3_DIR0,19.101933,72.860094,49
SHP_LINE3_DIR0,19.101970,72.858077,50
SHP_LINE3_DIR0,19.102062,72.857132,51
SHP_LINE3_DIR0,19.102072,72.856546,52
SHP_LINE3_DIR0,19.101847,72.855816,53
SHP_LINE3_DIR0,19.101439,72.855295,54
SHP_LINE3_DIR0,19.100022,72.854666,55
SHP_LINE3_DIR0,19.099187,72.854446,56
SHP_LINE3_DIR0,19.098814,72.854966,57
SHP_LINE3_DIR0,19.097670,72.856333,58
SHP_LINE3_DIR0,19.097442,72.856382,59
SHP_LINE3_DIR0,19.095078,72.855072,60
SHP_LINE3_DIR0,19.093924,72.853508,61
SHP_LINE3_DIR0,19.092404,72.849496,62
SHP_LINE3_DIR0,19.092328,72.849192,63
SHP_LINE3_DIR0,19.092207,72.848424,64
SHP_LINE3_DIR0,19.092058,72.847741,65
SHP_LINE3_DIR0,19.091890,72.846822,66
SHP_LINE3_DIR0,19.091653,72.845813,67
SHP_LINE3_DIR0,19.091539,72.845437,68
SHP_LINE3_DIR0,19.091377,72.845150,69
SHP_LINE3_DIR0,19.091214,72.844859,70
SHP_LINE3_DIR0,19.091023,72.844664,71
SHP_LINE3_DIR0,19.090790,72.844425,72
SHP_LINE3_DIR0,19.090516,72.844218,73
SHP_LINE3_DIR0,19.090131,72.843990,74
SHP_LINE3_DIR0,19.089643,72.843834,75
SHP_LINE3_DIR0,19.089325,72.843782,76
SHP_LINE3_DIR0,19.089123,72.843749,77
SHP_LINE3_DIR0,19.088847,72.843742,78
SHP_LINE3_DIR0,19.088656,72.843769,79
SHP_LINE3_DIR0,19.088370,72.843808,80
SHP_LINE3_DIR0,19.088022,72.843910,81
SHP_LINE3_DIR0,19.087787,72.844011,82
SHP_LINE3_DIR0,19.087464,72.844250,83
SHP_LINE3_DIR0,19.086686,72.844927,84
SHP_LINE3_DIR0,19.086127,72.845438,85
SHP_LINE3_DIR0,19.085915,72.845655,86
SHP_LINE3_DIR0,19.085681,72.845823,87
SHP_LINE3_DIR0,19.085262,72.846078,88
SHP_LINE3_DIR0,19.084314,72.846337,89
SHP_LINE3_DIR0,19.083004,72.846631,90
SHP_LINE3_DIR0,19.080871,72.847059,91
SHP_LINE3_DIR0,19.080403,72.847127,92
SHP_LINE3_DIR0,19.080132,72.847145,93
SHP_LINE3_DIR0,19.079631,72.847115,94
SHP_LINE3_DIR0,19.078597,72.847116,95
SHP_LINE3_DIR0,19.077156,72.847080,96
SHP_LINE3_DIR0,19.075309,72.847099,97
SHP_LINE3_DIR0,19.073793,72.847061,98
SHP_LINE3_DIR0,19.072285,72.847023,99
SHP_LINE3_DIR0,19.070995,72.846991,100
SHP_LINE3_DIR0,19.070874,72.846991,101
SHP_LINE3_DIR0,19.070802,72.846994,102
SHP_LINE3_DIR0,19.070760,72.847000,103
SHP_LINE3_DIR0,19.070716,72.847020,104
SHP_LINE3_DIR0,19.070696,72.847033,105
SHP_LINE3_DIR0,19.070667,72.847072,106
SHP_LINE3_DIR0,19.070648,72.847105,107
SHP_LINE3_DIR0,19.070637,72.847139,108
SHP_LINE3_DIR0,19.070635,72.847189,109
SHP_LINE3_DIR0,19.070642,72.847252,110
SHP_LINE3_DIR0,19.070672,72.847426,111
SHP_LINE3_DIR0,19.070700,72.847585,112
SHP_LINE3_DIR0,19.070789,72.848052,113
SHP_LINE3_DIR0,19.070829,72.848377,114
SHP_LINE3_DIR0,19.070834,72.848475,115
SHP_LINE3_DIR0,19.070832,72.848600,116
SHP_LINE3_DIR0,19.070818,72.848709,117
SHP_LINE3_DIR0,19.070800,72.848811,118
SHP_LINE3_DIR0,19.070781,72.848890,119
SHP_LINE3_DIR0,19.070760,72.848934,120
SHP_LINE3_DIR0,19.070749,72.848948,121
SHP_LINE3_DIR0,19.070701,72.848982,122
SHP_LINE3_DIR0,19.070614,72.849037,123
SHP_LINE3_DIR0,19.070477,72.849120,124
SHP_LINE3_DIR0,19.069759,72.849499,125
SHP_LINE3_DIR0,19.067063,72.851001,126
SHP_LINE3_DIR0,19.065571,72.851849,127
SHP_LINE3_DIR0,19.064134,72.852695,128
SHP_LINE3_DIR0,19.063364,72.853124,129
SHP_LINE3_DIR0,19.062707,72.853467,130
SHP_LINE3_DIR0,19.062282,72.853721,131
SHP_LINE3_DIR0,19.060886,72.854593,132
SHP_LINE3_DIR0,19.060001,72.855102,133
SHP_LINE3_DIR0,19.059678,72.855351,134
SHP_LINE3_DIR0,19.059249,72.855682,135
SHP_LINE3_DIR0,19.058253,72.856319,136
SHP_LINE3_DIR0,19.057443,72.856578,137
SHP_LINE3_DIR0,19.056522,72.856940,138
SHP_LINE3_DIR0,19.054993,72.857011,139
SHP_LINE3_DIR0,19.054177,72.856857,140
SHP_LINE3_DIR0,19.053106,72.856608,141
SHP_LINE3_DIR0,19.051548,72.855879,142
SHP_LINE3_DIR0,19.050167,72.855226,143
SHP_LINE3_DIR0,19.048801,72.854291,144
SHP_LINE3_DIR0,19.047968,72.853072,145
SHP_LINE3_DIR0,19.047210,72.852232,146
SHP_LINE3_DIR0,19.046581,72.851002,147
SHP_LINE3_DIR0,19.046521,72.850708,148
SHP_LINE3_DIR0,19.046454,72.850376,149
SHP_LINE3_DIR0,19.044872,72.844734,150
SHP_LINE3_DIR0,19.044802,72.844484,151
SHP_LINE3_DIR0,19.044719,72.844095,152
SHP_LINE3_DIR0,19.044626,72.843528,153
SHP_LINE3_DIR0,19.044568,72.843146,154
SHP_LINE3_DIR0,19.044470,72.842395,155
SHP_LINE3_DIR0,19.044317,72.841631,156
SHP_LINE3_DIR0,19.044008,72.840233,157
SHP_LINE3_DIR0,19.043910,72.839855,158
SHP_LINE3_DIR0,19.043901,72.839831,159
SHP_LINE3_DIR0,19.043885,72.839805,160
SHP_LINE3_DIR0,19.043865,72.839778,161
SHP_LINE3_DIR0,19.043849,72.839762,162
SHP_LINE3_DIR0,19.043829,72.839746,163
SHP_LINE3_DIR0,19.043813,72.839736,164
SHP_LINE3_DIR0,19.043783,72.839720,165
SHP_LINE3_DIR0,19.043769,72.839715,166
SHP_LINE3_DIR0,19.043731,72.839709,167
SHP_LINE3_DIR0,19.043697,72.839715,168
SHP_LINE3_DIR0,19.043611,72.839756,169
SHP_LINE3_DIR0,19.043361,72.839874,170
SHP_LINE3_DIR0,19.043153,72.839989,171
SHP_LINE3_DIR0,19.041248,72.840899,172
SHP_LINE3_DIR0,19.040334,72.841349,173
SHP_LINE3_DIR0,19.039414,72.841743,174
SHP_LINE3_DIR0,19.039008,72.841925,175
SHP_LINE3_DIR0,19.038795,72.841988,176
SHP_LINE3_DIR0,19.038727,72.842003,177
SHP_LINE3_DIR0,19.038215,72.842113,178
SHP_LINE3_DIR0,19.037303,72.842257,179
SHP_LINE3_DIR0,19.036567,72.842367,180
SHP_LINE3_DIR0,19.036221,72.842389,181
SHP_LINE3_DIR0,19.035874,72.842403,182
SHP_LINE3_DIR0,19.035402,72.842393,183
SHP_LINE3_DIR0,19.034511,72.842356,184
SHP_LINE3_DIR0,19.033071,72.842280,185
SHP_LINE3_DIR0,19.030936,72.841987,186
SHP_LINE3_DIR0,19.028616,72.841417,187
SHP_LINE3_DIR0,19.026476,72.840999,188
SHP_LINE3_DIR0,19.025648,72.840799,189
SHP_LINE3_DIR0,19.025395,72.840693,190
SHP_LINE3_DIR0,19.024973,72.840428,191
SHP_LINE3_DIR0,19.024721,72.840271,192
SHP_LINE3_DIR0,19.023725,72.839376,193
SHP_LINE3_DIR0,19.022967,72.838713,194
SHP_LINE3_DIR0,19.022860,72.838620,195
SHP_LINE3_DIR0,19.022395,72.838165,196
SHP_LINE3_DIR0,19.021953,72.837751,197
SHP_LINE3_DIR0,19.021186,72.837207,198
SHP_LINE3_DIR0,19.019346,72.836148,199
SHP_LINE3_DIR0,19.016243,72.834868,200
SHP_LINE3_DIR0,19.016187,72.834849,201
SHP_LINE3_DIR0,19.016043,72.834790,202
SHP_LINE3_DIR0,19.015980,72.834765,203
SHP_LINE3_DIR0,19.015951,72.834744,204
SHP_LINE3_DIR0,19.015942,72.834734,205
SHP_LINE3_DIR0,19.015912,72.834695,206
SHP_LINE3_DIR0,19.015894,72.834671,207
SHP_LINE3_DIR0,19.015884,72.834652,208
SHP_LINE3_DIR0,19.015862,72.834557,209
SHP_LINE3_DIR0,19.015820,72.834285,210
SHP_LINE3_DIR0,19.015706,72.833655,211
SHP_LINE3_DIR0,19.015669,72.833492,212
SHP_LINE3_DIR0,19.015629,72.833373,213
SHP_LINE3_DIR0,19.015580,72.833250,214
SHP_LINE3_DIR0,19.015449,72.832985,215
SHP_LINE3_DIR0,19.015263,72.832608,216
SHP_LINE3_DIR0,19.015242,72.832560,217
SHP_LINE3_DIR0,19.015237,72.832541,218
SHP_LINE3_DIR0,19.015229,72.832496,219
SHP_LINE3_DIR0,19.015230,72.832450,220
SHP_LINE3_DIR0,19.015235,72.832415,221
SHP_LINE3_DIR0,19.015245,72.832379,222
SHP_LINE3_DIR0,19.015273,72.832321,223
SHP_LINE3_DIR0,19.015312,72.832266,224
SHP_LINE3_DIR0,19.015496,72.832065,225
SHP_LINE3_DIR0,19.015576,72.831956,226
SHP_LINE3_DIR0,19.015626,72.831866,227
SHP_LINE3_DIR0,19.015716,72.831633,228
SHP_LINE3_DIR0,19.015925,72.830857,229
SHP_LINE3_DIR0,19.016292,72.829704,230
SHP_LINE3_DIR0,19.016363,72.829472,231
SHP_LINE3_DIR0,19.016382,72.829360,232
SHP_LINE3_DIR0,19.016380,72.829318,233
SHP_LINE3_DIR0,19.016366,72.829221,234
SHP_LINE3_DIR0,19.016340,72.829146,235
SHP_LINE3_DIR0,19.016298,72.829047,236
SHP_LINE3_DIR0,19.016286,72.829026,237
SHP_LINE3_DIR0,19.016202,72.828871,238
SHP_LINE3_DIR0,19.016163,72.828801,239
SHP_LINE3_DIR0,19.016012,72.828549,240
SHP_LINE3_DIR0,19.015227,72.827401,241
SHP_LINE3_DIR0,19.014231,72.825908,242
SHP_LINE3_DIR0,19.013503,72.824678,243
SHP_LINE3_DIR0,19.012536,72.822745,244
SHP_LINE3_DIR0,19.012373,72.822429,245
SHP_LINE3_DIR0,19.012093,72.821904,246
SHP_LINE3_DIR0,19.012033,72.821809,247
SHP_LINE3_DIR0,19.011932,72.821662,248
SHP_LINE3_DIR0,19.011719,72.821387,249
SHP_LINE3_DIR0,19.011540,72.821186,250
SHP_LINE3_DIR0,19.011339,72.820974,251
SHP_LINE3_DIR0,19.011211,72.820853,252
SHP_LINE3_DIR0,19.011109,72.820773,253
SHP_LINE3_DIR0,19.011013,72.820698,254
SHP_LINE3_DIR0,19.010803,72.820561,255
SHP_LINE3_DIR0,19.010521,72.820377,256
SHP_LINE3_DIR0,19.010045,72.820115,257
SHP_LINE3_DIR0,19.009382,72.819701,258
SHP_LINE3_DIR0,19.008713,72.819319,259
SHP_LINE3_DIR0,19.008048,72.818913,260
SHP_LINE3_DIR0,19.007354,72.818596,261
SHP_LINE3_DIR0,19.006890,72.818385,262
SHP_LINE3_DIR0,19.006543,72.818248,263
SHP_LINE3_DIR0,19.006307,72.818184,264
SHP_LINE3_DIR0,19.005405,72.817925,265
SHP_LINE3_DIR0,19.005233,72.817860,266
SHP_LINE3_DIR0,19.005172,72.817828,267
SHP_LINE3_DIR0,19.004971,72.817686,268
SHP_LINE3_DIR0,19.004892,72.817609,269
SHP_LINE3_DIR0,19.004723,72.817429,270
SHP_LINE3_DIR0,19.004586,72.817257,271
SHP_LINE3_DIR0,19.004462,72.817083,272
SHP_LINE3_DIR0,19.004303,72.816863,273
SHP_LINE3_DIR0,19.004185,72.816719,274
SHP_LINE3_DIR0,19.004084,72.816629,275
SHP_LINE3_DIR0,19.003882,72.816475,276
SHP_LINE3_DIR0,19.003520,72.816238,277
SHP_LINE3_DIR0,19.003159,72.815997,278
SHP_LINE3_DIR0,19.003028,72.815918,279
SHP_LINE3_DIR0,19.002865,72.815840,280
SHP_LINE3_DIR0,19.002703,72.815773,281
SHP_LINE3_DIR0,19.002586,72.815735,282
SHP_LINE3_DIR0,19.002374,72.815684,283
SHP_LINE3_DIR0,19.002239,72.815671,284
SHP_LINE3_DIR0,19.001686,72.815652,285
SHP_LINE3_DIR0,19.001446,72.815659,286
SHP_LINE3_DIR0,19.001281,72.815676,287
SHP_LINE3_DIR0,19.001238,72.815690,288
SHP_LINE3_DIR0,19.001181,72.815717,289
SHP_LINE3_DIR0,19.001152,72.815736,290
SHP_LINE3_DIR0,19.000990,72.815865,291
SHP_LINE3_DIR0,19.000559,72.816279,292
SHP_LINE3_DIR0,19.000386,72.816422,293
SHP_LINE3_DIR0,19.000118,72.816601,294
SHP_LINE3_DIR0,18.999342,72.817048,295
SHP_LINE3_DIR0,18.998174,72.817677,296
SHP_LINE3_DIR0,18.996756,72.818412,297
SHP_LINE3_DIR0,18.992497,72.820619,298
SHP_LINE3_DIR0,18.990412,72.821699,299
SHP_LINE3_DIR0,18.983551,72.825437,300
SHP_LINE3_DIR0,18.981659,72.826468,301
SHP_LINE3_DIR0,18.981560,72.826524,302
SHP_LINE3_DIR0,18.981505,72.826543,303
SHP_LINE3_DIR0,18.981488,72.826547,304
SHP_LINE3_DIR0,18.981433,72.826551,305
SHP_LINE3_DIR0,18.981415,72.826551,306
SHP_LINE3_DIR0,18.981386,72.826551,307
SHP_LINE3_DIR0,18.981315,72.826543,308
SHP_LINE3_DIR0,18.981272,72.826534,309
SHP_LINE3_DIR0,18.980986,72.826475,310
SHP_LINE3_DIR0,18.980833,72.826443,311
SHP_LINE3_DIR0,18.980736,72.826423,312
SHP_LINE3_DIR0,18.980677,72.826396,313
SHP_LINE3_DIR0,18.980622,72.826361,314
SHP_LINE3_DIR0,18.980581,72.826324,315
SHP_LINE3_DIR0,18.980379,72.826143,316
SHP_LINE3_DIR0,18.980120,72.825910,317
SHP_LINE3_DIR0,18.979811,72.825633,318
SHP_LINE3_DIR0,18.979457,72.825333,319
SHP_LINE3_DIR0,18.978414,72.824541,320
SHP_LINE3_DIR0,18.978312,72.824463,321
SHP_LINE3_DIR0,18.978182,72.824396,322
SHP_LINE3_DIR0,18.977775,72.824261,323
SHP_LINE3_DIR0,18.975885,72.823656,324
SHP_LINE3_DIR0,18.969817,72.821182,325
SHP_LINE3_DIR0,18.968596,72.820678,326
SHP_LINE3_DIR0,18.965652,72.819211,327
SHP_LINE3_DIR0,18.962988,72.818005,328
SHP_LINE3_DIR0,18.962601,72.817854,329
SHP_LINE3_DIR0,18.961954,72.817628,330
SHP_LINE3_DIR0,18.961448,72.817442,331
SHP_LINE3_DIR0,18.961035,72.817390,332
SHP_LINE3_DIR0,18.960777,72.817342,333
SHP_LINE3_DIR0,18.960463,72.817305,334
SHP_LINE3_DIR0,18.960079,72.817285,335
SHP_LINE3_DIR0,18.959966,72.817287,336
SHP_LINE3_DIR0,18.959793,72.817297,337
SHP_LINE3_DIR0,18.959672,72.817310,338
SHP_LINE3_DIR0,18.959564,72.817326,339
SHP_LINE3_DIR0,18.959475,72.817334,340
SHP_LINE3_DIR0,18.959442,72.817337,341
SHP_LINE3_DIR0,18.959421,72.817337,342
SHP_LINE3_DIR0,18.959289,72.817343,343
SHP_LINE3_DIR0,18.959280,72.817344,344
SHP_LINE3_DIR0,18.959246,72.817344,345
SHP_LINE3_DIR0,18.959240,72.817344,346
SHP_LINE3_DIR0,18.959192,72.817336,347
SHP_LINE3_DIR0,18.958966,72.817282,348
SHP_LINE3_DIR0,18.958781,72.817226,349
SHP_LINE3_DIR0,18.958422,72.817100,350
SHP_LINE3_DIR0,18.956778,72.816504,351
SHP_LINE3_DIR0,18.956459,72.816370,352
SHP_LINE3_DIR0,18.956421,72.816359,353
SHP_LINE3_DIR0,18.956400,72.816357,354
SHP_LINE3_DIR0,18.956381,72.816358,355
SHP_LINE3_DIR0,18.956370,72.816360,356
SHP_LINE3_DIR0,18.956353,72.816367,357
SHP_LINE3_DIR0,18.956349,72.816369,358
SHP_LINE3_DIR0,18.956342,72.816378,359
SHP_LINE3_DIR0,18.956199,72.816635,360
SHP_LINE3_DIR0,18.955766,72.817500,361
SHP_LINE3_DIR0,18.955538,72.817934,362
SHP_LINE3_DIR0,18.955318,72.818385,363
SHP_LINE3_DIR0,18.955159,72.818814,364
SHP_LINE3_DIR0,18.955045,72.819138,365
SHP_LINE3_DIR0,18.954930,72.819487,366
SHP_LINE3_DIR0,18.954903,72.819553,367
SHP_LINE3_DIR0,18.954888,72.819579,368
SHP_LINE3_DIR0,18.954880,72.819591,369
SHP_LINE3_DIR0,18.954811,72.819662,370
SHP_LINE3_DIR0,18.954781,72.819692,371
SHP_LINE3_DIR0,18.954720,72.819735,372
SHP_LINE3_DIR0,18.954677,72.819761,373
SHP_LINE3_DIR0,18.954569,72.819810,374
SHP_LINE3_DIR0,18.954350,72.819913,375
SHP_LINE3_DIR0,18.954250,72.819974,376
SHP_LINE3_DIR0,18.954168,72.820040,377
SHP_LINE3_DIR0,18.954062,72.820148,378
SHP_LINE3_DIR0,18.953951,72.820261,379
SHP_LINE3_DIR0,18.953748,72.820496,380
SHP_LINE3_DIR0,18.953663,72.820611,381
SHP_LINE3_DIR0,18.953068,72.821352,382
SHP_LINE3_DIR0,18.952814,72.821637,383
SHP_LINE3_DIR0,18.952364,72.822106,384
SHP_LINE3_DIR0,18.951022,72.823347,385
SHP_LINE3_DIR0,18.949388,72.824932,386
SHP_LINE3_DIR0,18.948679,72.825539,387
SHP_LINE3_DIR0,18.947258,72.826666,388
SHP_LINE3_DIR0,18.946335,72.827277,389
SHP_LINE3_DIR0,18.946013,72.827490,390
SHP_LINE3_DIR0,18.944357,72.828499,391
SHP_LINE3_DIR0,18.944090,72.828666,392
SHP_LINE3_DIR0,18.943732,72.828842,393
SHP_LINE3_DIR0,18.942858,72.829408,394
SHP_LINE3_DIR0,18.941787,72.830733,395
SHP_LINE3_DIR0,18.941405,72.831489,396
SHP_LINE3_DIR0,18.940088,72.834093,397
SHP_LINE3_DIR0,18.939548,72.834675,398
SHP_LINE3_DIR0,18.939025,72.834724,399
SHP_LINE3_DIR0,18.938479,72.834626,400
SHP_LINE3_DIR0,18.936295,72.833815,401
SHP_LINE3_DIR0,18.934401,72.832710,402
SHP_LINE3_DIR0,18.933146,72.831739,403
SHP_LINE3_DIR0,18.932658,72.831186,404
SHP_LINE3_DIR0,18.932569,72.830752,405
SHP_LINE3_DIR0,18.932573,72.830665,406
SHP_LINE3_DIR0,18.932795,72.828931,407
SHP_LINE3_DIR0,18.932844,72.828472,408
SHP_LINE3_DIR0,18.932821,72.828177,409
SHP_LINE3_DIR0,18.932739,72.827980,410
SHP_LINE3_DIR0,18.931945,72.827279,411
SHP_LINE3_DIR0,18.929776,72.825450,412
SHP_LINE3_DIR0,18.928719,72.824528,413
SHP_LINE3_DIR0,18.928103,72.824442,414
SHP_LINE3_DIR0,18.927869,72.824494,415
SHP_LINE3_DIR0,18.926662,72.824762,416
SHP_LINE3_DIR0,18.924404,72.825643,417
SHP_LINE3_DIR0,18.923528,72.825915,418
SHP_LINE3_DIR0,18.923149,72.826402,419
SHP_LINE3_DIR0,18.923064,72.826502,420
SHP_LINE3_DIR0,18.922988,72.826581,421
SHP_LINE3_DIR0,18.922915,72.826635,422
SHP_LINE3_DIR0,18.922889,72.826650,423
SHP_LINE3_DIR0,18.922829,72.826681,424
SHP_LINE3_DIR0,18.922777,72.826694,425
SHP_LINE3_DIR0,18.922714,72.826695,426
SHP_LINE3_DIR0,18.922517,72.826671,427
SHP_LINE3_DIR0,18.921940,72.826569,428
SHP_LINE3_DIR0,18.921584,72.826477,429
SHP_LINE3_DIR0,18.921280,72.826384,430
SHP_LINE3_DIR0,18.920986,72.826275,431
SHP_LINE3_DIR0,18.920545,72.826127,432
SHP_LINE3_DIR0,18.919741,72.825885,433
SHP_LINE3_DIR0,18.919352,72.825743,434
SHP_LINE3_DIR0,18.919154,72.825677,435
SHP_LINE3_DIR0,18.919071,72.825641,436
SHP_LINE3_DIR0,18.918940,72.825576,437
SHP_LINE3_DIR0,18.918911,72.825558,438
SHP_LINE3_DIR0,18.918694,72.825391,439
SHP_LINE3_DIR0,18.918461,72.825167,440
SHP_LINE3_DIR0,18.917642,72.824415,441
SHP_LINE3_DIR0,18.917077,72.823801,442
SHP_LINE3_DIR0,18.916856,72.823560,443
SHP_LINE3_DIR0,18.916158,72.822987,444
SHP_LINE3_DIR0,18.915170,72.822131,445
SHP_LINE3_DIR0,18.914188,72.821236,446
SHP_LINE3_DIR0,18.913740,72.820860,447
SHP_LINE3_DIR0,18.913131,72.820343,448
SHP_LINE3_DIR0,18.912955,72.820196,449
SHP_LINE3_DIR1,18.912955,72.820196,1
SHP_LINE3_DIR1,18.913131,72.820343,2
SHP_LINE3_DIR1,18.913740,72.820860,3
SHP_LINE3_DIR1,18.914188,72.821236,4
SHP_LINE3_DIR1,18.915170,72.822131,5
SHP_LINE3_DIR1,18.916158,72.822987,6
SHP_LINE3_DIR1,18.916856,72.823560,7
SHP_LINE3_DIR1,18.917077,72.823801,8
SHP_LINE3_DIR1,18.917642,72.824415,9
SHP_LINE3_DIR1,18.918461,72.825167,10
SHP_LINE3_DIR1,18.918694,72.825391,11
SHP_LINE3_DIR1,18.918911,72.825558,12
SHP_LINE3_DIR1,18.918940,72.825576,13
SHP_LINE3_DIR1,18.919071,72.825641,14
SHP_LINE3_DIR1,18.919154,72.825677,15
SHP_LINE3_DIR1,18.919352,72.825743,16
SHP_LINE3_DIR1,18.919741,72.825885,17
SHP_LINE3_DIR1,18.920545,72.826127,18
SHP_LINE3_DIR1,18.920986,72.826275,19
SHP_LINE3_DIR1,18.921280,72.826384,20
SHP_LINE3_DIR1,18.921584,72.826477,21
SHP_LINE3_DIR1,18.921940,72.826569,22
SHP_LINE3_DIR1,18.922517,72.826671,23
SHP_LINE3_DIR1,18.922714,72.826695,24
SHP_LINE3_DIR1,18.922777,72.826694,25
SHP_LINE3_DIR1,18.922829,72.826681,26
SHP_LINE3_DIR1,18.922889,72.826650,27
SHP_LINE3_DIR1,18.922915,72.826635,28
SHP_LINE3_DIR1,18.922988,72.826581,29
SHP_LINE3_DIR1,18.923064,72.826502,30
SHP_LINE3_DIR1,18.923149,72.826402,31
SHP_LINE3_DIR1,18.923528,72.825915,32
SHP_LINE3_DIR1,18.924404,72.825643,33
SHP_LINE3_DIR1,18.926662,72.824762,34
SHP_LINE3_DIR1,18.927869,72.824494,35
SHP_LINE3_DIR1,18.928103,72.824442,36
SHP_LINE3_DIR1,18.928719,72.824528,37
SHP_LINE3_DIR1,18.929776,72.825450,38
SHP_LINE3_DIR1,18.931945,72.827279,39
SHP_LINE3_DIR1,18.932739,72.827980,40
SHP_LINE3_DIR1,18.932821,72.828177,41
SHP_LINE3_DIR1,18.932844,72.828472,42
SHP_LINE3_DIR1,18.932795,72.828931,43
SHP_LINE3_DIR1,18.932573,72.830665,44
SHP_LINE3_DIR1,18.932569,72.830752,45
SHP_LINE3_DIR1,18.932658,72.831186,46
SHP_LINE3_DIR1,18.933146,72.831739,47
SHP_LINE3_DIR1,18.934401,72.832710,48
SHP_LINE3_DIR1,18.936295,72.833815,49
SHP_LINE3_DIR1,18.938479,72.834626,50
SHP_LINE3_DIR1,18.939025,72.834724,51
SHP_LINE3_DIR1,18.939548,72.834675,52
SHP_LINE3_DIR1,18.940088,72.834093,53
SHP_LINE3_DIR1,18.941405,72.831489,54
SHP_LINE3_DIR1,18.941787,72.830733,55
SHP_LINE3_DIR1,18.942858,72.829408,56
SHP_LINE3_DIR1,18.943732,72.828842,57
SHP_LINE3_DIR1,18.944090,72.828666,58
SHP_LINE3_DIR1,18.944357,72.828499,59
SHP_LINE3_DIR1,18.946013,72.827490,60
SHP_LINE3_DIR1,18.946335,72.827277,61
SHP_LINE3_DIR1,18.947258,72.826666,62
SHP_LINE3_DIR1,18.948679,72.825539,63
SHP_LINE3_DIR1,18.949388,72.824932,64
SHP_LINE3_DIR1,18.951022,72.823347,65
SHP_LINE3_DIR1,18.952364,72.822106,66
SHP_LINE3_DIR1,18.952814,72.821637,67
SHP_LINE3_DIR1,18.953068,72.821352,68
SHP_LINE3_DIR1,18.953663,72.820611,69
SHP_LINE3_DIR1,18.953748,72.820496,70
SHP_LINE3_DIR1,18.953951,72.820261,71
SHP_LINE3_DIR1,18.954062,72.820148,72
SHP_LINE3_DIR1,18.954168,72.820040,73
SHP_LINE3_DIR1,18.954250,72.819974,74
SHP_LINE3_DIR1,18.954350,72.819913,75
SHP_LINE3_DIR1,18.954569,72.819810,76
SHP_LINE3_DIR1,18.954677,72.819761,77
SHP_LINE3_DIR1,18.954720,72.819735,78
SHP_LINE3_DIR1,18.954781,72.819692,79
SHP_LINE3_DIR1,18.954811,72.819662,80
SHP_LINE3_DIR1,18.954880,72.819591,81
SHP_LINE3_DIR1,18.954888,72.819579,82
SHP_LINE3_DIR1,18.954903,72.819553,83
SHP_LINE3_DIR1,18.954930,72.819487,84
SHP_LINE3_DIR1,18.955045,72.819138,85
SHP_LINE3_DIR1,18.955159,72.818814,86
SHP_LINE3_DIR1,18.955318,72.818385,87
SHP_LINE3_DIR1,18.955538,72.817934,88
SHP_LINE3_DIR1,18.955766,72.817500,89
SHP_LINE3_DIR1,18.956199,72.816635,90
SHP_LINE3_DIR1,18.956342,72.816378,91
SHP_LINE3_DIR1,18.956349,72.816369,92
SHP_LINE3_DIR1,18.956353,72.816367,93
SHP_LINE3_DIR1,18.956370,72.816360,94
SHP_LINE3_DIR1,18.956381,72.816358,95
SHP_LINE3_DIR1,18.956400,72.816357,96
SHP_LINE3_DIR1,18.956421,72.816359,97
SHP_LINE3_DIR1,18.956459,72.816370,98
SHP_LINE3_DIR1,18.956778,72.816504,99
SHP_LINE3_DIR1,18.958422,72.817100,100
SHP_LINE3_DIR1,18.958781,72.817226,101
SHP_LINE3_DIR1,18.958966,72.817282,102
SHP_LINE3_DIR1,18.959192,72.817336,103
SHP_LINE3_DIR1,18.959240,72.817344,104
SHP_LINE3_DIR1,18.959246,72.817344,105
SHP_LINE3_DIR1,18.959280,72.817344,106
SHP_LINE3_DIR1,18.959289,72.817343,107
SHP_LINE3_DIR1,18.959421,72.817337,108
SHP_LINE3_DIR1,18.959442,72.817337,109
SHP_LINE3_DIR1,18.959475,72.817334,110
SHP_LINE3_DIR1,18.959564,72.817326,111
SHP_LINE3_DIR1,18.959672,72.817310,112
SHP_LINE3_DIR1,18.959793,72.817297,113
SHP_LINE3_DIR1,18.959966,72.817287,114
SHP_LINE3_DIR1,18.960079,72.817285,115
SHP_LINE3_DIR1,18.960463,72.817305,116
SHP_LINE3_DIR1,18.960777,72.817342,117
SHP_LINE3_DIR1,18.961035,72.817390,118
SHP_LINE3_DIR1,18.961448,72.817442,119
SHP_LINE3_DIR1,18.961954,72.817628,120
SHP_LINE3_DIR1,18.962601,72.817854,121
SHP_LINE3_DIR1,18.962988,72.818005,122
SHP_LINE3_DIR1,18.965652,72.819211,123
SHP_LINE3_DIR1,18.968596,72.820678,124
SHP_LINE3_DIR1,18.969817,72.821182,125
SHP_LINE3_DIR1,18.975885,72.823656,126
SHP_LINE3_DIR1,18.977775,72.824261,127
SHP_LINE3_DIR1,18.978182,72.824396,128
SHP_LINE3_DIR1,18.978312,72.824463,129
SHP_LINE3_DIR1,18.978414,72.824541,130
SHP_LINE3_DIR1,18.979457,72.825333,131
SHP_LINE3_DIR1,18.979811,72.825633,132
SHP_LINE3_DIR1,18.980120,72.825910,133
SHP_LINE3_DIR1,18.980379,72.826143,134
SHP_LINE3_DIR1,18.980581,72.826324,135
SHP_LINE3_DIR1,18.980622,72.826361,136
SHP_LINE3_DIR1,18.980677,72.826396,137
SHP_LINE3_DIR1,18.980736,72.826423,138
SHP_LINE3_DIR1,18.980833,72.826443,139
SHP_LINE3_DIR1,18.980986,72.826475,140
SHP_LINE3_DIR1,18.981272,72.826534,141
SHP_LINE3_DIR1,18.981315,72.826543,142
SHP_LINE3_DIR1,18.981386,72.826551,143
SHP_LINE3_DIR1,18.981415,72.826551,144
SHP_LINE3_DIR1,18.981433,72.826551,145
SHP_LINE3_DIR1,18.981488,72.826547,146
SHP_LINE3_DIR1,18.981505,72.826543,147
SHP_LINE3_DIR1,18.981560,72.826524,148
SHP_LINE3_DIR1,18.981659,72.826468,149
SHP_LINE3_DIR1,18.983551,72.825437,150
SHP_LINE3_DIR1,18.990412,72.821699,151
SHP_LINE3_DIR1,18.992497,72.820619,152
SHP_LINE3_DIR1,18.996756,72.818412,153
SHP_LINE3_DIR1,18.998174,72.817677,154
SHP_LINE3_DIR1,18.999342,72.817048,155
SHP_LINE3_DIR1,19.000118,72.816601,156
SHP_LINE3_DIR1,19.000386,72.816422,157
SHP_LINE3_DIR1,19.000559,72.816279,158
SHP_LINE3_DIR1,19.000990,72.815865,159
SHP_LINE3_DIR1,19.001152,72.815736,160
SHP_LINE3_DIR1,19.001181,72.815717,161
SHP_LINE3_DIR1,19.001238,72.815690,162
SHP_LINE3_DIR1,19.001281,72.815676,163
SHP_LINE3_DIR1,19.001446,72.815659,164
SHP_LINE3_DIR1,19.001686,72.815652,165
SHP_LINE3_DIR1,19.002239,72.815671,166
SHP_LINE3_DIR1,19.002374,72.815684,167
SHP_LINE3_DIR1,19.002586,72.815735,168
SHP_LINE3_DIR1,19.002703,72.815773,169
SHP_LINE3_DIR1,19.002865,72.815840,170
SHP_LINE3_DIR1,19.003028,72.815918,171
SHP_LINE3_DIR1,19.003159,72.815997,172
SHP_LINE3_DIR1,19.003520,72.816238,173
SHP_LINE3_DIR1,19.003882,72.816475,174
SHP_LINE3_DIR1,19.004084,72.816629,175
SHP_LINE3_DIR1,19.004185,72.816719,176
SHP_LINE3_DIR1,19.004303,72.816863,177
SHP_LINE3_DIR1,19.004462,72.817083,178
SHP_LINE3_DIR1,19.004586,72.817257,179
SHP_LINE3_DIR1,19.004723,72.817429,180
SHP_LINE3_DIR1,19.004892,72.817609,181
SHP_LINE3_DIR1,19.004971,72.817686,182
SHP_LINE3_DIR1,19.005172,72.817828,183
SHP_LINE3_DIR1,19.005233,72.817860,184
SHP_LINE3_DIR1,19.005405,72.817925,185
SHP_LINE3_DIR1,19.006307,72.818184,186
SHP_LINE3_DIR1,19.006543,72.818248,187
SHP_LINE3_DIR1,19.006890,72.818385,188
SHP_LINE3_DIR1,19.007354,72.818596,189
SHP_LINE3_DIR1,19.008048,72.818913,190
SHP_LINE3_DIR1,19.008713,72.819319,191
SHP_LINE3_DIR1,19.009382,72.819701,192
SHP_LINE3_DIR1,19.010045,72.820115,193
SHP_LINE3_DIR1,19.010521,72.820377,194
SHP_LINE3_DIR1,19.010803,72.820561,195
SHP_LINE3_DIR1,19.011013,72.820698,196
SHP_LINE3_DIR1,19.011109,72.820773,197
SHP_LINE3_DIR1,19.011211,72.820853,198
SHP_LINE3_DIR1,19.011339,72.820974,199
SHP_LINE3_DIR1,19.011540,72.821186,200
SHP_LINE3_DIR1,19.011719,72.821387,201
SHP_LINE3_DIR1,19.011932,72.821662,202
SHP_LINE3_DIR1,19.012033,72.821809,203
SHP_LINE3_DIR1,19.012093,72.821904,204
SHP_LINE3_DIR1,19.012373,72.822429,205
SHP_LINE3_DIR1,19.012536,72.822745,206
SHP_LINE3_DIR1,19.013503,72.824678,207
SHP_LINE3_DIR1,19.014231,72.825908,208
SHP_LINE3_DIR1,19.015227,72.827401,209
SHP_LINE3_DIR1,19.016012,72.828549,210
SHP_LINE3_DIR1,19.016163,72.828801,211
SHP_LINE3_DIR1,19.016202,72.828871,212
SHP_LINE3_DIR1,19.016286,72.829026,213
SHP_LINE3_DIR1,19.016298,72.829047,214
SHP_LINE3_DIR1,19.016340,72.829146,215
SHP_LINE3_DIR1,19.016366,72.829221,216
SHP_LINE3_DIR1,19.016380,72.829318,217
SHP_LINE3_DIR1,19.016382,72.829360,218
SHP_LINE3_DIR1,19.016363,72.829472,219
SHP_LINE3_DIR1,19.016292,72.829704,220
SHP_LINE3_DIR1,19.015925,72.830857,221
SHP_LINE3_DIR1,19.015716,72.831633,222
SHP_LINE3_DIR1,19.015626,72.831866,223
SHP_LINE3_DIR1,19.015576,72.831956,224
SHP_LINE3_DIR1,19.015496,72.832065,225
SHP_LINE3_DIR1,19.015312,72.832266,226
SHP_LINE3_DIR1,19.015273,72.832321,227
SHP_LINE3_DIR1,19.015245,72.832379,228
SHP_LINE3_DIR1,19.015235,72.832415,229
SHP_LINE3_DIR1,19.015230,72.832450,230
SHP_LINE3_DIR1,19.015229,72.832496,231
SHP_LINE3_DIR1,19.015237,72.832541,232
SHP_LINE3_DIR1,19.015242,72.832560,233
SHP_LINE3_DIR1,19.015263,72.832608,234
SHP_LINE3_DIR1,19.015449,72.832985,235
SHP_LINE3_DIR1,19.015580,72.833250,236
SHP_LINE3_DIR1,19.015629,72.833373,237
SHP_LINE3_DIR1,19.015669,72.833492,238
SHP_LINE3_DIR1,19.015706,72.833655,239
SHP_LINE3_DIR1,19.015820,72.834285,240
SHP_LINE3_DIR1,19.015862,72.834557,241
SHP_LINE3_DIR1,19.015884,72.834652,242
SHP_LINE3_DIR1,19.015894,72.834671,243
SHP_LINE3_DIR1,19.015912,72.834695,244
SHP_LINE3_DIR1,19.015942,72.834734,245
SHP_LINE3_DIR1,19.015951,72.834744,246
SHP_LINE3_DIR1,19.015980,72.834765,247
SHP_LINE3_DIR1,19.016043,72.834790,248
SHP_LINE3_DIR1,19.016187,72.834849,249
SHP_LINE3_DIR1,19.016243,72.834868,250
SHP_LINE3_DIR1,19.019346,72.836148,251
SHP_LINE3_DIR1,19.021186,72.837207,252
SHP_LINE3_DIR1,19.021953,72.837751,253
SHP_LINE3_DIR1,19.022395,72.838165,254
SHP_LINE3_DIR1,19.022860,72.838620,255
SHP_LINE3_DIR1,19.022967,72.838713,256
SHP_LINE3_DIR1,19.023725,72.839376,257
SHP_LINE3_DIR1,19.024721,72.840271,258
SHP_LINE3_DIR1,19.024973,72.840428,259
SHP_LINE3_DIR1,19.025395,72.840693,260
SHP_LINE3_DIR1,19.025648,72.840799,261
SHP_LINE3_DIR1,19.026476,72.840999,262
SHP_LINE3_DIR1,19.028616,72.841417,263
SHP_LINE3_DIR1,19.030936,72.841987,264
SHP_LINE3_DIR1,19.033071,72.842280,265
SHP_LINE3_DIR1,19.034511,72.842356,266
SHP_LINE3_DIR1,19.035402,72.842393,267
SHP_LINE3_DIR1,19.035874,72.842403,268
SHP_LINE3_DIR1,19.036221,72.842389,269
SHP_LINE3_DIR1,19.036567,72.842367,270
SHP_LINE3_DIR1,19.037303,72.842257,271
SHP_LINE3_DIR1,19.038215,72.842113,272
SHP_LINE3_DIR1,19.038727,72.842003,273
SHP_LINE3_DIR1,19.038795,72.841988,274
SHP_LINE3_DIR1,19.039008,72.841925,275
SHP_LINE3_DIR1,19.039414,72.841743,276
SHP_LINE3_DIR1,19.040334,72.841349,277
SHP_LINE3_DIR1,19.041248,72.840899,278
SHP_LINE3_DIR1,19.043153,72.839989,279
SHP_LINE3_DIR1,19.043361,72.839874,280
SHP_LINE3_DIR1,19.043611,72.839756,281
SHP_LINE3_DIR1,19.043697,72.839715,282
SHP_LINE3_DIR1,19.043731,72.839709,283
SHP_LINE3_DIR1,19.043769,72.839715,284
SHP_LINE3_DIR1,19.043783,72.839720,285
SHP_LINE3_DIR1,19.043813,72.839736,286
SHP_LINE3_DIR1,19.043829,72.839746,287
SHP_LINE3_DIR1,19.043849,72.839762,288
SHP_LINE3_DIR1,19.043865,72.839778,289
SHP_LINE3_DIR1,19.043885,72.839805,290
SHP_LINE3_DIR1,19.043901,72.839831,291
SHP_LINE3_DIR1,19.043910,72.839855,292
SHP_LINE3_DIR1,19.044008,72.840233,293
SHP_LINE3_DIR1,19.044317,72.841631,294
SHP_LINE3_DIR1,19.044470,72.842395,295
SHP_LINE3_DIR1,19.044568,72.843146,296
SHP_LINE3_DIR1,19.044626,72.843528,297
SHP_LINE3_DIR1,19.044719,72.844095,298
SHP_LINE3_DIR1,19.044802,72.844484,299
SHP_LINE3_DIR1,19.044872,72.844734,300
SHP_LINE3_DIR1,19.046454,72.850376,301
SHP_LINE3_DIR1,19.046521,72.850708,302
SHP_LINE3_DIR1,19.046581,72.851002,303
SHP_LINE3_DIR1,19.047210,72.852232,304
SHP_LINE3_DIR1,19.047968,72.853072,305
SHP_LINE3_DIR1,19.048801,72.854291,306
SHP_LINE3_DIR1,19.050167,72.855226,307
SHP_LINE3_DIR1,19.051548,72.855879,308
SHP_LINE3_DIR1,19.053106,72.856608,309
SHP_LINE3_DIR1,19.054177,72.856857,310
SHP_LINE3_DIR1,19.054993,72.857011,311
SHP_LINE3_DIR1,19.056522,72.856940,312
SHP_LINE3_DIR1,19.057443,72.856578,313
SHP_LINE3_DIR1,19.058253,72.856319,314
SHP_LINE3_DIR1,19.059249,72.855682,315
SHP_LINE3_DIR1,19.059678,72.855351,316
SHP_LINE3_DIR1,19.060001,72.855102,317
SHP_LINE3_DIR1,19.060886,72.854593,318
SHP_LINE3_DIR1,19.062282,72.853721,319
SHP_LINE3_DIR1,19.062707,72.853467,320
SHP_LINE3_DIR1,19.063364,72.853124,321
SHP_LINE3_DIR1,19.064134,72.852695,322
SHP_LINE3_DIR1,19.065571,72.851849,323
SHP_LINE3_DIR1,19.067063,72.851001,324
SHP_LINE3_DIR1,19.069759,72.849499,325
SHP_LINE3_DIR1,19.070477,72.849120,326
SHP_LINE3_DIR1,19.070614,72.849037,327
SHP_LINE3_DIR1,19.070701,72.848982,328
SHP_LINE3_DIR1,19.070749,72.848948,329
SHP_LINE3_DIR1,19.070760,72.848934,330
SHP_LINE3_DIR1,19.070781,72.848890,331
SHP_LINE3_DIR1,19.070800,72.848811,332
SHP_LINE3_DIR1,19.070818,72.848709,333
SHP_LINE3_DIR1,19.070832,72.848600,334
SHP_LINE3_DIR1,19.070834,72.848475,335
SHP_LINE3_DIR1,19.070829,72.848377,336
SHP_LINE3_DIR1,19.070789,72.848052,337
SHP_LINE3_DIR1,19.070700,72.847585,338
SHP_LINE3_DIR1,19.070672,72.847426,339
SHP_LINE3_DIR1,19.070642,72.847252,340
SHP_LINE3_DIR1,19.070635,72.847189,341
SHP_LINE3_DIR1,19.070637,72.847139,342
SHP_LINE3_DIR1,19.070648,72.847105,343
SHP_LINE3_DIR1,19.070667,72.847072,344
SHP_LINE3_DIR1,19.070696,72.847033,345
SHP_LINE3_DIR1,19.070716,72.847020,346
SHP_LINE3_DIR1,19.070760,72.847000,347
SHP_LINE3_DIR1,19.070802,72.846994,348
SHP_LINE3_DIR1,19.070874,72.846991,349
SHP_LINE3_DIR1,19.070995,72.846991,350
SHP_LINE3_DIR1,19.072285,72.847023,351
SHP_LINE3_DIR1,19.073793,72.847061,352
SHP_LINE3_DIR1,19.075309,72.847099,353
SHP_LINE3_DIR1,19.077156,72.847080,354
SHP_LINE3_DIR1,19.078597,72.847116,355
SHP_LINE3_DIR1,19.079631,72.847115,356
SHP_LINE3_DIR1,19.080132,72.847145,357
SHP_LINE3_DIR1,19.080403,72.847127,358
SHP_LINE3_DIR1,19.080871,72.847059,359
SHP_LINE3_DIR1,19.083004,72.846631,360
SHP_LINE3_DIR1,19.084314,72.846337,361
SHP_LINE3_DIR1,19.085262,72.846078,362
SHP_LINE3_DIR1,19.085681,72.845823,363
SHP_LINE3_DIR1,19.085915,72.845655,364
SHP_LINE3_DIR1,19.086127,72.845438,365
SHP_LINE3_DIR1,19.086686,72.844927,366
SHP_LINE3_DIR1,19.087464,72.844250,367
SHP_LINE3_DIR1,19.087787,72.844011,368
SHP_LINE3_DIR1,19.088022,72.843910,369
SHP_LINE3_DIR1,19.088370,72.843808,370
SHP_LINE3_DIR1,19.088656,72.843769,371
SHP_LINE3_DIR1,19.088847,72.843742,372
SHP_LINE3_DIR1,19.089123,72.843749,373
SHP_LINE3_DIR1,19.089325,72.843782,374
SHP_LINE3_DIR1,19.089643,72.843834,375
SHP_LINE3_DIR1,19.090131,72.843990,376
SHP_LINE3_DIR1,19.090516,72.844218,377
SHP_LINE3_DIR1,19.090790,72.844425,378
SHP_LINE3_DIR1,19.091023,72.844664,379
SHP_LINE3_DIR1,19.091214,72.844859,380
SHP_LINE3_DIR1,19.091377,72.845150,381
SHP_LINE3_DIR1,19.091539,72.845437,382
SHP_LINE3_DIR1,19.091653,72.845813,383
SHP_LINE3_DIR1,19.091890,72.846822,384
SHP_LINE3_DIR1,19.092058,72.847741,385
SHP_LINE3_DIR1,19.092207,72.848424,386
SHP_LINE3_DIR1,19.092328,72.849192,387
SHP_LINE3_DIR1,19.092404,72.849496,388
SHP_LINE3_DIR1,19.093924,72.853508,389
SHP_LINE3_DIR1,19.095078,72.855072,390
SHP_LINE3_DIR1,19.097442,72.856382,391
SHP_LINE3_DIR1,19.097670,72.856333,392
SHP_LINE3_DIR1,19.098814,72.854966,393
SHP_LINE3_DIR1,19.099187,72.854446,394
SHP_LINE3_DIR1,19.100022,72.854666,395
SHP_LINE3_DIR1,19.101439,72.855295,396
SHP_LINE3_DIR1,19.101847,72.855816,397
SHP_LINE3_DIR1,19.102072,72.856546,398
SHP_LINE3_DIR1,19.102062,72.857132,399
SHP_LINE3_DIR1,19.101970,72.858077,400
SHP_LINE3_DIR1,19.101933,72.860094,401
SHP_LINE3_DIR1,19.102529,72.865159,402
SHP_LINE3_DIR1,19.102720,72.866781,403
SHP_LINE3_DIR1,19.102813,72.868485,404
SHP_LINE3_DIR1,19.102947,72.872404,405
SHP_LINE3_DIR1,19.102935,72.874660,406
SHP_LINE3_DIR1,19.102928,72.875854,407
SHP_LINE3_DIR1,19.103226,72.877085,408
SHP_LINE3_DIR1,19.103509,72.877589,409
SHP_LINE3_DIR1,19.104146,72.878211,410
SHP_LINE3_DIR1,19.105145,72.878419,411
SHP_LINE3_DIR1,19.105723,72.878393,412
SHP_LINE3_DIR1,19.108350,72.879032,413
SHP_LINE3_DIR1,19.109177,72.878675,414
SHP_LINE3_DIR1,19.109567,72.878567,415
SHP_LINE3_DIR1,19.111049,72.878377,416
SHP_LINE3_DIR1,19.111622,72.878309,417
SHP_LINE3_DIR1,19.112312,72.878049,418
SHP_LINE3_DIR1,19.112838,72.877983,419
SHP_LINE3_DIR1,19.113085,72.878026,420
SHP_LINE3_DIR1,19.113702,72.878270,421
SHP_LINE3_DIR1,19.114378,72.878301,422
SHP_LINE3_DIR1,19.115016,72.878120,423
SHP_LINE3_DIR1,19.115507,72.877806,424
SHP_LINE3_DIR1,19.115863,72.877468,425
SHP_LINE3_DIR1,19.116316,72.876964,426
SHP_LINE3_DIR1,19.116881,72.876084,427
SHP_LINE3_DIR1,19.117156,72.875372,428
SHP_LINE3_DIR1,19.117485,72.873621,429
SHP_LINE3_DIR1,19.117564,72.873199,430
SHP_LINE3_DIR1,19.117961,72.872031,431
SHP_LINE3_DIR1,19.118124,72.871664,432
SHP_LINE3_DIR1,19.118354,72.871123,433
SHP_LINE3_DIR1,19.118597,72.870926,434
SHP_LINE3_DIR1,19.118864,72.870668,435
SHP_LINE3_DIR1,19.119375,72.870521,436
SHP_LINE3_DIR1,19.121209,72.870668,437
SHP_LINE3_DIR1,19.121731,72.870729,438
SHP_LINE3_DIR1,19.122379,72.871023,439
SHP_LINE3_DIR1,19.124773,72.872846,440
SHP_LINE3_DIR1,19.129488,72.876343,441
SHP_LINE3_DIR1,19.130358,72.876918,442
SHP_LINE3_DIR1,19.130942,72.877304,443
SHP_LINE3_DIR1,19.131284,72.877593,444
SHP_LINE3_DIR1,19.131507,72.878057,445
SHP_LINE3_DIR1,19.131633,72.878545,446
SHP_LINE3_DIR1,19.131655,72.879040,447
SHP_LINE3_DIR1,19.131031,72.884461,448
SHP_LINE3_DIR1,19.131010,72.884255,449
SHP_MONORAIL_DIR0,19.054045,72.894640,1
SHP_MONORAIL_DIR0,19.054045,72.894640,2
SHP_MONORAIL_DIR0,19.053237,72.894528,3
SHP_MONORAIL_DIR0,19.052666,72.894344,4
SHP_MONORAIL_DIR0,19.052418,72.894264,5
SHP_MONORAIL_DIR0,19.051769,72.894098,6
SHP_MONORAIL_DIR0,19.051251,72.894103,7
SHP_MONORAIL_DIR0,19.051144,72.894090,8
SHP_MONORAIL_DIR0,19.050769,72.893959,9
SHP_MONORAIL_DIR0,19.050066,72.893664,10
SHP_MONORAIL_DIR0,19.049551,72.893502,11
SHP_MONORAIL_DIR0,19.049346,72.893474,12
SHP_MONORAIL_DIR0,19.049065,72.893437,13
SHP_MONORAIL_DIR0,19.048877,72.893424,14
SHP_MONORAIL_DIR0,19.047636,72.893450,15
SHP_MONORAIL_DIR0,19.047472,72.893437,16
SHP_MONORAIL_DIR0,19.046897,72.893329,17
SHP_MONORAIL_DIR0,19.046658,72.893306,18
SHP_MONORAIL_DIR0,19.045430,72.893347,19
SHP_MONORAIL_DIR0,19.044267,72.893452,20
SHP_MONORAIL_DIR0,19.043915,72.893473,21
SHP_MONORAIL_DIR0,19.042245,72.893575,22
SHP_MONORAIL_DIR0,19.041898,72.893629,23
SHP_MONORAIL_DIR0,19.041672,72.893710,24
SHP_MONORAIL_DIR0,19.041062,72.893930,25
SHP_MONORAIL_DIR0,19.040068,72.894527,26
SHP_MONORAIL_DIR0,19.039673,72.894730,27
SHP_MONORAIL_DIR0,19.039311,72.894854,28
SHP_MONORAIL_DIR0,19.036483,72.895188,29
SHP_MONORAIL_DIR0,19.035339,72.895523,30
SHP_MONORAIL_DIR0,19.035250,72.895557,31
SHP_MONORAIL_DIR0,19.033655,72.896172,32
SHP_MONORAIL_DIR0,19.032439,72.896563,33
SHP_MONORAIL_DIR0,19.031895,72.896657,34
SHP_MONORAIL_DIR0,19.031355,72.896833,35
SHP_MONORAIL_DIR0,19.030952,72.896965,36
SHP_MONORAIL_DIR0,19.029653,72.897037,37
SHP_MONORAIL_DIR0,19.029325,72.897112,38
SHP_MONORAIL_DIR0,19.028809,72.897363,39
SHP_MONORAIL_DIR0,19.028564,72.897411,40
SHP_MONORAIL_DIR0,19.028263,72.897303,41
SHP_MONORAIL_DIR0,19.028124,72.897136,42
SHP_MONORAIL_DIR0,19.028030,72.896921,43
SHP_MONORAIL_DIR0,19.027864,72.893220,44
SHP_MONORAIL_DIR0,19.027826,72.892591,45
SHP_MONORAIL_DIR0,19.027728,72.891790,46
SHP_MONORAIL_DIR0,19.027716,72.891449,47
SHP_MONORAIL_DIR0,19.027657,72.889831,48
SHP_MONORAIL_DIR0,19.027676,72.889213,49
SHP_MONORAIL_DIR0,19.027753,72.888878,50
SHP_MONORAIL_DIR0,19.027827,72.888720,51
SHP_MONORAIL_DIR0,19.027950,72.888550,52
SHP_MONORAIL_DIR0,19.028398,72.888123,53
SHP_MONORAIL_DIR0,19.028453,72.887953,54
SHP_MONORAIL_DIR0,19.028455,72.887788,55
SHP_MONORAIL_DIR0,19.028441,72.887650,56
SHP_MONORAIL_DIR0,19.026779,72.884064,57
SHP_MONORAIL_DIR0,19.025082,72.880535,58
SHP_MONORAIL_DIR0,19.024309,72.878792,59
SHP_MONORAIL_DIR0,19.024294,72.878557,60
SHP_MONORAIL_DIR0,19.024342,72.878147,61
SHP_MONORAIL_DIR0,19.024463,72.877830,62
SHP_MONORAIL_DIR0,19.024680,72.877542,63
SHP_MONORAIL_DIR0,19.024882,72.877349,64
SHP_MONORAIL_DIR0,19.025126,72.877193,65
SHP_MONORAIL_DIR0,19.025257,72.877157,66
SHP_MONORAIL_DIR0,19.026073,72.877345,67
SHP_MONORAIL_DIR0,19.027844,72.877606,68
SHP_MONORAIL_DIR0,19.029039,72.877663,69
SHP_MONORAIL_DIR0,19.029676,72.877789,70
SHP_MONORAIL_DIR0,19.030285,72.877909,71
SHP_MONORAIL_DIR0,19.031112,72.878116,72
SHP_MONORAIL_DIR0,19.031704,72.878259,73
SHP_MONORAIL_DIR0,19.032066,72.878358,74
SHP_MONORAIL_DIR0,19.032191,72.878413,75
SHP_MONORAIL_DIR0,19.032419,72.878525,76
SHP_MONORAIL_DIR0,19.032809,72.878750,77
SHP_MONORAIL_DIR0,19.033604,72.879185,78
SHP_MONORAIL_DIR0,19.034229,72.879514,79
SHP_MONORAIL_DIR0,19.034620,72.879668,80
SHP_MONORAIL_DIR0,19.035174,72.879839,81
SHP_MONORAIL_DIR0,19.035724,72.880018,82
SHP_MONORAIL_DIR0,19.036143,72.880111,83
SHP_MONORAIL_DIR0,19.036694,72.880182,84
SHP_MONORAIL_DIR0,19.037000,72.880185,85
SHP_MONORAIL_DIR0,19.037265,72.880155,86
SHP_MONORAIL_DIR0,19.037455,72.880126,87
SHP_MONORAIL_DIR0,19.039383,72.879764,88
SHP_MONORAIL_DIR0,19.041160,72.879516,89
SHP_MONORAIL_DIR0,19.042160,72.879377,90
SHP_MONORAIL_DIR0,19.042367,72.879194,91
SHP_MONORAIL_DIR0,19.042502,72.879011,92
SHP_MONORAIL_DIR0,19.042597,72.878658,93
SHP_MONORAIL_DIR0,19.042587,72.878464,94
SHP_MONORAIL_DIR0,19.041912,72.876602,95
SHP_MONORAIL_DIR0,19.041399,72.875186,96
SHP_MONORAIL_DIR0,19.041118,72.874479,97
SHP_MONORAIL_DIR0,19.040939,72.874239,98
SHP_MONORAIL_DIR0,19.040765,72.874109,99
SHP_MONORAIL_DIR0,19.040505,72.874006,100
SHP_MONORAIL_DIR0,19.040219,72.873975,101
SHP_MONORAIL_DIR0,19.039125,72.873999,102
SHP_MONORAIL_DIR0,19.038876,72.874004,103
SHP_MONORAIL_DIR0,19.037376,72.874037,104
SHP_MONORAIL_DIR0,19.037101,72.873973,105
SHP_MONORAIL_DIR0,19.036875,72.873818,106
SHP_MONORAIL_DIR0,19.036771,72.873629,107
SHP_MONORAIL_DIR0,19.036705,72.873389,108
SHP_MONORAIL_DIR0,19.036711,72.872548,109
SHP_MONORAIL_DIR0,19.036721,72.870850,110
SHP_MONORAIL_DIR0,19.036723,72.870646,111
SHP_MONORAIL_DIR0,19.036706,72.868737,112
SHP_MONORAIL_DIR0,19.036660,72.868523,113
SHP_MONORAIL_DIR0,19.036595,72.868352,114
SHP_MONORAIL_DIR0,19.036438,72.868135,115
SHP_MONORAIL_DIR0,19.035544,72.867533,116
SHP_MONORAIL_DIR0,19.033802,72.866608,117
SHP_MONORAIL_DIR0,19.033602,72.866562,118
SHP_MONORAIL_DIR0,19.033392,72.866583,119
SHP_MONORAIL_DIR0,19.031775,72.867151,120
SHP_MONORAIL_DIR0,19.031394,72.867243,121
SHP_MONORAIL_DIR0,19.031062,72.867258,122
SHP_MONORAIL_DIR0,19.030640,72.867161,123
SHP_MONORAIL_DIR0,19.030170,72.867018,124
SHP_MONORAIL_DIR0,19.029594,72.866843,125
SHP_MONORAIL_DIR0,19.028907,72.866544,126
SHP_MONORAIL_DIR0,19.028724,72.866493,127
SHP_MONORAIL_DIR0,19.028466,72.866483,128
SHP_MONORAIL_DIR0,19.027567,72.866682,129
SHP_MONORAIL_DIR0,19.027379,72.866702,130
SHP_MONORAIL_DIR0,19.027162,72.866654,131
SHP_MONORAIL_DIR0,19.026239,72.866203,132
SHP_MONORAIL_DIR0,19.026099,72.866062,133
SHP_MONORAIL_DIR0,19.025981,72.865807,134
SHP_MONORAIL_DIR0,19.025943,72.865430,135
SHP_MONORAIL_DIR0,19.025904,72.865050,136
SHP_MONORAIL_DIR0,19.025825,72.864806,137
SHP_MONORAIL_DIR0,19.025533,72.864286,138
SHP_MONORAIL_DIR0,19.025400,72.864161,139
SHP_MONORAIL_DIR0,19.025217,72.864051,140
SHP_MONORAIL_DIR0,19.024651,72.863925,141
SHP_MONORAIL_DIR0,19.024190,72.863901,142
SHP_MONORAIL_DIR0,19.023839,72.863882,143
SHP_MONORAIL_DIR0,19.022335,72.863801,144
SHP_MONORAIL_DIR0,19.021542,72.863630,145
SHP_MONORAIL_DIR0,19.021325,72.863674,146
SHP_MONORAIL_DIR0,19.021185,72.863781,147
SHP_MONORAIL_DIR0,19.021084,72.863954,148
SHP_MONORAIL_DIR0,19.020934,72.864405,149
SHP_MONORAIL_DIR0,19.020826,72.864538,150
SHP_MONORAIL_DIR0,19.020631,72.864645,151
SHP_MONORAIL_DIR0,19.019582,72.864535,152
SHP_MONORAIL_DIR0,19.019358,72.864454,153
SHP_MONORAIL_DIR0,19.018794,72.864066,154
SHP_MONORAIL_DIR0,19.018495,72.863765,155
SHP_MONORAIL_DIR0,19.018388,72.863437,156
SHP_MONORAIL_DIR0,19.018437,72.862797,157
SHP_MONORAIL_DIR0,19.018582,72.860920,158
SHP_MONORAIL_DIR0,19.018587,72.860380,159
SHP_MONORAIL_DIR0,19.018553,72.860258,160
SHP_MONORAIL_DIR0,19.018464,72.860130,161
SHP_MONORAIL_DIR0,19.018322,72.860013,162
SHP_MONORAIL_DIR0,19.018032,72.859852,163
SHP_MONORAIL_DIR0,19.017536,72.859454,164
SHP_MONORAIL_DIR0,19.017460,72.859381,165
SHP_MONORAIL_DIR0,19.017105,72.859036,166
SHP_MONORAIL_DIR0,19.017035,72.858853,167
SHP_MONORAIL_DIR0,19.017013,72.858705,168
SHP_MONORAIL_DIR0,19.017069,72.858485,169
SHP_MONORAIL_DIR0,19.018139,72.856895,170
SHP_MONORAIL_DIR0,19.018609,72.856196,171
SHP_MONORAIL_DIR0,19.018643,72.855993,172
SHP_MONORAIL_DIR0,19.018621,72.855857,173
SHP_MONORAIL_DIR0,19.018599,72.855727,174
SHP_MONORAIL_DIR0,19.018536,72.855590,175
SHP_MONORAIL_DIR0,19.018384,72.855403,176
SHP_MONORAIL_DIR0,19.017365,72.853662,177
SHP_MONORAIL_DIR0,19.016374,72.852405,178
SHP_MONORAIL_DIR0,19.016244,72.852266,179
SHP_MONORAIL_DIR0,19.015813,72.851804,180
SHP_MONORAIL_DIR0,19.014742,72.850728,181
SHP_MONORAIL_DIR0,19.014475,72.850516,182
SHP_MONORAIL_DIR0,19.012756,72.849387,183
SHP_MONORAIL_DIR0,19.011867,72.848959,184
SHP_MONORAIL_DIR0,19.010112,72.848209,185
SHP_MONORAIL_DIR0,19.009482,72.847927,186
SHP_MONORAIL_DIR0,19.008341,72.847416,187
SHP_MONORAIL_DIR0,19.008022,72.847294,188
SHP_MONORAIL_DIR0,19.007285,72.847200,189
SHP_MONORAIL_DIR0,19.007029,72.847141,190
SHP_MONORAIL_DIR0,19.006574,72.846891,191
SHP_MONORAIL_DIR0,19.005901,72.846292,192
SHP_MONORAIL_DIR0,19.005829,72.846149,193
SHP_MONORAIL_DIR0,19.005627,72.845342,194
SHP_MONORAIL_DIR0,19.005511,72.844964,195
SHP_MONORAIL_DIR0,19.005414,72.844650,196
SHP_MONORAIL_DIR0,19.005312,72.844451,197
SHP_MONORAIL_DIR0,19.004903,72.843862,198
SHP_MONORAIL_DIR0,19.003889,72.842402,199
SHP_MONORAIL_DIR0,19.003783,72.842295,200
SHP_MONORAIL_DIR0,19.003628,72.842221,201
SHP_MONORAIL_DIR0,19.003484,72.842208,202
SHP_MONORAIL_DIR0,19.003361,72.842226,203
SHP_MONORAIL_DIR0,19.003187,72.842340,204
SHP_MONORAIL_DIR0,19.002303,72.843324,205
SHP_MONORAIL_DIR0,19.001688,72.844166,206
SHP_MONORAIL_DIR0,19.001015,72.845168,207
SHP_MONORAIL_DIR0,19.000632,72.846210,208
SHP_MONORAIL_DIR0,19.000454,72.846384,209
SHP_MONORAIL_DIR0,19.000233,72.846460,210
SHP_MONORAIL_DIR0,19.000085,72.846432,211
SHP_MONORAIL_DIR0,18.999603,72.846343,212
SHP_MONORAIL_DIR0,18.998687,72.846275,213
SHP_MONORAIL_DIR0,18.998388,72.846198,214
SHP_MONORAIL_DIR0,18.998140,72.846134,215
SHP_MONORAIL_DIR0,18.996828,72.845448,216
SHP_MONORAIL_DIR0,18.996447,72.845298,217
SHP_MONORAIL_DIR0,18.994890,72.845003,218
SHP_MONORAIL_DIR0,18.994525,72.844779,219
SHP_MONORAIL_DIR0,18.994449,72.844505,220
SHP_MONORAIL_DIR0,18.994490,72.843484,221
SHP_MONORAIL_DIR0,18.994855,72.839819,222
SHP_MONORAIL_DIR0,18.995308,72.837235,223
SHP_MONORAIL_DIR0,18.995414,72.836631,224
SHP_MONORAIL_DIR0,18.995408,72.836040,225
SHP_MONORAIL_DIR0,18.995267,72.834882,226
SHP_MONORAIL_DIR0,18.995164,72.833371,227
SHP_MONORAIL_DIR0,18.995234,72.832011,228
SHP_MONORAIL_DIR0,18.995162,72.831764,229
SHP_MONORAIL_DIR0,18.995027,72.831569,230
SHP_MONORAIL_DIR0,18.994869,72.831494,231
SHP_MONORAIL_DIR0,18.994168,72.831521,232
SHP_MONORAIL_DIR0,18.993185,72.831560,233
SHP_MONORAIL_DIR0,18.991789,72.831615,234
SHP_MONORAIL_DIR0,18.990006,72.831685,235
SHP_MONORAIL_DIR0,18.987061,72.831800,236
SHP_MONORAIL_DIR0,18.986586,72.831764,237
SHP_MONORAIL_DIR0,18.986268,72.831559,238
SHP_MONORAIL_DIR0,18.983135,72.828654,239
SHP_MONORAIL_DIR0,18.983135,72.828654,240
SHP_MONORAIL_DIR1,18.983135,72.828654,1
SHP_MONORAIL_DIR1,18.983135,72.828654,2
SHP_MONORAIL_DIR1,18.986268,72.831559,3
SHP_MONORAIL_DIR1,18.986586,72.831764,4
SHP_MONORAIL_DIR1,18.987061,72.831800,5
SHP_MONORAIL_DIR1,18.990006,72.831685,6
SHP_MONORAIL_DIR1,18.991789,72.831615,7
SHP_MONORAIL_DIR1,18.993185,72.831560,8
SHP_MONORAIL_DIR1,18.994168,72.831521,9
SHP_MONORAIL_DIR1,18.994869,72.831494,10
SHP_MONORAIL_DIR1,18.995027,72.831569,11
SHP_MONORAIL_DIR1,18.995162,72.831764,12
SHP_MONORAIL_DIR1,18.995234,72.832011,13
SHP_MONORAIL_DIR1,18.995164,72.833371,14
SHP_MONORAIL_DIR1,18.995267,72.834882,15
SHP_MONORAIL_DIR1,18.995408,72.836040,16
SHP_MONORAIL_DIR1,18.995414,72.836631,17
SHP_MONORAIL_DIR1,18.995308,72.837235,18
SHP_MONORAIL_DIR1,18.994855,72.839819,19
SHP_MONORAIL_DIR1,18.994490,72.843484,20
SHP_MONORAIL_DIR1,18.994449,72.844505,21
SHP_MONORAIL_DIR1,18.994525,72.844779,22
SHP_MONORAIL_DIR1,18.994890,72.845003,23
SHP_MONORAIL_DIR1,18.996447,72.845298,24
SHP_MONORAIL_DIR1,18.996828,72.845448,25
SHP_MONORAIL_DIR1,18.998140,72.846134,26
SHP_MONORAIL_DIR1,18.998388,72.846198,27
SHP_MONORAIL_DIR1,18.998687,72.846275,28
SHP_MONORAIL_DIR1,18.999603,72.846343,29
SHP_MONORAIL_DIR1,19.000085,72.846432,30
SHP_MONORAIL_DIR1,19.000233,72.846460,31
SHP_MONORAIL_DIR1,19.000454,72.846384,32
SHP_MONORAIL_DIR1,19.000632,72.846210,33
SHP_MONORAIL_DIR1,19.001015,72.845168,34
SHP_MONORAIL_DIR1,19.001688,72.844166,35
SHP_MONORAIL_DIR1,19.002303,72.843324,36
SHP_MONORAIL_DIR1,19.003187,72.842340,37
SHP_MONORAIL_DIR1,19.003361,72.842226,38
SHP_MONORAIL_DIR1,19.003484,72.842208,39
SHP_MONORAIL_DIR1,19.003628,72.842221,40
SHP_MONORAIL_DIR1,19.003783,72.842295,41
SHP_MONORAIL_DIR1,19.003889,72.842402,42
SHP_MONORAIL_DIR1,19.004903,72.843862,43
SHP_MONORAIL_DIR1,19.005312,72.844451,44
SHP_MONORAIL_DIR1,19.005414,72.844650,45
SHP_MONORAIL_DIR1,19.005511,72.844964,46
SHP_MONORAIL_DIR1,19.005627,72.845342,47
SHP_MONORAIL_DIR1,19.005829,72.846149,48
SHP_MONORAIL_DIR1,19.005901,72.846292,49
SHP_MONORAIL_DIR1,19.006574,72.846891,50
SHP_MONORAIL_DIR1,19.007029,72.847141,51
SHP_MONORAIL_DIR1,19.007285,72.847200,52
SHP_MONORAIL_DIR1,19.008022,72.847294,53
SHP_MONORAIL_DIR1,19.008341,72.847416,54
SHP_MONORAIL_DIR1,19.009482,72.847927,55
SHP_MONORAIL_DIR1,19.010112,72.848209,56
SHP_MONORAIL_DIR1,19.011867,72.848959,57
SHP_MONORAIL_DIR1,19.012756,72.849387,58
SHP_MONORAIL_DIR1,19.014475,72.850516,59
SHP_MONORAIL_DIR1,19.014742,72.850728,60
SHP_MONORAIL_DIR1,19.015813,72.851804,61
SHP_MONORAIL_DIR1,19.016244,72.852266,62
SHP_MONORAIL_DIR1,19.016374,72.852405,63
SHP_MONORAIL_DIR1,19.017365,72.853662,64
SHP_MONORAIL_DIR1,19.018384,72.855403,65
SHP_MONORAIL_DIR1,19.018536,72.855590,66
SHP_MONORAIL_DIR1,19.018599,72.855727,67
SHP_MONORAIL_DIR1,19.018621,72.855857,68
SHP_MONORAIL_DIR1,19.018643,72.855993,69
SHP_MONORAIL_DIR1,19.018609,72.856196,70
SHP_MONORAIL_DIR1,19.018139,72.856895,71
SHP_MONORAIL_DIR1,19.017069,72.858485,72
SHP_MONORAIL_DIR1,19.017013,72.858705,73
SHP_MONORAIL_DIR1,19.017035,72.858853,74
SHP_MONORAIL_DIR1,19.017105,72.859036,75
SHP_MONORAIL_DIR1,19.017460,72.859381,76
SHP_MONORAIL_DIR1,19.017536,72.859454,77
SHP_MONORAIL_DIR1,19.018032,72.859852,78
SHP_MONORAIL_DIR1,19.018322,72.860013,79
SHP_MONORAIL_DIR1,19.018464,72.860130,80
SHP_MONORAIL_DIR1,19.018553,72.860258,81
SHP_MONORAIL_DIR1,19.018587,72.860380,82
SHP_MONORAIL_DIR1,19.018582,72.860920,83
SHP_MONORAIL_DIR1,19.018437,72.862797,84
SHP_MONORAIL_DIR1,19.018388,72.863437,85
SHP_MONORAIL_DIR1,19.018495,72.863765,86
SHP_MONORAIL_DIR1,19.018794,72.864066,87
SHP_MONORAIL_DIR1,19.019358,72.864454,88
SHP_MONORAIL_DIR1,19.019582,72.864535,89
SHP_MONORAIL_DIR1,19.020631,72.864645,90
SHP_MONORAIL_DIR1,19.020826,72.864538,91
SHP_MONORAIL_DIR1,19.020934,72.864405,92
SHP_MONORAIL_DIR1,19.021084,72.863954,93
SHP_MONORAIL_DIR1,19.021185,72.863781,94
SHP_MONORAIL_DIR1,19.021325,72.863674,95
SHP_MONORAIL_DIR1,19.021542,72.863630,96
SHP_MONORAIL_DIR1,19.022335,72.863801,97
SHP_MONORAIL_DIR1,19.023839,72.863882,98
SHP_MONORAIL_DIR1,19.024190,72.863901,99
SHP_MONORAIL_DIR1,19.024651,72.863925,100
SHP_MONORAIL_DIR1,19.025217,72.864051,101
SHP_MONORAIL_DIR1,19.025400,72.864161,102
SHP_MONORAIL_DIR1,19.025533,72.864286,103
SHP_MONORAIL_DIR1,19.025825,72.864806,104
SHP_MONORAIL_DIR1,19.025904,72.865050,105
SHP_MONORAIL_DIR1,19.025943,72.865430,106
SHP_MONORAIL_DIR1,19.025981,72.865807,107
SHP_MONORAIL_DIR1,19.026099,72.866062,108
SHP_MONORAIL_DIR1,19.026239,72.866203,109
SHP_MONORAIL_DIR1,19.027162,72.866654,110
SHP_MONORAIL_DIR1,19.027379,72.866702,111
SHP_MONORAIL_DIR1,19.027567,72.866682,112
SHP_MONORAIL_DIR1,19.028466,72.866483,113
SHP_MONORAIL_DIR1,19.028724,72.866493,114
SHP_MONORAIL_DIR1,19.028907,72.866544,115
SHP_MONORAIL_DIR1,19.029594,72.866843,116
SHP_MONORAIL_DIR1,19.030170,72.867018,117
SHP_MONORAIL_DIR1,19.030640,72.867161,118
SHP_MONORAIL_DIR1,19.031062,72.867258,119
SHP_MONORAIL_DIR1,19.031394,72.867243,120
SHP_MONORAIL_DIR1,19.031775,72.867151,121
SHP_MONORAIL_DIR1,19.033392,72.866583,122
SHP_MONORAIL_DIR1,19.033602,72.866562,123
SHP_MONORAIL_DIR1,19.033802,72.866608,124
SHP_MONORAIL_DIR1,19.035544,72.867533,125
SHP_MONORAIL_DIR1,19.036438,72.868135,126
SHP_MONORAIL_DIR1,19.036595,72.868352,127
SHP_MONORAIL_DIR1,19.036660,72.868523,128
SHP_MONORAIL_DIR1,19.036706,72.868737,129
SHP_MONORAIL_DIR1,19.036723,72.870646,130
SHP_MONORAIL_DIR1,19.036721,72.870850,131
SHP_MONORAIL_DIR1,19.036711,72.872548,132
SHP_MONORAIL_DIR1,19.036705,72.873389,133
SHP_MONORAIL_DIR1,19.036771,72.873629,134
SHP_MONORAIL_DIR1,19.036875,72.873818,135
SHP_MONORAIL_DIR1,19.037101,72.873973,136
SHP_MONORAIL_DIR1,19.037376,72.874037,137
SHP_MONORAIL_DIR1,19.038876,72.874004,138
SHP_MONORAIL_DIR1,19.039125,72.873999,139
SHP_MONORAIL_DIR1,19.040219,72.873975,140
SHP_MONORAIL_DIR1,19.040505,72.874006,141
SHP_MONORAIL_DIR1,19.040765,72.874109,142
SHP_MONORAIL_DIR1,19.040939,72.874239,143
SHP_MONORAIL_DIR1,19.041118,72.874479,144
SHP_MONORAIL_DIR1,19.041399,72.875186,145
SHP_MONORAIL_DIR1,19.041912,72.876602,146
SHP_MONORAIL_DIR1,19.042587,72.878464,147
SHP_MONORAIL_DIR1,19.042597,72.878658,148
SHP_MONORAIL_DIR1,19.042502,72.879011,149
SHP_MONORAIL_DIR1,19.042367,72.879194,150
SHP_MONORAIL_DIR1,19.042160,72.879377,151
SHP_MONORAIL_DIR1,19.041160,72.879516,152
SHP_MONORAIL_DIR1,19.039383,72.879764,153
SHP_MONORAIL_DIR1,19.037455,72.880126,154
SHP_MONORAIL_DIR1,19.037265,72.880155,155
SHP_MONORAIL_DIR1,19.037000,72.880185,156
SHP_MONORAIL_DIR1,19.036694,72.880182,157
SHP_MONORAIL_DIR1,19.036143,72.880111,158
SHP_MONORAIL_DIR1,19.035724,72.880018,159
SHP_MONORAIL_DIR1,19.035174,72.879839,160
SHP_MONORAIL_DIR1,19.034620,72.879668,161
SHP_MONORAIL_DIR1,19.034229,72.879514,162
SHP_MONORAIL_DIR1,19.033604,72.879185,163
SHP_MONORAIL_DIR1,19.032809,72.878750,164
SHP_MONORAIL_DIR1,19.032419,72.878525,165
SHP_MONORAIL_DIR1,19.032191,72.878413,166
SHP_MONORAIL_DIR1,19.032066,72.878358,167
SHP_MONORAIL_DIR1,19.031704,72.878259,168
SHP_MONORAIL_DIR1,19.031112,72.878116,169
SHP_MONORAIL_DIR1,19.030285,72.877909,170
SHP_MONORAIL_DIR1,19.029676,72.877789,171
SHP_MONORAIL_DIR1,19.029039,72.877663,172
SHP_MONORAIL_DIR1,19.027844,72.877606,173
SHP_MONORAIL_DIR1,19.026073,72.877345,174
SHP_MONORAIL_DIR1,19.025257,72.877157,175
SHP_MONORAIL_DIR1,19.025126,72.877193,176
SHP_MONORAIL_DIR1,19.024882,72.877349,177
SHP_MONORAIL_DIR1,19.024680,72.877542,178
SHP_MONORAIL_DIR1,19.024463,72.877830,179
SHP_MONORAIL_DIR1,19.024342,72.878147,180
SHP_MONORAIL_DIR1,19.024294,72.878557,181
SHP_MONORAIL_DIR1,19.024309,72.878792,182
SHP_MONORAIL_DIR1,19.025082,72.880535,183
SHP_MONORAIL_DIR1,19.026779,72.884064,184
SHP_MONORAIL_DIR1,19.028441,72.887650,185
SHP_MONORAIL_DIR1,19.028455,72.887788,186
SHP_MONORAIL_DIR1,19.028453,72.887953,187
SHP_MONORAIL_DIR1,19.028398,72.888123,188
SHP_MONORAIL_DIR1,19.027950,72.888550,189
SHP_MONORAIL_DIR1,19.027827,72.888720,190
SHP_MONORAIL_DIR1,19.027753,72.888878,191
SHP_MONORAIL_DIR1,19.027676,72.889213,192
SHP_MONORAIL_DIR1,19.027657,72.889831,193
SHP_MONORAIL_DIR1,19.027716,72.891449,194
SHP_MONORAIL_DIR1,19.027728,72.891790,195
SHP_MONORAIL_DIR1,19.027826,72.892591,196
SHP_MONORAIL_DIR1,19.027864,72.893220,197
SHP_MONORAIL_DIR1,19.028030,72.896921,198
SHP_MONORAIL_DIR1,19.028124,72.897136,199
SHP_MONORAIL_DIR1,19.028263,72.897303,200
SHP_MONORAIL_DIR1,19.028564,72.897411,201
SHP_MONORAIL_DIR1,19.028809,72.897363,202
SHP_MONORAIL_DIR1,19.029325,72.897112,203
SHP_MONORAIL_DIR1,19.029653,72.897037,204
SHP_MONORAIL_DIR1,19.030952,72.896965,205
SHP_MONORAIL_DIR1,19.031355,72.896833,206
SHP_MONORAIL_DIR1,19.031895,72.896657,207
SHP_MONORAIL_DIR1,19.032439,72.896563,208
SHP_MONORAIL_DIR1,19.033655,72.896172,209
SHP_MONORAIL_DIR1,19.035250,72.895557,210
SHP_MONORAIL_DIR1,19.035339,72.895523,211
SHP_MONORAIL_DIR1,19.036483,72.895188,212
SHP_MONORAIL_DIR1,19.039311,72.894854,213
SHP_MONORAIL_DIR1,19.039673,72.894730,214
SHP_MONORAIL_DIR1,19.040068,72.894527,215
SHP_MONORAIL_DIR1,19.041062,72.893930,216
SHP_MONORAIL_DIR1,19.041672,72.893710,217
SHP_MONORAIL_DIR1,19.041898,72.893629,218
SHP_MONORAIL_DIR1,19.042245,72.893575,219
SHP_MONORAIL_DIR1,19.043915,72.893473,220
SHP_MONORAIL_DIR1,19.044267,72.893452,221
SHP_MONORAIL_DIR1,19.045430,72.893347,222
SHP_MONORAIL_DIR1,19.046658,72.893306,223
SHP_MONORAIL_DIR1,19.046897,72.893329,224
SHP_MONORAIL_DIR1,19.047472,72.893437,225
SHP_MONORAIL_DIR1,19.047636,72.893450,226
SHP_MONORAIL_DIR1,19.048877,72.893424,227
SHP_MONORAIL_DIR1,19.049065,72.893437,228
SHP_MONORAIL_DIR1,19.049346,72.893474,229
SHP_MONORAIL_DIR1,19.049551,72.893502,230
SHP_MONORAIL_DIR1,19.050066,72.893664,231
SHP_MONORAIL_DIR1,19.050769,72.893959,232
SHP_MONORAIL_DIR1,19.051144,72.894090,233
SHP_MONORAIL_DIR1,19.051251,72.894103,234
SHP_MONORAIL_DIR1,19.051769,72.894098,235
SHP_MONORAIL_DIR1,19.052418,72.894264,236
SHP_MONORAIL_DIR1,19.052666,72.894344,237
SHP_MONORAIL_DIR1,19.053237,72.894528,238
SHP_MONORAIL_DIR1,19.054045,72.894640,239
SHP_MONORAIL_DIR1,19.054045,72.894640,240
