<?xml version="1.0" encoding="UTF-8"?>
<kml xmlns="http://www.opengis.net/kml/2.2" xmlns:gx="http://www.google.com/kml/ext/2.2" xmlns:kml="http://www.opengis.net/kml/2.2" xmlns:atom="http://www.w3.org/2005/Atom">
<Document>
	<name>ML2.kml</name>
	<open>1</open>
	<StyleMap id="m_ylw-pushpin">
		<Pair>
			<key>normal</key>
			<styleUrl>#s_ylw-pushpin</styleUrl>
		</Pair>
		<Pair>
			<key>highlight</key>
			<styleUrl>#s_ylw-pushpin_hl</styleUrl>
		</Pair>
	</StyleMap>
	<Style id="s_ylw-pushpin">
		<IconStyle>
			<scale>1.1</scale>
			<Icon>
				<href>http://maps.google.com/mapfiles/kml/pushpin/ylw-pushpin.png</href>
			</Icon>
			<hotSpot x="20" y="2" xunits="pixels" yunits="pixels"/>
		</IconStyle>
		<LineStyle>
			<color>ffffaa55</color>
			<width>3</width>
		</LineStyle>
		<PolyStyle>
			<color>66ffaa55</color>
		</PolyStyle>
	</Style>
	<Style id="s_ylw-pushpin_hl">
		<IconStyle>
			<scale>1.3</scale>
			<Icon>
				<href>http://maps.google.com/mapfiles/kml/pushpin/ylw-pushpin.png</href>
			</Icon>
			<hotSpot x="20" y="2" xunits="pixels" yunits="pixels"/>
		</IconStyle>
		<LineStyle>
			<color>ffffaa55</color>
			<width>3</width>
		</LineStyle>
		<PolyStyle>
			<color>66ffaa55</color>
		</PolyStyle>
	</Style>
	<Placemark>
		<styleUrl>#m_ylw-pushpin</styleUrl>
		<Polygon>
			<outerBoundaryIs>
				<LinearRing>
					<coordinates>
						72.8312195058337,19.1299620179086,0 72.8307286402535,19.1278452040069,0 72.8307696583357,19.1278366112765,0 72.83076671018701,19.1278151926749,0 72.8307639388358,19.1277937527588,0 72.8307613444526,19.1277722928465,0 72.8307589271966,19.1277508142575,0 72.83075668721671,19.1277293183127,0 72.8307546246504,19.1277078063338,0 72.8307527396244,19.1276862796435,0 72.8307510322546,19.1276647395656,0 72.8307495026459,19.1276431874246,0 72.8307481508924,19.1276216245458,0 72.830746977077,19.1276000522549,0 72.8307459812719,19.1275784718788,0 72.83074478839311,19.1275452735103,0 72.8307439818569,19.1275115493671,0 72.83074354928679,19.1274780337461,0 72.83074345268361,19.1274447304337,0 72.8307436546546,19.1274116422565,0 72.8307441184301,19.1273787711845,0 72.8307448078773,19.1273461184396,0 72.8307456875084,19.1273136846032,0 72.83074672248689,19.1272814697191,0 72.83074787862989,19.1272494733951,0 72.830749122409,19.1272176949003,0 72.8307504165352,19.1271862405491,0 72.83075174204519,19.1271547869132,0 72.8307948685451,19.126135521372,0 72.8307959689129,19.1261094275861,0 72.83079703344281,19.1260836653177,0 72.8307980509627,19.1260579919846,0 72.8307989967426,19.1260324974626,0 72.8307998503229,19.1260071812728,0 72.8308005916968,19.1259820431407,0 72.83080120131071,19.1259570830411,0 72.83080166006511,19.1259323012361,0 72.8308019493174,19.1259076983167,0 72.83080205088569,19.1258832752384,0 72.8308019470533,19.1258590333582,0 72.8308016205762,19.1258349744671,0 72.83080105469099,19.1258111008234,0 72.8308002331258,19.1257874151823,0 72.8307991401114,19.1257639208205,0 72.8307977603961,19.1257406215695,0 72.8307960792614,19.1257175218334,0 72.8307940825418,19.125694626628,0 72.8307916702923,19.12567109941,0 72.830789656078,19.1256539209013,0 72.8307874322185,19.1256367657717,0 72.8307849990137,19.1256196363323,0 72.8307823567912,19.125602534891,0 72.8307795059072,19.125585463752,0 72.8307764467459,19.1255684252153,0 72.8307731797194,19.1255514215765,0 72.8307697052681,19.1255344551265,0 72.83076602385999,19.1255175281513,0 72.83076213599131,19.1255006429314,0 72.83075804218591,19.1254838017417,0 72.8307537429953,19.1254670068512,0 72.83074752953981,19.125444117707,0 72.830741153525,19.1254219577853,0 72.8307344072972,19.1253997084559,0 72.83072730597461,19.1253773698208,0 72.8307198649744,19.1253549412276,0 72.83071210000701,19.1253324213094,0 72.83070402707079,19.1253098080144,0 72.8306956624467,19.125287098633,0 72.8306870226984,19.1252642898289,0 72.830678124673,19.1252413776718,0 72.8306689855043,19.125218357668,0 72.83065962261951,19.125195224797,0 72.8306500537467,19.125171973546,0 72.8306402969244,19.1251485979447,0 72.8306303705124,19.1251250915988,0 72.83062029320971,19.1251014477435,0 72.8306100840649,19.1250776592689,0 72.8305997263405,19.1250536349098,0 72.8305893481006,19.1250296181105,0 72.8305893573726,19.1250296395646,0 72.8305727988288,19.1249913205463,0 72.83055614268881,19.1249526898305,0 72.83053951514781,19.1249139525432,0 72.8305229135252,19.1248750144757,0 72.83050637095521,19.1248358632131,0 72.83048992110049,19.1247964864793,0 72.8304735981807,19.1247568722138,0 72.83045743700301,19.1247170086524,0 72.8304414729884,19.1246768844085,0 72.8304257421993,19.1246364885596,0 72.83041028136211,19.1245958107295,0 72.83039532011431,19.1245553608796,0 72.8303882703726,19.1245358863726,0 72.8303813117752,19.124516382273,0 72.83037444445949,19.1244968489663,0 72.8303676685612,19.1244772868382,0 72.830360984214,19.1244576962756,0 72.8303543915501,19.1244380776652,0 72.8303478906996,19.1244184313949,0 72.830341481791,19.1243987578528,0 72.8303351649507,19.1243790574275,0 72.8303289403038,19.1243593305084,0 72.8303228079731,19.1243395774853,0 72.8303167680798,19.1243197987484,0 72.830304483135,19.124278542632,0 72.83029246839401,19.1242368266158,0 72.8302808452102,19.1241951932951,0 72.8302695772735,19.1241536542964,0 72.8302586284854,19.124112220435,0 72.83024796299119,19.1240709017987,0 72.830237545209,19.1240297078277,0 72.8302273398574,19.1239886473996,0 72.83021731197979,19.1239477289093,0 72.8302074269687,19.1239069603534,0 72.83019767132061,19.123866435541,0 72.8301879488719,19.1238259030513,0 72.8294919576233,19.1209225342495,0 72.82995518298181,19.1208222096191,0 72.8306511685268,19.1237255200442,0 72.8306608082833,19.1237657079346,0 72.8306704810996,19.1238058881878,0 72.8306801574462,19.1238457956827,0 72.8306898901719,19.1238855093512,0 72.83069971091121,19.1239250218681,0 72.830709650801,19.1239643257146,0 72.8307197404626,19.1240034131156,0 72.8307300099807,19.1240422759744,0 72.83074048888309,19.1240809058105,0 72.8307512061165,19.1241192936975,0 72.8307621900213,19.1241574302025,0 72.8307736226224,19.1241958235562,0 72.8307790299919,19.1242135166186,0 72.83078451932499,19.1242311868641,0 72.83079009051529,19.1242488339494,0 72.8307957434545,19.1242664575322,0 72.8308014780331,19.1242840572701,0 72.8308072941397,19.1243016328216,0 72.83081319166131,19.1243191838454,0 72.83081917048359,19.124336710001,0 72.8308252304904,19.124354210948,0 72.8308313715643,19.1243716863466,0 72.8308375935861,19.1243891358576,0 72.8308438964348,19.1244065591423,0 72.8308578196216,19.1244442021621,0 72.83087195392071,19.1244813895648,0 72.830886458553,19.1245186364395,0 72.8309013046365,19.1245559505934,0 72.83091646310091,19.1245933405804,0 72.83093190467039,19.1246308156347,0 72.8309475998465,19.1246683856112,0 72.830963518887,19.1247060609205,0 72.8309796317842,19.1247438524668,0 72.83099590823841,19.1247817715802,0 72.8310122823147,19.1248197482211,0 72.83102881743631,19.1248580128012,0 72.8310288320818,19.1248580466853,0 72.83103935512391,19.1248823988082,0 72.83104985748309,19.1249067584855,0 72.8310604266959,19.1249313858003,0 72.8310710050683,19.1249562051282,0 72.83108157057271,19.1249812247191,0 72.8310921006733,19.1250064527891,0 72.8311025723049,19.1250318974673,0 72.8311129618485,19.1250575667263,0 72.8311232451168,19.1250834683393,0 72.83113339733239,19.1251096098117,0 72.8311433931101,19.1251359983176,0 72.8311532064409,19.1251626406356,0 72.8311628106773,19.1251895430799,0 72.831172178521,19.1252167114299,0 72.8311812820135,19.1252441508582,0 72.8311900925284,19.1252718658538,0 72.8311985807679,19.1252998601457,0 72.8312067167668,19.1253281366358,0 72.83121423295241,19.1253558244905,0 72.831219937507,19.1253780209036,0 72.831225366729,19.1254002796145,0 72.8312305198656,19.1254225975377,0 72.8312353962026,19.1254449715799,0 72.8312399950638,19.1254673986394,0 72.8312443158118,19.1254898756076,0 72.8312483578473,19.1255123993688,0 72.8312521206101,19.1255349668008,0 72.8312556035783,19.1255575747755,0 72.8312588062692,19.1255802201591,0 72.8312617282386,19.1256028998126,0 72.8312643690815,19.1256256105921,0 72.8312672871626,19.1256540705018,0 72.8312698350892,19.125683285108,0 72.83127195038421,19.1257123493042,0 72.83127366224289,19.1257412560568,0 72.8312749995317,19.125769999326,0 72.8312759907612,19.125798574006,0 72.83127666406131,19.125826975852,0 72.8312770471606,19.1258552014013,0 72.83127716736929,19.1258832479082,0 72.83127705156529,19.1259111132703,0 72.8312767261837,19.1259387959609,0 72.8312762172077,19.1259662949609,0 72.8312755501634,19.1259936096946,0 72.8312747501148,19.1260207399649,0 72.8312738416618,19.1260476858926,0 72.83127284893951,19.1260744478546,0 72.8312717956177,19.126101026427,0 72.8312707010852,19.1261275128437,0 72.8312695982424,19.1261536669841,0 72.8312264776452,19.1271728614837,0 72.8312251700945,19.1272038859836,0 72.83122389371199,19.1272349112161,0 72.83122269201181,19.1272656168289,0 72.831221590235,19.1272961109748,0 72.83122061740021,19.1273263942525,0 72.83121980189161,19.1273564669215,0 72.83121917145699,19.127386328829,0 72.83121875320479,19.1274159793419,0 72.8312185735993,19.1274454172803,0 72.831218658452,19.1274746408546,0 72.83121903291131,19.1275036476058,0 72.83121972144851,19.1275324343381,0 72.8312207729937,19.1275616969908,0 72.831221454,19.1275765090294,0 72.8312222353125,19.1275913165944,0 72.8312231168988,19.1276061190718,0 72.8312240987225,19.1276209158484,0 72.83122518074291,19.127635706311,0 72.8312263629152,19.1276504898466,0 72.8312276451904,19.1276652658426,0 72.83122902751531,19.1276800336866,0 72.83123050983291,19.1276947927667,0 72.83123209208161,19.1277095424711,0 72.8312337741958,19.1277242821887,0 72.83123555610609,19.1277390113086,0 72.83124948357241,19.1277360936518,0 72.8317404716035,19.1298528825437,0 72.8317119909638,19.1298588488998,0 72.8317125645553,19.1298613224044,0 72.83171809658511,19.1298852006001,0 72.8317236589119,19.1299093456014,0 72.8317292205748,19.129933764193,0 72.8317347494948,19.1299584627443,0 72.8317402125455,19.129983447501,0 72.83174557552999,19.1300087244671,0 72.83175080315981,19.1300342992803,0 72.8317558590352,19.1300601770786,0 72.83176070562961,19.1300863623631,0 72.83176530427851,19.1301128588536,0 72.8317696151725,19.1301396693374,0 72.8317735973606,19.1301667955281,0 72.8317770888073,19.1301933264562,0 72.8317808236737,19.1302259656015,0 72.83178393379011,19.1302586638735,0 72.8317864181289,19.1302914104703,0 72.8317882758687,19.1303241945738,0 72.83178950639559,19.1303570053536,0 72.8317901093026,19.1303898319705,0 72.83179008439021,19.1304226635799,0 72.83178943166639,19.1304554893358,0 72.8317881513464,19.130488298394,0 72.83178624385251,19.1305210799159,0 72.8317837098149,19.1305538230717,0 72.83178055007011,19.1305865170445,0 72.8317775261642,19.130613099803,0 72.83177402206989,19.1306402855024,0 72.83177018375611,19.130667160774,0 72.8317660521972,19.1306937266785,0 72.8317616672452,19.1307199853676,0 72.83175706762491,19.1307459399435,0 72.83175229093681,19.1307715943088,0 72.8317473736664,19.1307969530202,0 72.83174235119689,19.130822021152,0 72.831737257827,19.1308468041621,0 72.8317321267898,19.1308713077658,0 72.8317269902735,19.1308955378174,0 72.8317218700215,19.1309195443517,0 72.8317218742183,19.1309195246846,0 72.831716444633,19.1309449725558,0 72.8317110364399,19.130970424124,0 72.83170572621189,19.1309956205,0 72.83170051560479,19.13102065321,0 72.83169542451439,19.1310455257863,0 72.8316904724343,19.1310702414937,0 72.8316856784616,19.1310948033003,0 72.831681061303,19.1311192138223,0 72.83167663927961,19.1311434752923,0 72.8316724303287,19.131167589523,0 72.83166845200471,19.1311915578715,0 72.8316647214789,19.1312153812049,0 72.83166125553591,19.131239059869,0 72.8316580705695,19.131262593656,0 72.83165518257511,19.1312859817767,0 72.83165260714161,19.1313092228324,0 72.8316503594391,19.1313323147889,0 72.8316484542069,19.1313552549385,0 72.831646849,19.1313788747708,0 72.8316461700888,19.1313911550423,0 72.83164559643269,19.1314034401619,0 72.8316451280695,19.1314157293147,0 72.8316447650305,19.1314280216856,0 72.8316445073398,19.131440316459,0 72.83164435501431,19.1314526128195,0 72.8316443080643,19.1314649099512,0 72.8316443664929,19.1314772070386,0 72.8316445302963,19.1314895032657,0 72.8316447994636,19.1315017978169,0 72.8316451739769,19.1315140898767,0 72.83164565381151,19.1315263786296,0 72.8316468761039,19.1315500190633,0 72.83164840940179,19.1315729844353,0 72.83165028266551,19.1315961065963,0 72.8316524812025,19.1316193826254,0 72.8316549898789,19.1316428102692,0 72.8316577931313,19.1316663879016,0 72.8316608749799,19.1316901145028,0 72.83166421903709,19.1317139896263,0 72.83166780851479,19.1317380133727,0 72.8316716262308,19.1317621863588,0 72.83167565461061,19.1317865096859,0 72.8316798756903,19.1318109849056,0 72.8316842711147,19.1318356139838,0 72.8316888221366,19.1318603992661,0 72.83169350961281,19.1318853434364,0 72.8316983139986,19.1319104494801,0 72.831703215343,19.1319357206414,0 72.8317081759876,19.131961072395,0 72.83171322134361,19.1319867434458,0 72.8318675956652,19.1327716307839,0 72.831870872417,19.132788291758,0 72.8318741507788,19.1328049669309,0 72.8318774296927,19.1328216569495,0 72.8318807080102,19.1328383620173,0 72.83188398457961,19.1328550823375,0 72.8318872582464,19.132871818113,0 72.83189052785301,19.1328885695476,0 72.83189378063121,19.1329052770957,0 72.8319366664421,19.1331302527726,0 72.8319397962523,19.133147028771,0 72.83194291525621,19.13316379121,0 72.8319460246957,19.1331805403376,0 72.83194912572679,19.133197275958,0 72.8319522195027,19.1332139978764,0 72.8319553071738,19.1332307058998,0 72.8319583898876,19.1332473998361,0 72.8319614693161,19.1332640823503,0 72.8321965476985,19.1345376713976,0 72.832203026226,19.1345727978145,0 72.8322094753202,19.1346079286544,0 72.83221591387,19.1346433348883,0 72.83222229519831,19.1346789328199,0 72.8322285883997,19.1347147271611,0 72.8322347620758,19.1347507224207,0 72.8322407843243,19.1347869228241,0 72.8322466227294,19.1348233322422,0 72.83225224435419,19.1348599541096,0 72.8322576157349,19.1348967913457,0 72.83226270287651,19.1349338462728,0 72.83226747125229,19.1349711205315,0 72.83227188580671,19.1350086150017,0 72.8322758414951,19.135045678873,0 72.8322786439377,19.1350746875615,0 72.8322811855036,19.1351037179481,0 72.832283466007,19.1351327679137,0 72.8322854852814,19.1351618353377,0 72.8322872431792,19.135190918098,0 72.83228873957179,19.1352200140715,0 72.8322899743501,19.1352491211344,0 72.8322909474235,19.1352782371617,0 72.8322916587211,19.1353073600281,0 72.8322921081907,19.1353364876073,0 72.83229229579921,19.1353656177733,0 72.83229222153319,19.1353947483993,0 72.8322917530665,19.1354319998112,0 72.8322908678861,19.1354697189146,0 72.8322896096614,19.1355072486201,0 72.8322880133901,19.1355445868377,0 72.8322861136149,19.1355817322791,0 72.83228394441279,19.1356186843801,0 72.83228153938801,19.1356554432171,0 72.8322789316682,19.1356920094239,0 72.8322761539031,19.135728384112,0 72.83227323826441,19.1357645687918,0 72.83227021644851,19.1358005652948,0 72.8322671196798,19.1358363757002,0 72.83226397074451,19.135872091814,0 72.83226082115191,19.1359074776281,0 72.83208469822431,19.1378830681268,0 72.8321196473904,19.1378858935811,0 72.83188296385531,19.1405406847944,0 72.8318480131674,19.1405378701879,0 72.8314974560964,19.1444696752127,0 72.8314956350699,19.1444901317385,0 72.83149383050279,19.1445105857859,0 72.8314920809532,19.1445307855262,0 72.8314903943499,19.1445508177887,0 72.83148878578049,19.1445706835699,0 72.8314872699319,19.1445903837013,0 72.83148586109211,19.1446099188218,0 72.83148457314989,19.1446292893496,0 72.83148341959451,19.1446484954596,0 72.8314824135153,19.1446675370365,0 72.8314815675992,19.1446864136948,0 72.8314808941247,19.1447051247234,0 72.831480404961,19.1447236690639,0 72.8314801115601,19.1447420453065,0 72.8314800249504,19.1447602516678,0 72.8314801557283,19.1447782859739,0 72.8314805140483,19.1447961456468,0 72.8314811096128,19.1448138276923,0 72.8314819516587,19.1448313286884,0 72.83148304894451,19.1448486447775,0 72.8314844097352,19.1448657716583,0 72.8314860417854,19.1448827045818,0 72.8314879523201,19.1448994383253,0 72.8314902783907,19.144916948628,0 72.8315071153142,19.1450029902082,0 72.8315325929254,19.1450870908406,0 72.8315664743901,19.1451684687005,0 72.831608444748,19.1452463672735,0 72.8316581138405,19.1453200623887,0 72.83171501993751,19.1453888689507,0 72.83177863402901,19.1454521473088,0 72.8318483647429,19.1455093092036,0 72.83192356384281,19.1455598232359,0 72.83200353225401,19.1456032198066,0 72.8320875265626,19.1456390954831,0 72.832174765926,19.1456671167494,0 72.8321926757807,19.1456717840817,0 72.8322098355811,19.1456759505365,0 72.83222724276639,19.1456798832995,0 72.8322448897501,19.145683588251,0 72.8322627706733,19.1456870718991,0 72.83228088100481,19.1456903417278,0 72.8322992148013,19.1456934052963,0 72.8323177671941,19.1456962708104,0 72.8323365336945,19.145698946974,0 72.8323555101788,19.1457014429749,0 72.8323746928882,19.1457037684749,0 72.8323940784059,19.1457059335968,0 72.8324136636428,19.1457079489153,0 72.8324248622517,19.1457090112125,0 72.8324269566736,19.145674438868,0 72.8352331681142,19.1458801297701,0 72.83522912183049,19.1459187910315,0 72.8352328194044,19.1459191491029,0 72.83525511015981,19.1459213566087,0 72.8352775734444,19.1459236469055,0 72.8353002070275,19.1459260373764,0 72.83532300843601,19.1459285457726,0 72.83534597489521,19.1459311902057,0 72.8353691032883,19.1459339891406,0 72.83539239011451,19.1459369613861,0 72.8354158314371,19.1459401260878,0 72.8354394227991,19.1459435027061,0 72.8354631592245,19.1459471110128,0 72.8354870351308,19.1459509710697,0 72.8355110442817,19.1459551032106,0 72.8355351797326,19.1459595280208,0 72.83555943377181,19.1459642663129,0 72.83558379786589,19.1459693390998,0 72.8356082625989,19.1459747675653,0 72.8356328176165,19.1459805730298,0 72.8356574515666,19.1459867769139,0 72.8356821520412,19.1459934006968,0 72.8357069055388,19.1460004658777,0 72.83573060403759,19.1460076619303,0 72.8358623582418,19.1460557735812,0 72.83598848124031,19.1461159926098,0 72.8361077447835,19.146187732579,0 72.8362189874174,19.1462702948542,0 72.8363211257944,19.1463628754071,0 72.83641316522351,19.1464645726444,0 72.8364942093568,19.1465743961881,0 72.83656346891971,19.1466912765193,0 72.8366202693976,19.1468140753939,0 72.8366640576054,19.1469415969267,0 72.83669440707639,19.1470725992376,0 72.8367110222155,19.1472058065453,0 72.8367125241198,19.1472294073897,0 72.8367136327159,19.147253947755,0 72.836714304208,19.1472783300932,0 72.8367145639816,19.1473025483724,0 72.8367144367313,19.147326596243,0 72.83671394725511,19.1473504674547,0 72.8367131198406,19.1473741583845,0 72.83671197840801,19.1473976655741,0 72.8367105464875,19.1474209863346,0 72.8367088472023,19.1474441186865,0 72.83670690325521,19.1474670613022,0 72.8367047369189,19.1474898134407,0 72.83670237002789,19.1475123748996,0 72.83669982397279,19.1475347459553,0 72.83669711969689,19.1475569273106,0 72.8366942776953,19.1475789200429,0 72.8366913180147,19.1476007255527,0 72.8366882602547,19.147622345516,0 72.8366851235713,19.1476437818372,0 72.8366819266797,19.1476650366022,0 72.8366786878598,19.1476861120349,0 72.83667542496021,19.147707010457,0 72.8366721419344,19.1477278191831,0 72.8366688916347,19.1477483145433,0 72.8360074239997,19.1519155919653,0 72.8360316764764,19.1519190687588,0 72.8356391658053,19.1545505150642,0 72.8356190436149,19.1545481380876,0 72.83561811767611,19.1545551578468,0 72.83561437574051,19.1545833048955,0 72.8356105708872,19.1546116291905,0 72.8356067077294,19.1546400203159,0 72.8356027763012,19.1546684769555,0 72.83559878790101,19.1546968459969,0 72.8355943701534,19.154727650412,0 72.8355898615217,19.1547584429327,0 72.83558526204121,19.1547892233168,0 72.8355805717482,19.1548199913222,0 72.8355757906793,19.1548507467071,0 72.83557091887231,19.1548814892295,0 72.8355659563653,19.1549122186475,0 72.8355609031974,19.1549429347197,0 72.8355557594081,19.1549736372045,0 72.835550525038,19.1550043258603,0 72.8355452001281,19.1550350004457,0 72.8355397847203,19.1550656607198,0 72.8355347209848,19.1550938743977,0 72.83552957545621,19.1551221556246,0 72.8355243852296,19.1551503550164,0 72.83551916023249,19.1551784741305,0 72.8355138899186,19.1552066228578,0 72.8355086315833,19.1552345500998,0 72.8355033678348,19.1552624019038,0 72.8354981058886,19.1552901923348,0 72.8354981082371,19.1552901799241,0 72.83549102404921,19.1553276108443,0 72.8354839714326,19.1553650466963,0 72.8354770313067,19.1554022272111,0 72.83547021746141,19.1554392460057,0 72.8354635599772,19.1554761077736,0 72.835457088537,19.1555128168593,0 72.8354508324348,19.1555493771928,0 72.835444820584,19.1555857922255,0 72.8354390815222,19.1556220648695,0 72.8354336434148,19.1556581974373,0 72.83542853405611,19.1556941915823,0 72.835423780868,19.1557300482359,0 72.83541933898781,19.1557663553296,0 72.83541719527941,19.1557851811404,0 72.83541516003049,19.1558040178194,0 72.83541323330179,19.1558228648022,0 72.8354114151511,19.1558417215242,0 72.835409705633,19.1558605874206,0 72.8354081047989,19.1558794619261,0 72.8354066126964,19.1558983444754,0 72.83540522937049,19.1559172345028,0 72.8354039548626,19.1559361314423,0 72.835402789211,19.155955034728,0 72.83540173245051,19.1559739437933,0 72.835400784613,19.155992858072,0 72.83539926049851,19.1560293810073,0 72.83539811729391,19.156065504727,0 72.83539730358071,19.1561018166592,0 72.8353967921163,19.1561383136919,0 72.83539655517249,19.156174993372,0 72.8353965645473,19.156211853842,0 72.83539679157271,19.1562488937829,0 72.8353972071218,19.1562861123529,0 72.83539778161359,19.1563235091265,0 72.8353984850153,19.1563610840309,0 72.83539928684419,19.1563988372812,0 72.8354001540291,19.1564366792921,0 72.835401060899,19.1564748511565,0 72.8354535933924,19.158673126212,0 72.83545425305231,19.1587008833831,0 72.83545489118031,19.1587286405387,0 72.8354554915048,19.1587566487498,0 72.8354560296833,19.1587848249389,0 72.83545648289881,19.1588131693119,0 72.8354568279432,19.1588416818815,0 72.8354570412172,19.1588703624323,0 72.83545709873179,19.1588992104594,0 72.8354569761123,19.1589282251158,0 72.8354566486009,19.1589574051579,0 72.8354560910638,19.1589867488878,0 72.83545527799841,19.159016254096,0 72.83545418354289,19.1590459180018,0 72.8354527814887,19.1590757371931,0 72.8354510452948,19.1591057075646,0 72.83544894810549,19.1591358242553,0 72.83544646277041,19.1591660815969,0 72.8354436363171,19.159195693037,0 72.8354412970846,19.1592175344276,0 72.8354387386598,19.1592393536137,0 72.83543596127561,19.1592611486091,0 72.83543296518469,19.1592829174296,0 72.83542975066,19.159304658093,0 72.83542631799391,19.1593263686205,0 72.8354226674988,19.1593480470352,0 72.8354187995071,19.1593696913638,0 72.8354147143708,19.1593912996354,0 72.8354104124617,19.1594128698831,0 72.8354058941713,19.159434400143,0 72.835401159911,19.1594558884549,0 72.83539441266829,19.1594849219309,0 72.835387134434,19.159514472658,0 72.83537953113991,19.159543777602,0 72.8353716304665,19.1595728391751,0 72.8353634595555,19.1596016604777,0 72.83535504500919,19.1596302452346,0 72.83534641289209,19.1596585977388,0 72.83533758873661,19.1596867227857,0 72.8353285975513,19.1597146256105,0 72.83531946383,19.1597423118311,0 72.8353102115635,19.1597697873896,0 72.83530086425191,19.1597970584954,0 72.835291444918,19.1598241315732,0 72.83528197612191,19.1598510132102,0 72.83527247997711,19.1598777101032,0 72.83526297816481,19.1599042290129,0 72.8352534634749,19.1599306556149,0 72.8352440325417,19.1599567867087,0 72.83524403776519,19.1599567722329,0 72.8352314967417,19.1599915240076,0 72.8352189899696,19.160026286454,0 72.8352066578566,19.1600607727793,0 72.83519449750661,19.1600950926943,0 72.835182541267,19.1601292561327,0 72.83517082102151,19.1601632724966,0 72.8351593682133,19.1601971505731,0 72.835148213867,19.1602308984588,0 72.8351373886064,19.1602645234801,0 72.8351269226708,19.1602980321157,0 72.8351166758963,19.1603319934613,0 72.8350992101646,19.1603932145625,0 72.83508295398291,19.1604547357521,0 72.8350679130542,19.160516535452,0 72.8350540926554,19.1605785919863,0 72.8350414976353,19.1606408835891,0 72.8350301324128,19.1607033884118,0 72.8350200009757,19.1607660845313,0 72.8350111068788,19.1608289499573,0 72.8350034532431,19.1608919626398,0 72.8349970427544,19.1609551004776,0 72.8349918776628,19.1610183413251,0 72.8349879597811,19.1610816630009,0 72.8349863154384,19.1611169581372,0 72.83498503032131,19.1611518902495,0 72.8349840469689,19.1611870412467,0 72.83498333454391,19.1612224081371,0 72.83498286156011,19.161257988619,0 72.8349825958942,19.1612937809973,0 72.8349825047943,19.1613297841069,0 72.8349825548857,19.1613659972315,0 72.8349827121753,19.1614024200199,0 72.8349829412921,19.1614389474353,0 72.8349832090416,19.1614758599538,0 72.8349901644573,19.1624136896474,0 72.83499041793149,19.1624474339827,0 72.8349906909629,19.1624811777293,0 72.8349910013212,19.1625147349455,0 72.83499136856609,19.1625481674815,0 72.8349918115381,19.1625814750227,0 72.8349923488605,19.1626146571383,0 72.83499299893821,19.1626477132497,0 72.8349937860587,19.1626808998752,0 72.8349942908917,19.1626994089147,0 72.8349948439763,19.1627179167088,0 72.8349954453092,19.1627364231441,0 72.83499609488671,19.1627549281069,0 72.8349967927047,19.1627734314837,0 72.834997538759,19.162791933161,0 72.83499833304531,19.1628104330251,0 72.8349991755583,19.1628289309625,0 72.83500006629311,19.1628474268597,0 72.8350010052442,19.1628659206032,0 72.83500199240591,19.1628844120795,0 72.8350030277721,19.1629029011751,0 72.8350050018536,19.16293604318,0 72.83500710170119,19.1629690447916,0 72.83500932442681,19.1630021635496,0 72.8350116516355,19.1630354002583,0 72.8350140647261,19.1630687558865,0 72.8350165448911,19.1631022315349,0 72.8350190684185,19.1631357664927,0 72.8350216286355,19.1631695276019,0 72.83502940227061,19.1632719061527,0 72.8350584977748,19.1632698132239,0 72.83526028047621,19.1659272664736,0 72.8352311770991,19.1659292619215,0 72.8354995535978,19.1694637169035,0 72.8355024390239,19.1695016469137,0 72.8355053567697,19.1695395742459,0 72.8355083175819,19.1695772239494,0 72.8355113597132,19.1696146846887,0 72.8355145139294,19.1696519538969,0 72.8355178105062,19.1696890287552,0 72.83552127922199,19.1697259061265,0 72.8355249493471,19.16976258249,0 72.83552884963351,19.1697990538789,0 72.8355330083014,19.1698353158204,0 72.835537453025,19.1698713632761,0 72.8355422109134,19.1699071905798,0 72.8355473935877,19.1699433856674,0 72.83555102720349,19.1699671896382,0 72.8355548374559,19.1699909686584,0 72.8355588241556,19.1700147215444,0 72.8355629871041,19.1700384471139,0 72.83556732609431,19.1700621441865,0 72.83557184091031,19.1700858115823,0 72.8355765313276,19.1701094481238,0 72.8355813971128,19.1701330526343,0 72.8355864380236,19.1701566239392,0 72.8355916538094,19.1701801608653,0 72.8355970442107,19.1702036622412,0 72.83560260895921,19.1702271268971,0 72.83561139020441,19.1702626896792,0 72.83562042974459,19.1702977646716,0 72.8356298445924,19.1703329388435,0 72.8356396072999,19.1703682161154,0 72.8356496901274,19.170403601186,0 72.8356600650382,19.1704390994684,0 72.83567070368891,19.1704747170281,0 72.83568157741991,19.1705104605234,0 72.83569265724201,19.1705463371445,0 72.83570391382,19.1705823545452,0 72.8357153174572,19.1706185207863,0 72.8357268102791,19.1706547568801,0 72.83573843606101,19.1706913049362,0 72.8358450519778,19.1710263104488,0 72.835853624951,19.1710532418974,0 72.8358621819385,19.1710800855505,0 72.8358707744656,19.1711069649305,0 72.8358793460268,19.1711336664402,0 72.8358879342248,19.1711602711102,0 72.8358965496319,19.1711867757684,0 72.8359052026958,19.1712131772082,0 72.8359139614055,19.1712396464566,0 72.83592249960989,19.1712651787021,0 72.835931119314,19.1712906862102,0 72.8359398204386,19.1713161687461,0 72.8359486029034,19.1713416260752,0 72.8359574666277,19.171367057963,0 72.8359664115299,19.1713924641753,0 72.83597543752769,19.1714178444783,0 72.83598454453799,19.1714431986381,0 72.83599373247679,19.1714685264213,0 72.8360030012598,19.1714938275946,0 72.8360123508016,19.1715191019251,0 72.8360217810161,19.17154434918,0 72.8360316312863,19.1715704696829,0 72.83604152262799,19.1715964755028,0 72.8360469065333,19.1716105277336,0 72.83607408203351,19.171600960096,0 72.83704882304031,19.1741007569972,0 72.8370058745485,19.1741156144995,0 72.83701267241401,19.174136286896,0 72.8370215248784,19.1741632441855,0 72.8372445652125,19.1748425932749,0 72.8372528094153,19.174867715066,0 72.83726103363721,19.1748928422759,0 72.8372692973151,19.1749182246694,0 72.8372775531226,19.1749437871104,0 72.83728577986329,19.1749695355851,0 72.83729395589749,19.1749954760146,0 72.8373020591266,19.1750216141934,0 72.83731006698341,19.1750479557566,0 72.8373179564169,19.1750745061178,0 72.8373257038804,19.1751012704166,0 72.83733328532151,19.1751282534638,0 72.8373406761725,19.1751554596818,0 72.837347851342,19.1751828930475,0 72.8373547852101,19.1752105570283,0 72.83736145162401,19.1752384545214,0 72.83736782389759,19.1752665877867,0 72.8373738748121,19.1752949583811,0 72.8373795766243,19.1753235671035,0 72.8373847476749,19.1753515828597,0 72.8373902648548,19.1753842897784,0 72.8373952264287,19.1754170769577,0 72.83739963110651,19.1754499358765,0 72.83740347774329,19.175482857995,0 72.8374067653391,19.1755158347572,0 72.837409493039,19.1755488575927,0 72.8374116601339,19.175581917919,0 72.8374132660603,19.1756150071442,0 72.83741431040021,19.1756481166686,0 72.8374147928822,19.1756812378875,0 72.8374147133804,19.1757143621928,0 72.83741407191521,19.1757474809758,0 72.8374130816121,19.1757759088419,0 72.83741165319719,19.1758049943501,0 72.8374098440211,19.1758338905539,0 72.8374076816695,19.1758625945484,0 72.83740519332071,19.1758911042504,0 72.83740240572941,19.1759194183465,0 72.83739934521741,19.1759475362196,0 72.8373960376627,19.175975457893,0 72.8373925084949,19.1760031839628,0 72.8373887826917,19.1760307155378,0 72.83738488477771,19.1760580541783,0 72.8373808388253,19.1760852018387,0 72.837376668457,19.1761121608096,0 72.83737239684891,19.1761389336646,0 72.8373680467369,19.1761655232032,0 72.8373636404212,19.1761919324028,0 72.8373591997741,19.1762181643646,0 72.8373547318508,19.1762443061001,0 72.8373502959997,19.1762701377066,0 72.8368022886434,19.1794587899333,0 72.8367945994428,19.1795034784463,0 72.83678681717851,19.1795484008733,0 72.83677888954161,19.1795935493464,0 72.8367707635237,19.1796389151003,0 72.83676238537341,19.1796844887483,0 72.8367537006325,19.1797302601072,0 72.8367446541758,19.1797762180237,0 72.83673519025651,19.1798223501987,0 72.83672537433981,19.1798680757019,0 72.8367179161235,19.1799014318535,0 72.8367102106903,19.1799347372349,0 72.83670225842251,19.1799679901918,0 72.8366940597152,19.1800011890729,0 72.8366856149751,19.1800343322291,0 72.8366769246217,19.1800674180145,0 72.83666798908661,19.1801004447856,0 72.8366588088131,19.1801334109023,0 72.8366493842572,19.1801663147273,0 72.8366397158871,19.1801991546262,0 72.83662980418239,19.180231928968,0 72.8366196496355,19.1802646361251,0 72.836605370708,19.1803092874032,0 72.83659057846781,19.1803541370729,0 72.836575506421,19.1803986446558,0 72.8365602097535,19.1804428245531,0 72.83654474253061,19.180486691893,0 72.83652915774501,19.180530262355,0 72.8365135073696,19.1805735519984,0 72.8364978424119,19.180616577094,0 72.8364821986652,19.1806593931025,0 72.83648220325151,19.1806593805492,0 72.8364682446887,19.1806975804291,0 72.8364543231085,19.1807357920145,0 72.8364405810174,19.1807737350816,0 72.8364270185255,19.1808115185246,0 72.8364136707939,19.1808491532955,0 72.8364005725501,19.1808866497942,0 72.8363877581147,19.1809240177812,0 72.836375261424,19.1809612662946,0 72.83636311605289,19.1809984035599,0 72.8363511950257,19.1810359413817,0 72.8363382363013,19.1810782332136,0 72.8363257426016,19.1811206511904,0 72.83631371528639,19.1811631906956,0 72.8363021556651,19.1812058470999,0 72.83629106499591,19.1812486157612,0 72.83628044448631,19.1812914920253,0 72.8362702952921,19.1813344712259,0 72.83626061851859,19.181377548686,0 72.8362514152188,19.1814207197174,0 72.836242686395,19.1814639796221,0 72.8362344329972,19.1815073236924,0 72.83622665592409,19.181550747211,0 72.8362201300102,19.1815894633381,0 72.836213990001,19.1816279121933,0 72.8362081149304,19.1816666068877,0 72.8362024708135,19.1817055408922,0 72.8361970229668,19.1817447082581,0 72.83619173602909,19.181784103528,0 72.83618657397931,19.1818237216507,0 72.83618150015199,19.18186355789,0 72.8361764900003,19.1819035052944,0 72.83617147155999,19.1819438331104,0 72.8360966016659,19.1825462656967,0 72.8360924411041,19.1825797707029,0 72.8360883012339,19.1826132775683,0 72.8360842265959,19.1826465924939,0 72.8360802291849,19.1826797831168,0 72.836076328858,19.1827128514521,0 72.8360725452465,19.1827457993544,0 72.8360688977581,19.1827786284852,0 72.83606537656161,19.1828116121104,0 72.8360618328917,19.1828464602453,0 72.8360584721203,19.1828813247336,0 72.8360552943312,19.1829162047089,0 72.8360522996033,19.182951099304,0 72.8360494880113,19.1829860076518,0 72.8360468596252,19.1830209288843,0 72.8360444145104,19.1830558621336,0 72.8360421527278,19.1830908065314,0 72.8360400743337,19.183125761209,0 72.8360381793799,19.1831607252977,0 72.8360364679137,19.1831956979283,0 72.83603493997759,19.1832306782316,0 72.8360336593358,19.1832638087661,0 72.83603252612529,19.1832968027539,0 72.8360315105782,19.1833299321539,0 72.8360305932305,19.1833631960776,0 72.83602975436909,19.1833965938013,0 72.8360289740337,19.1834301247281,0 72.8360282334308,19.1834637224279,0 72.8360275083315,19.1834975627319,0 72.83601762523171,19.1839610187702,0 72.83604680147219,19.1839615804612,0 72.8359899929372,19.1866253913308,0 72.83596081622829,19.1866248295849,0 72.8359411954666,19.1875447889662,0 72.8359403436322,19.1875844705947,0 72.8359394593659,19.1876241511273,0 72.8359385037698,19.1876640938905,0 72.8359374453597,19.187704210135,0 72.83593625026759,19.1877444987481,0 72.8359348842032,19.1877849583084,0 72.83593331245881,19.1878255870111,0 72.83593151628089,19.1878660142199,0 72.8359261930441,19.1879623347002,0 72.8359193822396,19.1880585705574,0 72.8359110853327,19.1881547010531,0 72.8359013041086,19.1882507054718,0 72.8358900406727,19.1883465631249,0 72.8358772974496,19.1884422533557,0 72.83586307718279,19.1885377555435,0 72.8358473829343,19.1886330491078,0 72.8358302180836,19.1887281135133,0 72.8358115863272,19.1888229282739,0 72.8357914916777,19.1889174729574,0 72.8357699384629,19.1890117271897,0 72.8357604696191,19.1890511775868,0 72.83575072842321,19.1890907662307,0 72.8357408356637,19.1891301402514,0 72.83573082532431,19.1891693065892,0 72.8357207308795,19.1892082724491,0 72.83571058531111,19.1892470452297,0 72.8357003985993,19.1892857176855,0 72.8356902627504,19.1893240705013,0 72.83552407829281,19.1899525439199,0 72.83551973969099,19.1899689523309,0 72.8355154067023,19.1899853445785,0 72.83551108046881,19.1900017214,0 72.83550676224471,19.1900180830942,0 72.8355024532807,19.1900344299578,0 72.8354981548239,19.1900507622856,0 72.8354938681188,19.1900670803689,0 72.8354895768087,19.1900834517558,0 72.835474556211,19.1901410783345,0 72.8354596611145,19.1901987343126,0 72.8354448915829,19.1902564194431,0 72.8354302476797,19.1903141334793,0 72.8354157294677,19.1903718761742,0 72.8354013370091,19.1904296472806,0 72.8353870703656,19.1904874465514,0 72.83537292959841,19.1905452737391,0 72.83535891476831,19.1906031285963,0 72.8353450259352,19.1906610108755,0 72.83533126315869,19.1907189203289,0 72.8353176264979,19.1907768567087,0 72.8353137858613,19.1907932752253,0 72.8353099504232,19.1908097113041,0 72.8353061188302,19.1908261651171,0 72.83530228982821,19.1908426363976,0 72.8352984621588,19.1908591248796,0 72.8352946345597,19.1908756302978,0 72.8352908057645,19.190892152386,0 72.83528697502401,19.1909086886301,0 72.8351694512031,19.1914160337882,0 72.8351604667525,19.1914547948273,0 72.8351514507138,19.1914935487784,0 72.8351423108595,19.1915325466967,0 72.83513303453501,19.1915716957019,0 72.8351235887511,19.1916109884235,0 72.8351139401674,19.1916504171116,0 72.83510405511341,19.1916899735611,0 72.8350939913088,19.1917292907836,0 72.8350824547948,19.1917731426867,0 72.83507060103381,19.1918169181478,0 72.8350584305862,19.1918606150954,0 72.835045944028,19.1919042314612,0 72.83503314194979,19.1919477651812,0 72.8350200249574,19.191991214195,0 72.8350065936711,19.1920345764463,0 72.8349928487265,19.1920778498829,0 72.8349787907738,19.1921210324567,0 72.8349644204781,19.1921641221241,0 72.8349497385194,19.1922071168457,0 72.83493474559209,19.1922500145867,0 72.83492106688929,19.1922883338971,0 72.8349071023375,19.1923267641782,0 72.8348930101907,19.1923649661962,0 72.83487882350499,19.1924029501656,0 72.83486457480031,19.1924407265184,0 72.8348502960873,19.1924783058264,0 72.8348359872774,19.1925157813297,0 72.8348217635745,19.1925529438366,0 72.8341037749596,19.1944280606621,0 72.8340919289293,19.1944590104448,0 72.8340801096759,19.1944899690007,0 72.8340684421394,19.1945206862236,0 72.8340569189532,19.1945512572434,0 72.8340455653922,19.1945816903696,0 72.83403440637299,19.1946119935238,0 72.8340234664722,19.1946421741848,0 72.8340127699427,19.1946722393329,0 72.8340023407283,19.1947021953995,0 72.833992202475,19.1947320482142,0 72.833982378541,19.1947618029556,0 72.83397289200281,19.1947914641021,0 72.8339637656598,19.1948210353845,0 72.8339550220374,19.1948505197305,0 72.83394649412961,19.1948805864812,0 72.8339339067803,19.1949279870411,0 72.8339223037955,19.1949756137903,0 72.833911689671,19.1950234482784,0 72.83390206851951,19.1950714719745,0 72.83389344406901,19.1951196662742,0 72.8338858196616,19.1951680125073,0 72.83387919825179,19.1952164919443,0 72.8338735824055,19.1952650858045,0 72.83386897429931,19.1953137752626,0 72.8338653757191,19.1953625414564,0 72.8338627880599,19.1954113654937,0 72.8338612123253,19.1954602284604,0 72.83386073559559,19.1954913644323,0 72.8338606506188,19.1955170882885,0 72.8338795693391,19.1955158073431,0 72.8340789180112,19.1981734185776,0 72.8340498071374,19.1981753895643,0 72.8340589320029,19.1982970371603,0 72.83406104764509,19.1983252634299,0 72.8340631590237,19.1983535630657,0 72.8340652563957,19.1983819371689,0 72.8340673194411,19.1984102400205,0 72.8340693568596,19.1984387283392,0 72.8340713506808,19.1984672929493,0 72.8340732908563,19.1984959343932,0 72.8340751572761,19.1985245003775,0 72.8340766574197,19.1985483513331,0 72.8340781034542,19.1985722053051,0 72.834079495373,19.1985960621824,0 72.8340808331694,19.1986199218544,0 72.8340821168371,19.1986437842102,0 72.83408334637041,19.1986676491389,0 72.8340845217634,19.1986915165297,0 72.8340856430106,19.1987153862719,0 72.8340867101067,19.1987392582543,0 72.83408772304691,19.1987631323662,0 72.8340886818262,19.1987870084968,0 72.8340895864405,19.198810886535,0 72.834090600487,19.1988394912825,0 72.8340915487008,19.198868177837,0 72.8340924357891,19.1988967927774,0 72.8340932718088,19.1989253357314,0 72.8340940697009,19.1989539163583,0 72.8340948324222,19.1989822777404,0 72.8340955738643,19.199010566263,0 72.8340963040767,19.1990387943596,0 72.83415424233409,19.201283516207,0 72.8341551162647,19.2013172432994,0 72.8341560109599,19.2013509694487,0 72.8341569416358,19.2013844968172,0 72.8341579302472,19.2014178907468,0 72.8341589967539,19.2014511505606,0 72.8341601608676,19.2014842754543,0 72.8341614420506,19.2015172644616,0 72.8341628712929,19.2015503894172,0 72.8341639933856,19.2015740983381,0 72.83416519981471,19.2015978035207,0 72.8341664905666,19.2016215046942,0 72.8341678656264,19.2016452015878,0 72.8341693249785,19.201668893931,0 72.83417086860619,19.2016925814529,0 72.8341724964921,19.2017162638832,0 72.8341742086175,19.2017399409513,0 72.8341760049628,19.2017636123867,0 72.8341778855076,19.2017872779191,0 72.8341798502306,19.2018109372781,0 72.8341818991093,19.2018345901934,0 72.8341848990792,19.2018676202303,0 72.8341880277854,19.2019004975918,0 72.8341912907409,19.2019334956531,0 72.8341946685116,19.2019666157974,0 72.8341981414372,19.2019998595999,0 72.8342016896288,19.2020332287918,0 72.83420528586819,19.20206665963,0 72.8342089287739,19.2021003294411,0 72.8343005684321,19.2029465029423,0 72.83430420636699,19.2029800627521,0 72.8343078649273,19.2030136200846,0 72.8343115430543,19.2030469765767,0 72.8343152679964,19.2030801957461,0 72.83431905959699,19.2031132754407,0 72.83432293744249,19.2031462133989,0 72.8343269208564,19.203179007216,0 72.8343310630338,19.2032119256061,0 72.8343359979332,19.2032495545721,0 72.8343411466464,19.2032871576724,0 72.8343465090236,19.2033247338104,0 72.8343520849084,19.2033622818904,0 72.8343578741386,19.2033998008174,0 72.8343638765454,19.2034372894974,0 72.8343700919538,19.2034747468371,0 72.8343765201828,19.2035121717444,0 72.8343831610452,19.2035495631277,0 72.83439001434741,19.2035869198968,0 72.8343970798896,19.2036242409624,0 72.834404357466,19.2036615252361,0 72.83441089075291,19.2036940918073,0 72.8344175357021,19.203726494017,0 72.83442432717069,19.2037590032758,0 72.8344312459751,19.2037916228462,0 72.8344382727264,19.2038243562007,0 72.8344453878255,19.203857206991,0 72.83445255734691,19.2038901144448,0 72.8344597989699,19.2039232550982,0 72.8347655330755,19.2053217267834,0 72.8347691639257,19.2053383365212,0 72.83477279868031,19.2053549750125,0 72.8347764351429,19.2053716431511,0 72.8347800710081,19.2053883413888,0 72.8347837039582,19.2054050701773,0 72.83478733166309,19.2054218299674,0 72.83479095178031,19.2054386212107,0 72.8347945364221,19.2054553249107,0 72.83481481465149,19.2055515223765,0 72.8348344907254,19.2056478326395,0 72.83485356394751,19.2057442522982,0 72.83487203364329,19.2058407779465,0 72.834889899159,19.2059374061748,0 72.8349071598627,19.2060341335698,0 72.8349238151435,19.2061309567151,0 72.83493986441199,19.2062278721903,0 72.8349553071002,19.2063248765722,0 72.8349701426617,19.2064219664342,0 72.83498437057099,19.2065191383467,0 72.83499799032479,19.2066163888775,0 72.83500030770971,19.2066333871868,0 72.8350026048314,19.20665035792,0 72.8350048841203,19.206667301226,0 72.83500714793431,19.2066842168097,0 72.83500939861941,19.2067011043818,0 72.83501163851081,19.2067179636578,0 72.8350138699313,19.2067347943572,0 72.8350160958946,19.2067516015049,0 72.8351122075114,19.207477417776,0 72.8351411453273,19.2074739594036,0 72.8353145908626,19.2087833610424,0 72.83533560453,19.2089348784387,0 72.8354031623013,19.209332450636,0 72.8354308063569,19.2094687784727,0 72.8355652056067,19.2100845418,0 72.83554097374051,19.2100894341189,0 72.8355444871406,19.2101042747161,0 72.83555378613229,19.2101426206807,0 72.8355632799047,19.2101806821289,0 72.8355730064502,19.210218448656,0 72.83558300278401,19.2102559092007,0 72.835593465542,19.2102936311002,0 72.83559945988461,19.2103145513048,0 72.8356055838527,19.2103354375996,0 72.8356118372337,19.2103562892596,0 72.8356182198108,19.2103771055614,0 72.8356247313623,19.2103978857824,0 72.8356313716626,19.2104186292014,0 72.835638140481,19.2104393350987,0 72.83564503758291,19.2104600027555,0 72.8356520627287,19.2104806314547,0 72.8356592156748,19.2105012204803,0 72.8356664961731,19.2105217691178,0 72.8356739039708,19.2105422766541,0 72.8356875473584,19.210579069943,0 72.8357014221634,19.2106153981446,0 72.83571570108271,19.2106518355759,0 72.83573034695161,19.2106883928347,0 72.83574532218471,19.2107250815821,0 72.835760588744,19.2107619144334,0 72.8357761081046,19.2107989048527,0 72.83579184121589,19.2108360670418,0 72.83580774845819,19.2108734158308,0 72.8358237742754,19.2109109307039,0 72.8363638792522,19.2121746250622,0 72.8363772122328,19.2122058064506,0 72.8363905761709,19.2122369753968,0 72.83640387438059,19.2122678239159,0 72.83641717889461,19.2122984391318,0 72.83643051865801,19.2123288092858,0 72.8364439218891,19.2123589225389,0 72.83645741603939,19.2123887668919,0 72.83647102776131,19.2124183301249,0 72.8364847828697,19.2124475997293,0 72.83649870630521,19.2124765628511,0 72.8365128220901,19.212505206225,0 72.8365274482366,19.212534098762,0 72.8365363692843,19.2125513134946,0 72.8365454161344,19.2125684688759,0 72.8365545883492,19.2125855640765,0 72.83656388548531,19.2126025982694,0 72.8365733070932,19.2126195706312,0 72.8365828527173,19.2126364803405,0 72.8365925218958,19.2126533265801,0 72.8366023141613,19.212670108535,0 72.8366122290403,19.2126868253938,0 72.8366222660533,19.2127034763478,0 72.83663242471491,19.2127200605919,0 72.8366427045339,19.2127365773241,0 72.8366601475396,19.2127640228332,0 72.83667765049211,19.2127909262295,0 72.83669554041219,19.2128178517757,0 72.8367137924641,19.2128448113065,0 72.8367323816707,19.2128718176116,0 72.836751282881,19.2128988843642,0 72.8367704707394,19.2129260260625,0 72.8367899196475,19.212953257961,0 72.83680960372639,19.212980596008,0 72.83682949677259,19.2130080567794,0 72.8368495082469,19.2130355696448,0 72.83686978200031,19.2130633866435,0 72.83728936291099,19.2136388845136,0 72.8373062282936,19.2136620138258,0 72.8373230500858,19.213685064248,0 72.83733991725791,19.2137081383012,0 72.83735670698741,19.2137310491969,0 72.8373734812577,19.2137538630783,0 72.83739024910661,19.2137765738406,0 72.8374070194444,19.213799175386,0 72.83742391226799,19.2138218106417,0 72.8374587922978,19.213868081527,0 72.83749398560219,19.21391413785,0 72.83752949071869,19.2139599776969,0 72.8375653061722,19.2140055991626,0 72.83760143047461,19.2140510003511,0 72.83763786212489,19.2140961793757,0 72.8376745996093,19.2141411343589,0 72.8377116414015,19.2141858634323,0 72.83774898596219,19.2142303647371,0 72.8377866317397,19.2142746364239,0 72.8378245771701,19.2143186766531,0 72.83786282067631,19.2143624835941,0 72.8378815722625,19.2143837571949,0 72.8379003206626,19.2144049096951,0 72.8379191808915,19.2144260876683,0 72.83793814447481,19.2144472977501,0 72.8379572029037,19.2144685466961,0 72.8379762874164,19.2144897745072,0 72.837995539885,19.214511155288,0 72.8380148516404,19.214532584967,0 72.8381744078747,19.2147096162166,0 72.83820525228001,19.214743826947,0 72.8382359751589,19.214777832574,0 72.83826661270309,19.2148116040295,0 72.83829720003909,19.2148451121497,0 72.8383277714494,19.2148783279242,0 72.83835836028121,19.2149112224015,0 72.83838899885021,19.2149437665927,0 72.8384200549424,19.2149762838133,0 72.8384342992336,19.2149910231906,0 72.83844860193401,19.2150057114363,0 72.8384629628401,19.2150203483414,0 72.83847738174789,19.2150349336978,0 72.8384918584521,19.2150494672981,0 72.83850639274711,19.2150639489357,0 72.8385209844262,19.2150783784045,0 72.83853563328169,19.2150927554994,0 72.8385503391055,19.2151070800159,0 72.8385651016884,19.2151213517503,0 72.83857992082061,19.2151355704998,0 72.8385947962913,19.215149736062,0 72.8386276299529,19.215180637266,0 72.8386605103148,19.2152111434113,0 72.8386937612477,19.2152416177363,0 72.8387273508484,19.2152720896386,0 72.8387612472052,19.2153025894946,0 72.8387954183023,19.2153331485652,0 72.83882983193109,19.2153637989099,0 72.83886442642751,19.2153945473797,0 72.8388644627189,19.2153945796279,0 72.8388884626392,19.2154159096581,0 72.83891244491051,19.2154372569151,0 72.83893659302861,19.2154588184089,0 72.83896082193,19.2154805526513,0 72.8389851130903,19.2155024779342,0 72.8390094475144,19.215524612681,0 72.839033805694,19.2155469754055,0 72.839058167557,19.2155695846621,0 72.83908251242239,19.2155924589984,0 72.83910681895431,19.2156156169065,0 72.8391310651144,19.2156390767669,0 72.8391552281163,19.2156628567948,0 72.83917928438009,19.2156869749805,0 72.83920320949071,19.2157114490296,0 72.83922697815819,19.2157362963033,0 72.839250056738,19.2157609907852,0 72.8392729168759,19.2157860430295,0 72.83929545614841,19.2158113562834,0 72.8393176712533,19.2158369268383,0 72.8393395589361,19.2158627509485,0 72.8393611159898,19.2158888248304,0 72.8393823392562,19.2159151446642,0 72.8394032256259,19.2159417065941,0 72.8394237720389,19.2159685067287,0 72.8394439754849,19.2159955411418,0 72.83946383300381,19.2160228058728,0 72.8394833416863,19.2160502969273,0 72.83950249867419,19.216078010278,0 72.8395212338328,19.2161058259984,0 72.839539935977,19.2161343140783,0 72.8395582174995,19.2161628436234,0 72.8395761028672,19.2161913962419,0 72.83959361665499,19.2162199544285,0 72.8396107835018,19.2162485015248,0 72.8396276280573,19.2162770216551,0 72.83964417493711,19.216305499676,0 72.8396604486758,19.2163339211126,0 72.83967647368981,19.2163622721074,0 72.83969227423491,19.2163905393602,0 72.8397078743713,19.2164187100718,0 72.8397232979311,19.216446771893,0 72.8397385684833,19.216474712865,0 72.8397537513932,19.2165025988182,0 72.83976875759301,19.2165302122881,0 72.84012526483301,19.2171864388986,0 72.84014711546391,19.2172266764788,0 72.8401690347459,19.2172671434348,0 72.84019097796281,19.2173078619853,0 72.8402128993575,19.2173488540199,0 72.840234752274,19.2173901413548,0 72.840256489087,19.2174317455916,0 72.8402780611319,19.2174736879721,0 72.8402991946169,19.2175155455296,0 72.84034824715459,19.217616209884,0 72.840395216369,19.2177177669425,0 72.84044008426331,19.2178201778012,0 72.8404828336454,19.2179234032284,0 72.8405234481349,19.218027403681,0 72.84056191216889,19.2181321393182,0 72.8405982110084,19.2182375700179,0 72.8406323307435,19.2183436553917,0 72.8406642582993,19.2184503548,0 72.8406939814405,19.218557627368,0 72.8407214887762,19.2186654320016,0 72.84074676976449,19.2187737274022,0 72.84075669615029,19.2188191826166,0 72.8407663280283,19.2188649579793,0 72.8407756129853,19.2189105594588,0 72.8407846032745,19.2189559759017,0 72.8407933505525,19.2190011970378,0 72.84080190584299,19.2190462133277,0 72.8408103195013,19.2190910158064,0 72.8408186484379,19.2191356348115,0 72.8410050348988,19.2201351271755,0 72.84101334051191,19.2201797104707,0 72.8410216400694,19.22022453216,0 72.84102988393001,19.2202696008685,0 72.8410380215596,19.2203149246068,0 72.8410460015896,19.2203605110664,0 72.84105377179201,19.220406367459,0 72.84106127905891,19.2204525003608,0 72.84106839396399,19.2204984286985,0 72.8410778768077,19.2205640767161,0 72.8410865510109,19.2206298255667,0 72.84109441538671,19.2206956662624,0 72.84110146885909,19.2207615898024,0 72.84110771046279,19.220827587175,0 72.84111313934371,19.2208936493581,0 72.8411177547586,19.2209597673207,0 72.84112155607561,19.2210259320245,0 72.841124542774,19.2210921344244,0 72.8411267144445,19.2211583654704,0 72.8411280707894,19.2212246161085,0 72.8411286116223,19.2212908772819,0 72.84112851440641,19.2213373001565,0 72.8411280598187,19.2213839790034,0 72.8411273032096,19.2214304200804,0 72.84112629813041,19.2214766226499,0 72.8411250973581,19.2215225867232,0 72.841123752892,19.221568312903,0 72.8411223159535,19.2216138022243,0 72.84112083569531,19.221659095467,0 72.8411206284806,19.221665400723,0 72.8411498032429,19.2216662658968,0 72.84106228177789,19.2243293239845,0 72.84103310654911,19.2243284587512,0 72.841032280242,19.2243535999773,0 72.8410317251368,19.2243705001243,0 72.8410311729877,19.2243873734676,0 72.8410306258462,19.2244042205186,0 72.8410300857683,19.2244210413363,0 72.8410295548007,19.2244378359769,0 72.8410290349803,19.224454604494,0 72.84102852833441,19.2244713469345,0 72.8410280337125,19.2244881738684,0 72.8410259979954,19.2245644989795,0 72.8410243058118,19.2246408316596,0 72.8410229571933,19.2247171705136,0 72.84102195216489,19.2247935141462,0 72.8410212907455,19.224869861162,0 72.8410209729476,19.2249462101654,0 72.8410209987775,19.2250225597613,0 72.8410213682351,19.2250989085538,0 72.84102208131441,19.2251752551476,0 72.8410231380026,19.2252515981472,0 72.84102453828101,19.2253279361573,0 72.8410262821244,19.2254042677826,0 72.8410267102575,19.2254210126507,0 72.8410271535404,19.2254377831491,0 72.8410276099571,19.2254545797654,0 72.8410280774702,19.2254714025422,0 72.8410285540329,19.2254882515262,0 72.8410290375886,19.225505126767,0 72.8410295260711,19.2255220283163,0 72.8410300172898,19.225538952277,0 72.8410863555383,19.2274786204424,0 72.84108684694139,19.227495531155,0 72.8410873392061,19.2275124237466,0 72.84108783372901,19.2275292986321,0 72.8410883318893,19.2275461557742,0 72.8410888350618,19.2275629951349,0 72.8410893446169,19.2275798166754,0 72.84108986192049,19.2275966203533,0 72.84109039068829,19.2276134800452,0 72.8410912489158,19.2276401325378,0 72.8410921349935,19.227666784208,0 72.8410930489207,19.2276934350296,0 72.84109399069661,19.2277200849764,0 72.84109496032001,19.227746734022,0 72.8410959577902,19.2277733821402,0 72.8410969831061,19.2278000293047,0 72.8410980362669,19.2278266754893,0 72.8410991172713,19.2278533206678,0 72.8411002261184,19.2278799648139,0 72.84110136280719,19.2279066079013,0 72.8411025273364,19.2279332499038,0 72.8411032755898,19.2279500461841,0 72.8411040342976,19.2279668592472,0 72.841104802114,19.2279836895936,0 72.8411055776693,19.2280005372765,0 72.84110635958921,19.2280174023509,0 72.8411071464954,19.2280342848733,0 72.84110793700511,19.2280511849009,0 72.8411087296147,19.2280681000066,0 72.84116972754521,19.229369478716,0 72.84117162872811,19.2294101997965,0 72.8411734958126,19.2294511581775,0 72.84117528294649,19.2294923560753,0 72.8411769434659,19.2295337950199,0 72.84117842991201,19.2295754761566,0 72.84117969402909,19.2296174000987,0 72.8411806867656,19.2296595667771,0 72.841181358279,19.2297019752855,0 72.8411816579453,19.2297446237282,0 72.8411815361511,19.2297868914917,0 72.8411812784055,19.2298102328774,0 72.8411808811868,19.2298335724974,0 72.8411803445079,19.2298569095998,0 72.84117966838601,19.2298802434326,0 72.8411788528427,19.2299035732442,0 72.8411778979042,19.2299268982828,0 72.8411768036014,19.2299502177971,0 72.84117556996939,19.2299735310356,0 72.84117419704781,19.2299968372474,0 72.8411726848809,19.2300201356815,0 72.8411710335173,19.2300434255873,0 72.8411692430101,19.2300667062145,0 72.841203328768,19.2300710186297,0 72.8409414741182,19.2327073740075,0 72.8409123519009,19.2327054715331,0 72.84080204468771,19.2342289006152,0 72.8407987997239,19.2342738327341,0 72.8407956227298,19.2343185259617,0 72.8407925633485,19.2343629838047,0 72.8407896704574,19.2344072089579,0 72.8407869921429,19.234451203617,0 72.8407845757055,19.2344949693342,0 72.8407824676615,19.2345385068777,0 72.8407806935036,19.2345823158216,0 72.84077895955581,19.2346400787642,0 72.8407779236275,19.2346978568039,0 72.8407775858558,19.2347556423306,0 72.8407779462861,19.2348134277335,0 72.84077900487139,19.2348712054016,0 72.8407807614731,19.2349289677251,0 72.8407832158607,19.234986707096,0 72.8407863677115,19.2350444159094,0 72.8407902166113,19.2351020865646,0 72.8407947620538,19.2351597114657,0 72.84080000344081,19.2352172830228,0 72.8408059400831,19.235274793653,0 72.8408109005822,19.2353183810702,0 72.8408161744068,19.2353616757991,0 72.8408217725091,19.2354051778903,0 72.8408276485408,19.2354488911667,0 72.84083375542789,19.2354928202851,0 72.840840045359,19.2355369705949,0 72.8408464697702,19.2355813479987,0 72.8408529735522,19.2356259192575,0 72.8408869154665,19.2358582217175,0 72.8408916863655,19.2358908426083,0 72.8408964850325,19.2359234593806,0 72.84090129885411,19.2359557977434,0 72.840906167846,19.2359879443264,0 72.8409111182406,19.2360198952741,0 72.8409161757708,19.23605164655,0 72.8409213656591,19.2360831938801,0 72.84092671260581,19.2361145327003,0 72.8409322407756,19.236145658102,0 72.8409379737839,19.2361765647842,0 72.8409439346797,19.2362072470054,0 72.8409501459288,19.2362376985369,0 72.8409566293941,19.2362679126211,0 72.84096340631101,19.2362978819203,0 72.84097065678991,19.2363282670038,0 72.84097801705521,19.2363574587944,0 72.84098574487381,19.2363865647623,0 72.8409938391373,19.2364155807327,0 72.8410022986847,19.2364445025434,0 72.8410111223029,19.2364733260455,0 72.8410203087265,19.2365020471048,0 72.8410298566377,19.2365306616012,0 72.8410397646674,19.2365591654303,0 72.8410500313943,19.2365875545033,0 72.841060655346,19.236615824748,0 72.8410716349987,19.2366439721093,0 72.8410829687777,19.2366719925494,0 72.84109510435491,19.2367009375348,0 72.84110738245271,19.2367292851591,0 72.8411200483486,19.2367576767392,0 72.8411330801658,19.2367861176469,0 72.84114645585581,19.2368146140693,0 72.8411601531888,19.2368431729552,0 72.84117414974431,19.2368718019682,0 72.84118842289681,19.236900509438,0 72.8412029498033,19.2369293043164,0 72.8412177073828,19.2369581961236,0 72.84123267229759,19.2369871949022,0 72.8412478209307,19.2370163111646,0 72.84126312936171,19.2370455558421,0 72.84127853036939,19.2370748586387,0 72.84129411414381,19.2371044491441,0 72.8416890019374,19.237854006962,0 72.84170806065499,19.2378901698847,0 72.841727153341,19.2379263161362,0 72.8417461704543,19.2379621589897,0 72.8417651925691,19.2379977728551,0 72.8417842518801,19.2380331417662,0 72.8418033798912,19.2380682496697,0 72.8418226073718,19.2381030803523,0 72.8418419643078,19.2381376173616,0 72.84186147985599,19.2381718439392,0 72.84188144514781,19.2382061952004,0 72.84190496001639,19.2382457415622,0 72.8419289120594,19.2382850505142,0 72.8419532986206,19.2383241176963,0 72.84197811699531,19.2383629387756,0 72.84200336443151,19.2384015094465,0 72.842029038129,19.2384398254309,0 72.8420551352408,19.238477882479,0 72.84208165287259,19.2385156763699,0 72.84210858808361,19.2385532029118,0 72.8421359378865,19.2385904579424,0 72.8421636992484,19.2386274373296,0 72.8421918690903,19.238664136972,0 72.8422165289258,19.238695617313,0 72.84224125540629,19.2387266571813,0 72.84226634506121,19.2387576883865,0 72.8422917697611,19.2387887292025,0 72.84231750132901,19.2388197987492,0 72.8423435114909,19.2388509169211,0 72.84236977182231,19.2388821043142,0 72.842396253697,19.2389133821591,0 72.8424228612998,19.2389446936317,0 72.8424497441994,19.2389762710114,0 72.8425574978879,19.2391028026068,0 72.8425579083295,19.2391024872309,0 72.8428854371469,19.2394469951704,0 72.8435087918528,19.2401026594167,0 72.84442478324451,19.241066115788,0 72.8444080120811,19.2410810922683,0 72.84440915504111,19.241082330277,0 72.8444317687661,19.2411072072432,0 72.8444542786046,19.2411323968376,0 72.8444766599829,19.2411579154845,0 72.8444988875201,19.2411837792762,0 72.84452093499731,19.2412100039151,0 72.84454230793131,19.2412360353848,0 72.84456411085461,19.2412632564524,0 72.84458555610181,19.241290732656,0 72.84460664036359,19.241318459756,0 72.8446273603865,19.241346433474,0 72.8446477129731,19.2413746494938,0 72.8446676949829,19.2414031034613,0 72.84468730333229,19.2414317909863,0 72.8447065349954,19.241460707642,0 72.8447253870046,19.2414898489667,0 72.84474385645071,19.2415192104636,0 72.84476194048359,19.2415487876022,0 72.84477963631279,19.2415785758188,0 72.84479635197479,19.2416075183542,0 72.844812987544,19.2416371256924,0 72.84482920296411,19.2416667473527,0 72.8448450237901,19.2416963666771,0 72.8448604756211,19.2417259678891,0 72.84487558405969,19.2417555360496,0 72.8448903746643,19.2417850569948,0 72.84490487290741,19.2418145172774,0 72.84491910413649,19.2418439041078,0 72.84493309353699,19.2418732052949,0 72.8449468660981,19.2419024091878,0 72.84496044658231,19.2419315046212,0 72.8449738594922,19.2419604808521,0 72.8449871290466,19.2419893275118,0 72.8450003154921,19.2420181140476,0 72.84501334563269,19.2420466189906,0 72.84501336394371,19.2420466590689,0 72.8450304844927,19.2420841418671,0 72.8450475673629,19.2421216396731,0 72.84506470927821,19.242159464589,0 72.84508182626411,19.2421975336214,0 72.8450988785649,19.2422358623805,0 72.84511582564259,19.2422744662935,0 72.84513262613029,19.2423133604857,0 72.845149237787,19.242352559662,0 72.8451656174576,19.2423920779884,0 72.84518150909101,19.2424314044847,0 72.8451899835444,19.2424528250168,0 72.8451983430369,19.2424742862623,0 72.8452065873516,19.2424957876644,0 72.8452147162747,19.2425173286657,0 72.84522272959531,19.2425389087074,0 72.84523062710539,19.2425605272298,0 72.8452384086004,19.2425821836723,0 72.8452460738782,19.2426038774731,0 72.84525362274,19.2426256080698,0 72.8452610549901,19.2426473748987,0 72.84526837043561,19.2426691773953,0 72.84527556888671,19.242691014994,0 72.8452885220873,19.2427313019312,0 72.8453012148845,19.2427720253248,0 72.8453135180448,19.24281263275,0 72.84532547476221,19.2428531101493,0 72.8453371278592,19.2428934444238,0 72.8453485197422,19.2429336233169,0 72.8453596923593,19.2429736352941,0 72.8453706871619,19.2430134694251,0 72.8453815734634,19.2430532193505,0 72.84539231601531,19.2430925978802,0 72.84545389911349,19.2433184878207,0 72.84546464945549,19.2433579487582,0 72.84547541816001,19.2433976473596,0 72.84548616107929,19.2434375947697,0 72.8454968331304,19.2434778016237,0 72.845507388377,19.2435182783381,0 72.8455177799962,19.2435590349712,0 72.8455279602462,19.2436000810749,0 72.8455378804384,19.2436414255448,0 72.84554749091321,19.243683076472,0 72.8455566084517,19.2437244395769,0 72.8455702809151,19.2437907779265,0 72.845582808972,19.2438573198362,0 72.8455941892681,19.2439240474976,0 72.84560441875649,19.2439909430523,0 72.8456134946978,19.244057988597,0 72.84562141466169,19.2441251661881,0 72.8456281765271,19.244192457847,0 72.84563377848291,19.244259845564,0 72.8456382190285,19.2443273113042,0 72.8456414969738,19.2443948370115,0 72.8456436114402,19.2444624046138,0 72.8456445618604,19.2445299960279,0 72.84564457454,19.244572255923,0 72.8456441669483,19.2446148935805,0 72.8456433900151,19.2446572916667,0 72.8456422940906,19.2446994484207,0 72.8456409287494,19.2447413630597,0 72.8456393427806,19.2447830356273,0 72.8456375841843,19.2448244668406,0 72.84563570017011,19.2448656579426,0 72.84563373716,19.2449066105531,0 72.84563173884899,19.2449473660944,0 72.8455635601164,19.246332678418,0 72.8455621781943,19.2463607922463,0 72.8455608106345,19.2463888261706,0 72.8455594621303,19.2464169009693,0 72.84555815254331,19.2464448172706,0 72.8455568882422,19.2464726553803,0 72.8455556793469,19.2465004156404,0 72.84555453588961,19.2465280983362,0 72.8455534613886,19.2465558698158,0 72.845549158317,19.2466945798364,0 72.84554701138261,19.246833335069,0 72.84554702105849,19.2469721052814,0 72.845549187348,19.2471108602387,0 72.84555350978469,19.2472495697089,0 72.8455599874322,19.2473882034696,0 72.8455686188845,19.2475267313152,0 72.84557940226659,19.2476651230629,0 72.8455923352344,19.2478033485597,0 72.8456074149754,19.2479413776886,0 72.8456246382094,19.2480791803751,0 72.8456440011893,19.2482167265944,0 72.84618765340861,19.2505001932996,0 72.8462215015003,19.2505989087231,0 72.8462566733492,19.2506972058295,0 72.84629316322859,19.2507950686074,0 72.8463309651972,19.2508924811162,0 72.84637007309981,19.2509894274887,0 72.84641048056881,19.2510858919332,0 72.8464521810246,19.251181858737,0 72.84649516767691,19.2512773122679,0 72.8465394335262,19.2513722369778,0 72.8465849713641,19.2514666174043,0 72.8466317737754,19.2515604381739,0 72.84667983313869,19.251653684004,0 72.84669280814489,19.2516785442023,0 72.84670580997771,19.2517032859714,0 72.84671891424389,19.2517280774335,0 72.846732111066,19.2517529231519,0 72.84674539049991,19.2517778277944,0 72.8467587005165,19.2518027177083,0 72.8467721360331,19.2518277937657,0 72.84678561710859,19.2518529305735,0 72.84710908553841,19.2524559704802,0 72.847125213393,19.2524860302577,0 72.8471413595574,19.2525160806618,0 72.84715744778229,19.2525459370207,0 72.84717352759171,19.2525756492545,0 72.8471896166847,19.252605208561,0 72.8472057324805,19.2526346061279,0 72.8472218920967,19.2526638330953,0 72.8472382471257,19.2526931219137,0 72.847276854447,19.2527609817766,0 72.84731624428351,19.252828434789,0 72.8473564118836,19.2528954728119,0 72.8473973524018,19.2529620877568,0 72.84743906089911,19.2530282715858,0 72.8474815323442,19.2530940163135,0 72.8475247616133,19.2531593140071,0 72.84756874349161,19.2532241567878,0 72.847613472673,19.2532885368317,0 72.8476589437617,19.2533524463707,0 72.8477051512719,19.2534158776937,0 72.8477520896294,19.2534788231469,0 72.84777248516551,19.2535057285034,0 72.8477929089367,19.2535324400812,0 72.84781351315399,19.2535591899662,0 72.8478342818693,19.2535859888067,0 72.8478551990422,19.2536128475235,0 72.8478762485213,19.253639777285,0 72.8478973725385,19.2536667365992,0 72.84791866556731,19.2536938784222,0 72.84822739802929,19.2540873327153,0 72.8482451023597,19.2541098923412,0 72.848262760233,19.2541323745601,0 72.84828046433491,19.2541548789012,0 72.848298085059,19.2541772227306,0 72.8483156867871,19.254199470114,0 72.8483332783273,19.2542216146474,0 72.8483508683687,19.2542436499489,0 72.8483685820851,19.2542657149028,0 72.8484549184636,19.2543712571092,0 72.8485429273304,19.2544755459121,0 72.8486325885175,19.2545785574089,0 72.84872388147819,19.2546802679892,0 72.8488167852915,19.2547806543412,0 72.8489112786674,19.2548796934564,0 72.8490073399511,19.254977362635,0 72.8491049471286,19.255073639491,0 72.8492040778313,19.2551685019577,0 72.8493047093414,19.2552619282924,0 72.849406818597,19.2553538970816,0 72.8495103821971,19.2554443872457,0 72.8495320614508,19.2554629873645,0 72.8495537198806,19.2554814679687,0 72.8495754928055,19.2554999590786,0 72.8495973728032,19.2555184683849,0 72.84960517976219,19.2555250519565,0 72.8496233527311,19.2555034248455,0 72.85013846351519,19.2559357156672,0 72.8503722806043,19.2561303873404,0 72.850503254738,19.2562356095645,0 72.850554806231,19.2562761346077,0 72.850647952065,19.2563481056477,0 72.85100490647299,19.2566098260558,0 72.85119858853859,19.2567429909261,0 72.8518233405063,19.2571543944172,0 72.8518084513688,19.2571721203905,0 72.8522663235042,19.2574671459542,0 72.8523015646759,19.2574898459982,0 72.8523368269089,19.2575125157264,0 72.8523718670552,19.257534955855,0 72.8524067937141,19.2575571938915,0 72.8524416267568,19.2575792009585,0 72.8524763854102,19.257600948426,0 72.8525110881734,19.2576224078626,0 72.85254575274401,19.2576435509949,0 72.8525803959338,19.2576643496648,0 72.8526154957034,19.2576850483024,0 72.85271373997171,19.2577408034066,0 72.8528134326081,19.2577941893651,0 72.85291451028409,19.2578451722638,0 72.8530169087916,19.2578937197156,0 72.853120563083,19.2579398008801,0 72.85322540731301,19.2579833864838,0 72.8533313748799,19.2580244488381,0 72.8534383984685,19.2580629618579,0 72.85354641009251,19.2580989010768,0 72.8536553411376,19.258132243664,0 72.8537651224057,19.2581629684379,0 72.8538756841579,19.2581910558799,0 72.8539157730163,19.2582005479679,0 72.85395561934109,19.2582096593051,0 72.8539957407552,19.2582185452217,0 72.8540361277033,19.2582272367891,0 72.854076771159,19.2582357657624,0 72.854117662538,19.2582441645537,0 72.8541587936072,19.2582524662083,0 72.85420015640101,19.2582607043832,0 72.85424163888381,19.2582688928426,0 72.8542835118033,19.2582771211271,0 72.854636467153,19.2583464264126,0 72.85467568164199,19.2583541212568,0 72.8547149022301,19.2583617858139,0 72.85475385329011,19.2583693353563,0 72.8547926350746,19.258376759064,0 72.8548312533668,19.2583840281085,0 72.8548697135639,19.2583911140411,0 72.854908020607,19.258397988782,0 72.85494617890311,19.2584046246098,0 72.8549841922727,19.258410994157,0 72.8550220638747,19.2584170704033,0 72.8550597961476,19.2584228266745,0 72.8550973907399,19.2584282366413,0 72.85513547373171,19.2584333584151,0 72.8551714601755,19.2584378381655,0 72.8552074924697,19.2584419721665,0 72.85524356693119,19.2584457599957,0 72.8552796798726,19.2584492012658,0 72.85531582760289,19.2584522956251,0 72.8553520064271,19.2584550427574,0 72.8553882126474,19.2584574423816,0 72.85542444256301,19.2584594942527,0 72.8554606924707,19.2584611981608,0 72.8554969586654,19.2584625539317,0 72.8555332374401,19.2584635614269,0 72.85556952508659,19.2584642205433,0 72.8556079865629,19.2584645412669,0 72.85564601028911,19.2584645079459,0 72.8556842244577,19.2584641516517,0 72.85572262656881,19.2584634986527,0 72.85576121485561,19.2584625756702,0 72.8557999882036,19.2584614098701,0 72.85583894610021,19.2584600288547,0 72.8558780885604,19.2584584606598,0 72.8559174160671,19.2584567337506,0 72.85595692949239,19.2584548770225,0 72.8559966300446,19.2584529198001,0 72.8560364231968,19.2584508967938,0 72.85607656699931,19.2584488249637,0 72.8567217324229,19.2584154437685,0 72.8567690894361,19.2584129856387,0 72.85681619816791,19.2584104940484,0 72.8568630563064,19.258407923507,0 72.85690966079839,19.2584052292863,0 72.8569560081944,19.2584023674056,0 72.8570020945175,19.2583992946429,0 72.85704791511481,19.2583959685496,0 72.8570939697082,19.2583923073062,0 72.8571162819122,19.2583904038943,0 72.8571385857967,19.2583884144807,0 72.8571608809941,19.2583863390984,0 72.85718316713719,19.2583841777813,0 72.8572054438586,19.2583819305653,0 72.85722771079131,19.2583795974873,0 72.85724996756841,19.2583771785857,0 72.857272213823,19.2583746739004,0 72.8572944491887,19.2583720834727,0 72.8573166732989,19.2583694073453,0 72.8573388857874,19.2583666455622,0 72.85736108628841,19.258363798169,0 72.8574068477773,19.2583576599553,0 72.8574523027789,19.2583512442768,0 72.85749795767261,19.2583445255726,0 72.8575438178399,19.2583375462133,0 72.8575898895057,19.2583303491811,0 72.8576361795847,19.2583229780868,0 72.8576826955612,19.2583154771853,0 72.8577294055183,19.2583078978619,0 72.8577294370117,19.2583078927469,0 72.857758821001,19.2583031216979,0 72.8577882963383,19.2582983469116,0 72.85781773055891,19.258293600777,0 72.85784735034041,19.258288858009,0 72.8578770676848,19.2582841441304,0 72.85790688445191,19.2582794702753,0 72.8579368024653,19.2582748476843,0 72.8579666353218,19.2582703162899,0 72.85801748133851,19.2582627933466,0 72.8580683677441,19.258255520892,0 72.8581192931708,19.2582484991214,0 72.85817025624939,19.2582417282238,0 72.85822125560971,19.2582352083812,0 72.8582722898806,19.258228939769,0 72.8583233576901,19.2582229225555,0 72.85837445766521,19.2582171569028,0 72.8584255884323,19.2582116429657,0 72.8584767486164,19.2582063808926,0 72.85852793684229,19.2582013708249,0 72.85857915173381,19.2581966128975,0 72.85860923186441,19.2581939350316,0 72.8586394184123,19.2581913253108,0 72.8586695203761,19.2581887892149,0 72.8586995365612,19.2581863154274,0 72.8587294658581,19.2581838927243,0 72.8587593980747,19.2581815027886,0 72.8587891050373,19.2581791525765,0 72.85881873769161,19.2581768190902,0 72.861750445296,19.2579461104175,0 72.8617977097243,19.2579423827689,0 72.86184472380811,19.2579386282104,0 72.8618914838674,19.2579348011242,0 72.86193798549429,19.2579308566817,0 72.8619842239121,19.2579267508185,0 72.8620301938259,19.2579224402509,0 72.8620758892877,19.2579178824937,0 72.8621218096666,19.2579129818683,0 72.8621470193894,19.2579101368597,0 72.8621722149947,19.2579071812055,0 72.86219739594431,19.2579041149689,0 72.86222256170009,19.2579009382154,0 72.86224771172429,19.2578976510129,0 72.8622728454793,19.2578942534318,0 72.8622979624282,19.2578907455445,0 72.86232306203421,19.2578871274261,0 72.8623481437608,19.2578833991536,0 72.8623732070723,19.2578795608071,0 72.86239825143279,19.2578756124684,0 72.8624232763072,19.2578715542219,0 72.8624687759135,19.2578638918815,0 72.8625139574922,19.2578559612847,0 72.8625593284863,19.2578477197533,0 72.86260489587291,19.2578392096309,0 72.86265066749451,19.2578304738512,0 72.8626966519188,19.2578215559579,0 72.86274285830569,19.2578125001258,0 72.86278925648171,19.2578033590282,0 72.8635385001609,19.2576556172307,0 72.8635849351829,19.2576464527402,0 72.86363111827861,19.2576372904828,0 72.8636770399345,19.2576280856075,0 72.8637226900379,19.2576187941274,0 72.8637680581966,19.2576093728586,0 72.8638131336083,19.257599779451,0 72.86385790492059,19.2575899724234,0 72.86390285552621,19.2575797990732,0 72.86392305332061,19.2575751069621,0 72.86394323226411,19.2575703422572,0 72.86396339206721,19.2575655050269,0 72.8639835324411,19.2575605953404,0 72.8640036530971,19.257555613268,0 72.86402375374659,19.2575505588814,0 72.86404383410159,19.2575454322528,0 72.8640638938741,19.2575402334559,0 72.86408393277669,19.257534962565,0 72.8641039505218,19.2575296196558,0 72.8641239468228,19.2575242048049,0 72.86414392139299,19.2575187180899,0 72.86418823409301,19.2575062740091,0 72.8642321991868,19.2574935971106,0 72.8642763159166,19.2574805911185,0 72.8643205961955,19.2574672973718,0 72.8643650528709,19.2574537577022,0 72.8644096995816,19.2574400144708,0 72.8644545506305,19.2574261106032,0 72.8644995822302,19.2574121016462,0 72.8646394193738,19.257368573945,0 72.8646303318033,19.2573422469807,0 72.8657519566686,19.2569930905626,0 72.8659182764986,19.2569413184694,0 72.8661713939068,19.2568615538242,0 72.8663824270029,19.2567903700457,0 72.86659510855409,19.256713042674,0 72.8670144356942,19.2565605974161,0 72.86706824631411,19.2565354679827,0 72.86712192316659,19.2565100818317,0 72.86717546489381,19.256484439605,0 72.8672288701412,19.2564585419517,0 72.86728213755811,19.2564323895267,0 72.8673352657967,19.2564059829915,0 72.8673882535132,19.2563793230143,0 72.8674410993669,19.2563524102693,0 72.8674938020213,19.2563252454376,0 72.867546360143,19.2562978292061,0 72.8675987724026,19.2562701622686,0 72.8676510374741,19.2562422453246,0 72.8676763903683,19.2562284561027,0 72.8677016171774,19.256214648536,0 72.86772689008269,19.2562007408809,0 72.8677522144696,19.2561867422299,0 72.8677775958412,19.25617266173,0 72.86780295989961,19.2561585531162,0 72.8678285120892,19.2561443143787,0 72.86785412002421,19.2561300318095,0 72.86787697431009,19.2561172788646,0 72.8678998366476,19.256104494771,0 72.8679223957224,19.2560918277915,0 72.86794473283889,19.256079207317,0 72.8679668364028,19.2560666153346,0 72.86798869490249,19.2560540344368,0 72.86801029687641,19.2560414478419,0 72.8680316308635,19.2560288394271,0 72.8680526853686,19.2560161937536,0 72.86807344882141,19.2560034960972,0 72.8680939095489,19.2559907324747,0 72.8681140557436,19.2559778896733,0 72.86813387543739,19.2559649552802,0 72.86815335648269,19.2559519177094,0 72.86817248652,19.2559387662426,0 72.868191936937,19.25592500722,0 72.8683332062011,19.2558106795792,0 72.8684596154385,19.2556816113652,0 72.8685694703904,19.255539532505,0 72.8686612986906,19.2553863473071,0 72.8687338695979,19.2552241089356,0 72.8687862104908,19.255054991891,0 72.8688176199007,19.2548812628632,0 72.8688276769112,19.2547052503505,0 72.8688162467961,19.2545293134498,0 72.8687834828215,19.2543558102369,0 72.86872982418799,19.2541870661618,0 72.8686559901404,19.2540253428806,0 72.8686449056017,19.2540048558508,0 72.86863382701669,19.2539850482131,0 72.8686223804949,19.2539651960646,0 72.8686105820985,19.253945294944,0 72.8685984481053,19.2539253395293,0 72.8685859950145,19.2539053236786,0 72.86857323955179,19.2538852404647,0 72.8685601986809,19.2538650822145,0 72.8685468896141,19.2538448405432,0 72.8685333298306,19.2538245063965,0 72.8685195370944,19.2538040700892,0 72.8685055294763,19.2537835213458,0 72.86849132537959,19.2537628493456,0 72.8684769435674,19.253742042766,0 72.8684624626749,19.2537211753749,0 72.8684477433908,19.2537000064765,0 72.86707924317371,19.2517324859775,0 72.86557199708579,19.2495654270284,0 72.8655456719801,19.2495275640895,0 72.8655193848258,19.2494896779251,0 72.8654929879991,19.2494514764026,0 72.86546658257581,19.2494130247209,0 72.86544020844261,19.2493742987923,0 72.8654139063091,19.2493352746215,0 72.86538771777791,19.2492959284191,0 72.8653619352777,19.2492566176828,0 72.86525581653891,19.2490875706464,0 72.8651554130836,19.2489154032818,0 72.86506082650379,19.2487402898275,0 72.8649721525037,19.2485624075031,0 72.8648894808031,19.2483819363294,0 72.8648128950465,19.2481990589465,0 72.8647424727186,19.2480139604294,0 72.86467828506581,19.2478268280997,0 72.8646203970245,19.2476378513368,0 72.8645688671552,19.2474472213858,0 72.86452374758351,19.2472551311645,0 72.8644850839471,19.2470617750673,0 72.8644769200488,19.2470161150429,0 72.8644690351971,19.2469701726682,0 72.8644614602659,19.2469243996976,0 72.8644541475087,19.2468788045414,0 72.8644470497042,19.2468333948935,0 72.8644401201813,19.2467881778581,0 72.8644332969464,19.2467430542408,0 72.8644265768253,19.2466983121482,0 72.8640393241111,19.2441170711945,0 72.8645100309282,19.2440533658786,0 72.8648972910741,19.2466346065463,0 72.8649040007318,19.2466792780726,0 72.8649106962867,19.2467235550542,0 72.8649174638043,19.2467677141261,0 72.86492433032041,19.2468116432467,0 72.8649313380806,19.2468553359528,0 72.8649385286213,19.2468987854103,0 72.86494594274841,19.2469419843028,0 72.8649536984215,19.2469853604549,0 72.86498953835439,19.2471644694062,0 72.8650313542087,19.2473424059061,0 72.86507910374751,19.2475189901435,0 72.8651327387375,19.2476940436727,0 72.8651922049974,19.2478673895947,0 72.8652574424527,19.2480388527351,0 72.86532838519631,19.2482082598217,0 72.865404961555,19.2483754396595,0 72.86548709416159,19.2485402233038,0 72.8655747000338,19.2487024442305,0 72.86566769065701,19.248861938505,0 72.8657659720747,19.2490185449475,0 72.8657904650303,19.2490558893568,0 72.8658150897634,19.2490928859291,0 72.8658400568246,19.2491299291237,0 72.8658653305688,19.249167039175,0 72.86589087514071,19.2492042371391,0 72.8659166544152,19.2492415447975,0 72.86594269387361,19.24927907383,0 72.8659687711023,19.2493165797449,0 72.867475979471,19.2514835762882,0 72.8688444829898,19.253451094122,0 72.8688592419707,19.2534723200219,0 72.8688741982788,19.2534938720752,0 72.8688891725064,19.2535155356371,0 72.86890420252369,19.2535374095611,0 72.8689192661122,19.2535595072952,0 72.8689343404078,19.2535818423659,0 72.86894940185999,19.2536044283138,0 72.8689644261927,19.2536272786297,0 72.868979388364,19.2536504066826,0 72.8689942625258,19.2536738256465,0 72.86900902198791,19.2536975484257,0 72.8690236391793,19.2537215875715,0 72.869038085615,19.2537459552013,0 72.8690523318608,19.2537706629046,0 72.86906634751659,19.2537957216718,0 72.8690796867816,19.2538203758818,0 72.86917573599401,19.2540302675383,0 72.8692455635404,19.2542493059641,0 72.8692882309237,19.2544745475797,0 72.8693031646358,19.2547029654298,0 72.86929016387001,19.2549314898623,0 72.86924940322651,19.2551570497797,0 72.8691814303719,19.2553766139126,0 72.86908715868481,19.2555872315573,0 72.868967854986,19.2557860722313,0 72.8688251225179,19.2559704637145,0 72.8686608794016,19.2561379279629,0 72.8684773328613,19.2562862144132,0 72.86845392614021,19.2563027720959,0 72.8684297244818,19.2563194101982,0 72.8684054785397,19.2563356366566,0 72.8683812105148,19.2563514740529,0 72.8683569414588,19.2563669451046,0 72.8683326913287,19.256382072604,0 72.86830847905981,19.2563968793511,0 72.8682843226342,19.2564113880933,0 72.86826023914981,19.2564256214696,0 72.8682362448932,19.256439601955,0 72.86821235540469,19.2564533518145,0 72.8681885855513,19.2564668930541,0 72.86816494958509,19.2564802473824,0 72.8681414612272,19.25649343616,0 72.8681182267452,19.2565064283512,0 72.8680949794626,19.2565194008136,0 72.86809494328161,19.2565194209991,0 72.8680693037318,19.256533721205,0 72.86804359171251,19.2565480490494,0 72.86801766812999,19.2565624690591,0 72.8679917267758,19.2565768602165,0 72.86796568176911,19.2565912572102,0 72.8679395271235,19.2566056500891,0 72.8679132568528,19.2566200287837,0 72.8678870330028,19.2566342917137,0 72.8678485972636,19.2566550158131,0 72.86781006320911,19.256675574584,0 72.8677714316278,19.256695967606,0 72.86773270331,19.2567161944615,0 72.8676938790482,19.2567362547369,0 72.86765495963689,19.2567561480216,0 72.8676159458722,19.2567758739086,0 72.86757683855259,19.2567954319943,0 72.867537638478,19.2568148218786,0 72.8674983464507,19.2568340431646,0 72.8674589632745,19.2568530954591,0 72.86741948975531,19.2568719783723,0 72.8674466913603,19.2569507306277,0 72.8665203280593,19.2572824171024,0 72.8662728529247,19.2573642002855,0 72.8659632028354,19.2574609204611,0 72.8657045667893,19.2575414284212,0 72.86543422582309,19.2576255793861,0 72.8647986708144,19.2578299289316,0 72.86478754388639,19.2577976940469,0 72.8646476781929,19.2578412306065,0 72.86460233397941,19.257855336813,0 72.8645567794526,19.25786945875,0 72.8645109595613,19.2578835631025,0 72.86446485883251,19.2578976034734,0 72.86441846200751,19.257911532636,0 72.8643717542077,19.2579253024877,0 72.8643247210905,19.25793886401,0 72.86427784590769,19.2579520276878,0 72.86425598502311,19.2579580359471,0 72.8642341001697,19.2579639649835,0 72.8642121916659,19.2579698147107,0 72.86419025983039,19.2579755850438,0 72.8641683049822,19.2579812758987,0 72.86414632744059,19.2579868871927,0 72.8641243275252,19.2579924188441,0 72.8641023055561,19.2579978707727,0 72.8640802618535,19.2580032428988,0 72.8640581967382,19.2580085351446,0 72.864036110531,19.2580137474331,0 72.86401400355329,19.2580188796884,0 72.8639664535723,19.2580296413248,0 72.8639185579684,19.2580401327075,0 72.8638708351739,19.2580502895462,0 72.86382329846261,19.2580601611302,0 72.86377596016349,19.2580697962085,0 72.86372883181581,19.2580792429499,0 72.86368192433901,19.2580885489054,0 72.8636352477192,19.2580977610661,0 72.86288592154381,19.2582455189467,0 72.8628392012569,19.2582547234996,0 72.86279227012381,19.2582639213602,0 72.8627450773608,19.2582730735781,0 72.862697613051,19.2582821324049,0 72.8626498675883,19.2582910492904,0 72.8626018318479,19.2582997748541,0 72.8625534973489,19.2583082588616,0 72.8625053666181,19.2583163642828,0 72.8624780137804,19.2583208040928,0 72.8624506394987,19.2583251230549,0 72.8624232443653,19.2583293210757,0 72.8623958289725,19.2583333980645,0 72.8623683939131,19.258337353933,0 72.8623409397805,19.2583411885959,0 72.86231346716831,19.2583449019701,0 72.86228597667071,19.2583484939753,0 72.8622584688821,19.258351964534,0 72.8622309443974,19.2583553135709,0 72.8622034038119,19.2583585410136,0 72.86217584772111,19.2583616467926,0 72.8621272718819,19.2583668307958,0 72.86207838763519,19.2583717065958,0 72.8620297177962,19.2583762703206,0 72.8619812692247,19.2583805724273,0 72.861933047907,19.2583846627276,0 72.8618850591255,19.2583885903661,0 72.8618373076137,19.258392403803,0 72.8617897972736,19.2583961508336,0 72.8588579996575,19.2586268658143,0 72.8588283972131,19.2586291969146,0 72.858798871913,19.2586315327802,0 72.85876957567071,19.2586338720607,0 72.8587402822789,19.258636243281,0 72.8587110835913,19.2586386496866,0 72.8586819806481,19.258641101607,0 72.8586529745358,19.2586436092678,0 72.8586238778788,19.2586461995727,0 72.8585751735846,19.2586507257948,0 72.8585264946272,19.2586554915188,0 72.8584778423121,19.2586604966168,0 72.8584292179445,19.2586657409546,0 72.85838062282841,19.2586712243913,0 72.85833205826749,19.2586769467802,0 72.8582835255643,19.2586829079674,0 72.85823502602059,19.2586891077932,0 72.8581865609373,19.2586955460912,0 72.8581381316142,19.2587022226887,0 72.8580897393505,19.2587091374066,0 72.8580413854442,19.2587162900595,0 72.8580125279798,19.2587206732912,0 72.8579837798985,19.25872511511,0 72.8579549526826,19.2587296338428,0 72.8579260447073,19.2587342193286,0 72.8578970542543,19.2587388613198,0 72.8578678896438,19.2587435639733,0 72.85783877379519,19.2587482806514,0 72.857809569495,19.2587530225503,0 72.85780956786191,19.258753022816,0 72.85776253524,19.2587606544906,0 72.8577152930895,19.2587682724783,0 72.8576677923773,19.2587758363377,0 72.8576200250092,19.2587832982495,0 72.8575719832222,19.258790609612,0 72.8575236597659,19.2587977210167,0 72.8574750480506,19.2588045822319,0 72.85742665297769,19.2588110736885,0 72.85740237810479,19.2588141906517,0 72.8573780900221,19.2588172133763,0 72.8573537891354,19.2588201418119,0 72.85732947585041,19.2588229759096,0 72.8573051505735,19.258825715622,0 72.8572808137104,19.2588283609034,0 72.8572564656681,19.2588309117097,0 72.85723210685281,19.2588333679981,0 72.8572077376715,19.2588357297278,0 72.8571833585312,19.2588379968592,0 72.85715896983921,19.2588401693545,0 72.85713457200239,19.2588422471775,0 72.8570858669562,19.2588461191132,0 72.8570368642534,19.2588496761808,0 72.8569880841458,19.2588529285361,0 72.8569395319503,19.2588559265468,0 72.8568912121434,19.2588587199175,0 72.85684312851529,19.2588613576739,0 72.8567952843416,19.2588638881492,0 72.8567476820825,19.2588663589962,0 72.8561024331774,19.2588997443454,0 72.8560622252791,19.258901819477,0 72.8560216641793,19.2589038816627,0 72.8559810036368,19.2589058862014,0 72.8559401460976,19.2589078060781,0 72.8558990902162,19.2589096088709,0 72.8558578349415,19.2589112617023,0 72.8558163796217,19.2589127312375,0 72.8557747240843,19.2589139836856,0 72.855732868733,19.2589149848008,0 72.85569081463299,19.258915699888,0 72.85564856361781,19.258916093809,0 72.8556061183664,19.2589161309934,0 72.8555641319676,19.2589157808651,0 72.85552282166709,19.2589150419792,0 72.8554815214081,19.2589139044097,0 72.8554402354568,19.258912368274,0 72.85539896807759,19.2589104337311,0 72.855357723533,19.2589081009807,0 72.8553165060832,19.2589053702637,0 72.85527531998569,19.2589022418623,0 72.85523416949469,19.2588987160996,0 72.85519305886049,19.2588947933399,0 72.8551519923297,19.2588904739884,0 72.8551109741439,19.2588857584911,0 72.85507000854,19.2588806473353,0 72.8550284353375,19.2588750561524,0 72.85498646911201,19.258869017084,0 72.85494475089411,19.2588626527231,0 72.8549032777576,19.2588559986233,0 72.8548620460025,19.2588490897899,0 72.854821051244,19.2588419606825,0 72.8547802885121,19.2588346452221,0 72.8547397523344,19.2588271767982,0 72.8546994368409,19.2588195882816,0 72.8546593358418,19.2588119120352,0 72.854619442914,19.2588041799274,0 72.85457984563981,19.2587964417465,0 72.8545402544822,19.2587886731309,0 72.8541872355636,19.2587193552672,0 72.854145293041,19.2587111132985,0 72.8541029765922,19.2587027603927,0 72.85406057180531,19.2586943146731,0 72.8540179828186,19.2586857187489,0 72.853975218445,19.2586769352458,0 72.8539322880339,19.2586679263455,0 72.853889201588,19.2586586538138,0 72.85384596987051,19.2586490790281,0 72.85380260451559,19.2586391630098,0 72.8537596574392,19.2586289941509,0 72.8536373376036,19.2585979442218,0 72.853515881897,19.2585639723306,0 72.853395367695,19.2585271001207,0 72.85327587177299,19.258487351083,0 72.8531574702578,19.258444750541,0 72.8530402385787,19.258399325635,0 72.8529242514194,19.2583511053044,0 72.8528095826705,19.2583001202695,0 72.85269630538269,19.258246403012,0 72.8525844917198,19.2581899877539,0 72.85247421291309,19.2581309104361,0 72.8523655392156,19.2580692086954,0 72.8523279369837,19.2580470343033,0 72.85229023432299,19.2580243987925,0 72.8522528825239,19.258001616593,0 72.85221586024861,19.2579787227875,0 72.8521791458232,19.2579557516173,0 72.85214271733371,19.2579327365337,0 72.8521065527311,19.257909710256,0 72.85207062992281,19.2578867048258,0 72.8520350150315,19.257863808343,0 72.85199942130291,19.2578408813904,0 72.8515110397724,19.2575261968441,0 72.8514866900468,19.2575551857468,0 72.8507728812,19.2570770294674,0 72.85056114195901,19.2569274695492,0 72.8503119774837,19.256742201604,0 72.8499663532097,19.2564673476215,0 72.8492895496029,19.2559006727451,0 72.8493081802288,19.2558785011346,0 72.8493038507104,19.255874858671,0 72.8492813861911,19.2558559144123,0 72.8492588836191,19.2558368784033,0 72.84923635109099,19.2558177421458,0 72.8492137968278,19.25579849711,0 72.8491913728503,19.2557792580022,0 72.8490824638055,19.2556841035053,0 72.84897508471239,19.2555873934306,0 72.84886926019951,19.2554891499625,0 72.8487650145391,19.2553893956374,0 72.8486623716405,19.255288153338,0 72.8485613550458,19.2551854462885,0 72.8484619879233,19.2550812980487,0 72.8483642930636,19.2549757325093,0 72.8482682928727,19.2548687738857,0 72.84817400936851,19.2547604467132,0 72.8480814641744,19.2546507758405,0 72.8479906785153,19.2545397864249,0 72.8479723563315,19.2545169634658,0 72.8479540387641,19.2544940167083,0 72.84793583352931,19.2544710995715,0 72.84791773099499,19.2544482191293,0 72.84789972156629,19.2544253823319,0 72.8478818511566,19.2544026665166,0 72.84786397164299,19.2543799022591,0 72.8478461565937,19.2543572015337,0 72.8475374062221,19.2539637231314,0 72.8475160855718,19.2539365460145,0 72.8474946299078,19.2539091634798,0 72.847473166594,19.2538817041865,0 72.8474516714081,19.2538541031804,0 72.8474301618746,19.2538263483358,0 72.8474086558013,19.2537984275028,0 72.8473871713029,19.25377032854,0 72.84736589677731,19.2537422635437,0 72.8473158825533,19.2536752021451,0 72.8472666477976,19.2536076224935,0 72.8472181984626,19.2535395327604,0 72.8471705404052,19.2534709411787,0 72.8471236793872,19.2534018560426,0 72.8470776210736,19.2533322857053,0 72.8470323710325,19.2532622385789,0 72.8469879347342,19.2531917231332,0 72.84694431755059,19.2531207478947,0 72.8469015247545,19.2530493214451,0 72.8468595615189,19.2529774524212,0 72.84681843291681,19.2529051495128,0 72.8468013730638,19.2528745983372,0 72.8467843742162,19.2528438533491,0 72.84676755305929,19.2528131689481,0 72.84675089010381,19.252782555173,0 72.8467343659911,19.2527520218032,0 72.8467179615086,19.2527215783827,0 72.8467016891677,19.252691292992,0 72.8466854352088,19.2526609981921,0 72.8463619470742,19.2520579184878,0 72.8463484520373,19.252032755522,0 72.8463349325189,19.2520075226308,0 72.8463213287971,19.2519820836608,0 72.8463077564635,19.251956629575,0 72.8462941842001,19.2519310768801,0 72.8462806228232,19.2519054204951,0 72.84626708327519,19.2518796553495,0 72.8462536626174,19.2518539411451,0 72.84620910918839,19.2517671235433,0 72.8461655095301,19.2516798702681,0 72.84612286836349,19.2515921907703,0 72.8460811903057,19.2515040945466,0 72.8460404798693,19.2514155911395,0 72.84600074146221,19.2513266901348,0 72.8459619793871,19.2512374011621,0 72.8459241978406,19.2511477338926,0 72.8458874009136,19.2510576980385,0 72.8458515925898,19.2509673033517,0 72.84581677674611,19.2508765596234,0 72.8457829571518,19.2507854766824,0 72.84571136224849,19.2508003422941,0 72.8450930967104,19.2482019686706,0 72.8451577851492,19.2481885447026,0 72.8451404105396,19.248051830405,0 72.84512498402771,19.2479149054595,0 72.8451115084296,19.2477777949051,0 72.8450999862044,19.2476405238147,0 72.84509041945439,19.2475031172908,0 72.84508280992409,19.2473656004603,0 72.845077159,19.2472279984703,0 72.84507346771061,19.2470903364835,0 72.8450717367261,19.2469526396733,0 72.84507196635791,19.2468149332197,0 72.84507415655921,19.2466772423041,0 72.84507830692451,19.2465395921052,0 72.84507941501781,19.2465109545251,0 72.84508060148229,19.2464822326363,0 72.84508184874851,19.2464535931397,0 72.8450831458002,19.2464250357105,0 72.8450844817126,19.2463965599746,0 72.8450858418134,19.2463682454368,0 72.8450872249276,19.2463398918603,0 72.84508861475661,19.2463116182138,0 72.84515679874301,19.2449262798127,0 72.84515878181981,19.2448858371908,0 72.8451607111964,19.2448455886564,0 72.8451625416488,19.2448055711102,0 72.8451642306125,19.2447657830803,0 72.8451657362786,19.244726223509,0 72.8451670175935,19.2446868918683,0 72.8451680342591,19.2446477882765,0 72.84516874673849,19.2446089136091,0 72.8451691162644,19.2445702696119,0 72.84516910467249,19.2445312600933,0 72.8451682439333,19.2444712346133,0 72.8451663525166,19.2444112304518,0 72.84516343092641,19.2443512635729,0 72.8451594799414,19.2442913499305,0 72.8451545006139,19.2442315054644,0 72.84514849426959,19.244171746096,0 72.8451414625076,19.244112087724,0 72.8451334071999,19.2440525462203,0 72.84512433049051,19.2439931374255,0 72.8451142347957,19.2439338771452,0 72.8451031228021,19.2438747811451,0 72.8450909974673,19.2438158651474,0 72.8450825812991,19.2437776834166,0 72.8450738710953,19.2437399337114,0 72.8450647754072,19.2437020250798,0 72.8450553325554,19.2436639516761,0 72.845045581425,19.2436257066519,0 72.84503556148201,19.2435872822693,0 72.8450253127934,19.2435486700122,0 72.84501487604921,19.2435098606966,0 72.8450042925909,19.243470844589,0 72.8449936043196,19.2434316110792,0 72.8449320424982,19.243205796836,0 72.84492131897861,19.2431664876812,0 72.84491066056459,19.2431275702554,0 72.84489995294,19.2430887761666,0 72.8448891867065,19.2430502191565,0 72.8448783247845,19.2430119090362,0 72.8448673308373,19.2429738558666,0 72.8448561693013,19.242936070051,0 72.8448448054191,19.2428985624244,0 72.8448332052759,19.2428613443461,0 72.8448211670401,19.2428239027935,0 72.8448147392164,19.2428044181261,0 72.84480820783671,19.2427849645505,0 72.8448015730677,19.2427655425634,0 72.844794835079,19.2427461526602,0 72.84478799404251,19.2427267953362,0 72.8447810501329,19.242707471085,0 72.84477400352731,19.2426881804002,0 72.84476685440581,19.2426689237739,0 72.8447596029507,19.2426497016976,0 72.8447522493473,19.242630514662,0 72.84474479378321,19.2426113631568,0 72.84473723644859,19.2425922476706,0 72.84472246730741,19.2425556987147,0 72.84470749763631,19.2425195819721,0 72.8446921541411,19.2424833750873,0 72.84467647091471,19.2424470671912,0 72.8446604823751,19.2424106465102,0 72.84464422329511,19.2423741004587,0 72.8446277288356,19.2423374157295,0 72.8446110345799,19.242300578382,0 72.8445941316197,19.2422634752619,0 72.8445772032666,19.2422264135334,0 72.84456419699821,19.2421979606455,0 72.8445513017315,19.242169809924,0 72.84453839757531,19.2421417574335,0 72.8445254988892,19.2421138919259,0 72.84451258414509,19.2420862226393,0 72.8444996322874,19.2420587588379,0 72.8444866227596,19.2420315098637,0 72.8444735355228,19.2420044851705,0 72.84446035108,19.2419776943671,0 72.84444705049999,19.2419511472542,0 72.8444336154399,19.2419248538592,0 72.8444200281713,19.2418988244698,0 72.84440627160539,19.241873069666,0 72.8443923293202,19.2418476003482,0 72.84437818559169,19.2418224277697,0 72.8443634748475,19.2417969565542,0 72.8443487756373,19.2417722411639,0 72.8443337566581,19.2417476998214,0 72.8443184201939,19.241723336259,0 72.84430276857741,19.2416991541817,0 72.8442868041887,19.2416751572671,0 72.8442705294558,19.2416513491644,0 72.844253946854,19.2416277334945,0 72.84423705890509,19.2416043138484,0 72.8442198681775,19.2415810937879,0 72.8442023772857,19.2415580768442,0 72.8441845888898,19.2415352665175,0 72.8441665056949,19.2415126662768,0 72.84414769621441,19.241489756931,0 72.8441289512094,19.2414674603906,0 72.84410983957569,19.241445222175,0 72.8440903784181,19.241423033022,0 72.8440705847744,19.2414008829186,0 72.8440613164459,19.2413906869644,0 72.84401270014951,19.2414341005293,0 72.8421486815935,19.2394169286426,0 72.8421878636141,19.2393868220808,0 72.84208009071109,19.2392602675479,0 72.84205316322441,19.2392286377092,0 72.84202602067801,19.2391966969184,0 72.8419988717894,19.239164631165,0 72.8419716807483,19.2391323383419,0 72.8419444793183,19.2390997948558,0 72.8419172999741,19.239066977093,0 72.84189017597301,19.2390338615107,0 72.8418631414191,19.2390004247241,0 72.8418362313279,19.2389666435976,0 72.84180981342691,19.2389329188288,0 72.84177857923611,19.2388922437151,0 72.84174779932781,19.2388512573739,0 72.841717477139,19.2388099643822,0 72.8416876160553,19.2387683693513,0 72.8416582194109,19.2387264769262,0 72.8416292904884,19.238684291785,0 72.8416008325179,19.2386418186387,0 72.8415728486769,19.2385990622303,0 72.8415453420899,19.2385560273345,0 72.8415183158284,19.238512718757,0 72.84149177290991,19.2384691413341,0 72.8414657162982,19.2384252999322,0 72.84144432766649,19.2383884995742,0 72.8414230887273,19.2383512503184,0 72.8414022313237,19.2383140359666,0 72.8413817187904,19.2382768772215,0 72.8413615145985,19.2382397938908,0 72.8413415824197,19.2382028049869,0 72.8413218861817,19.2381659288164,0 72.84130239012561,19.2381291830778,0 72.84128310659101,19.238092675323,0 72.8412638571922,19.23805615081,0 72.8408689392909,19.2373065319674,0 72.8408533269308,19.2372768870388,0 72.8408375826472,19.2372469312852,0 72.8408218466712,19.2372168696836,0 72.84080610237029,19.2371866083653,0 72.84079037659321,19.2371561350379,0 72.840774696731,19.237125437457,0 72.8407590907492,19.2370945034938,0 72.8407435872181,19.2370633212015,0 72.8407282153446,19.2370318788907,0 72.8407130049993,19.2370001651975,0 72.8406979867457,19.2369681691641,0 72.8406831918653,19.2369358803151,0 72.8406686523806,19.2369032887385,0 72.8406544010743,19.2368703851661,0 72.8406407489322,19.2368378227522,0 72.84062726575711,19.2368045329846,0 72.8406142061914,19.2367710912059,0 72.84060157213401,19.2367375022789,0 72.84058936542171,19.236703771088,0 72.8405775878294,19.2366699025383,0 72.8405662410692,19.2366359015545,0 72.84055532679111,19.236601773081,0 72.84054484658169,19.2365675220806,0 72.84053480196469,19.2365331535339,0 72.8405251944005,19.2364986724384,0 72.84051602528589,19.2364640838083,0 72.8405072959539,19.236429392673,0 72.8404991394507,19.236395210238,0 72.8404912734632,19.2363604243411,0 72.8404838309911,19.2363257406505,0 72.8404767794853,19.2362911691523,0 72.84047008664091,19.2362567188972,0 72.8404637204284,19.236222398072,0 72.8404576491223,19.2361882140793,0 72.8404518413269,19.2361541736166,0 72.84044626599921,19.2361202827524,0 72.8404408924682,19.2360865470045,0 72.84043569045291,19.2360529714132,0 72.8404306300769,19.2360195606148,0 72.84042568188239,19.2359863189135,0 72.84042083013691,19.2359533407159,0 72.8404160063095,19.2359203583536,0 72.8403820562752,19.2356879957451,0 72.84037550592581,19.2356431045161,0 72.8403689774081,19.2355980070825,0 72.84036251659241,19.2355526563761,0 72.8403561761118,19.235507045983,0 72.8403500094791,19.2354611698642,0 72.8403440711047,19.2354150225266,0 72.84033841631241,19.2353685991924,0 72.8403331589609,19.2353224021872,0 72.8403266627478,19.2352595738142,0 72.84032092802821,19.2351966786045,0 72.8403159555606,19.2351337248845,0 72.8403117460023,19.2350707209886,0 72.84030829990991,19.2350076752577,0 72.8403056177384,19.2349445960382,0 72.84030369984239,19.2348814916812,0 72.8403025464747,19.2348183705406,0 72.84030215778721,19.2347552409731,0 72.8403025338303,19.234692111336,0 72.8403036745536,19.234628989987,0 72.84030557980501,19.2345658852824,0 72.84030746031451,19.2345194535071,0 72.84030972082491,19.2344727698301,0 72.84031228433121,19.2344263428568,0 72.8403150952938,19.2343801714555,0 72.8403180990327,19.2343342537209,0 72.8403212417238,19.2342885871447,0 72.8403244703932,19.2342431687842,0 72.8403277329399,19.2341979949846,0 72.84043805027849,19.2326744860571,0 72.8404089282279,19.2326725835132,0 72.84052163907759,19.2311540848275,0 72.8406784658623,19.230004614025,0 72.84069713942461,19.2300069765931,0 72.84069843232381,19.2299884621747,0 72.8406996264153,19.2299699417693,0 72.8407007216685,19.229951415853,0 72.8407017180554,19.2299328849017,0 72.8407026155503,19.2299143493913,0 72.8407034141302,19.229895809798,0 72.84070411377451,19.2298772665983,0 72.8407047144656,19.2298587202682,0 72.8407052161877,19.2298401712843,0 72.8407056189283,19.2298216201232,0 72.8407059226769,19.2298030672614,0 72.84070612742571,19.2297845131754,0 72.8407062399193,19.2297455120875,0 72.84070596856699,19.229706877428,0 72.8407053532391,19.2296680101563,0 72.8407044328611,19.229628912127,0 72.8407032471378,19.2295895843176,0 72.8407018365442,19.2295500269429,0 72.84070024232059,19.2295102395672,0 72.8406985064704,19.2294702212205,0 72.84069667176181,19.2294299705184,0 72.8406947817091,19.2293894853268,0 72.84063379122731,19.2280881854313,0 72.8406329983913,19.2280712644539,0 72.8406322062807,19.2280543291831,0 72.8406314161322,19.2280373761726,0 72.840630629346,19.2280204053641,0 72.8406298473267,19.2280034167001,0 72.84062907148309,19.2279864101242,0 72.8406283032286,19.2279693855815,0 72.84062754396111,19.2279523425656,0 72.8406263593692,19.2279252414508,0 72.8406252030975,19.2278981392324,0 72.8406240751472,19.227871035937,0 72.8406229755194,19.2278439315914,0 72.8406219042152,19.2278168262224,0 72.84062086123549,19.2277897198566,0 72.8406198465814,19.2277626125207,0 72.840618860254,19.2277355042414,0 72.8406179022541,19.2277083950455,0 72.84061697258269,19.2276812849596,0 72.8406160712407,19.2276541740105,0 72.8406151982289,19.2276270622248,0 72.84061466524901,19.2276100673539,0 72.84061414032379,19.2275930168249,0 72.8406136243559,19.2275759836981,0 72.8406131159274,19.2275589680136,0 72.8406126136243,19.2275419698116,0 72.84061211603699,19.2275249891311,0 72.8406116217602,19.2275080260099,0 72.8406111293798,19.2274910800336,0 72.84055479657241,19.2255514063898,0 72.840554305147,19.2255344736265,0 72.8405538151833,19.2255175192457,0 72.84055332863559,19.2255005383397,0 72.8405528476095,19.2254835308555,0 72.8405523742201,19.2254664967423,0 72.8405519105921,19.2254494359512,0 72.8405514588607,19.2254323484372,0 72.8405510211589,19.225415233705,0 72.8405492325936,19.2253369550137,0 72.8405477963569,19.2252586697737,0 72.84054671247451,19.2251803794159,0 72.8405459809659,19.2251020853713,0 72.8405456018438,19.2250237890708,0 72.8405455751147,19.2249454919456,0 72.84054590077869,19.2248671954269,0 72.84054657882911,19.2247889009456,0 72.84054760925321,19.2247106099327,0 72.8405489920316,19.2246323238195,0 72.84055072713851,19.2245540440364,0 72.8405528145418,19.2244757720145,0 72.8405533151177,19.224458742553,0 72.8405538328426,19.2244416302864,0 72.84055436242009,19.2244245447876,0 72.8405549017056,19.2244074860014,0 72.8405554485646,19.2243904538717,0 72.8405560008725,19.2243734483396,0 72.8405565565144,19.224356469345,0 72.8405571134,19.2243395163748,0 72.84055794006839,19.2243143663525,0 72.8405287648531,19.2243135010393,0 72.8406162948602,19.2216504440402,0 72.84064546960791,19.2216513092939,0 72.8406456768405,19.2216450040402,0 72.8406471470186,19.2216000229659,0 72.8406485618986,19.2215552360218,0 72.8406498720715,19.2215106805254,0 72.84065103015141,19.2214663555359,0 72.8406519895093,19.2214222605539,0 72.84065270427389,19.2213783956552,0 72.8406531293348,19.2213347616243,0 72.8406532213628,19.2212908764068,0 72.8406527152743,19.2212300386798,0 72.8406514621866,19.2211692106986,0 72.8406494622712,19.22110840074,0 72.8406467158009,19.2210476170774,0 72.8406432231501,19.2209868679812,0 72.84063898479501,19.220926161717,0 72.84063400131301,19.2208655065443,0 72.8406282733831,19.220804910716,0 72.8406218017853,19.2207443824767,0 72.84061458740111,19.2206839300619,0 72.84060663121291,19.2206235616966,0 72.840597934304,19.2205632855946,0 72.84059120845031,19.2205198678624,0 72.84058419099701,19.2204767441476,0 72.840576851945,19.2204334314798,0 72.8405692360558,19.2203899244816,0 72.840561388737,19.2203462169699,0 72.84055335605881,19.2203023020902,0 72.84054518477321,19.2202581724446,0 72.8405369222544,19.2202138197859,0 72.8403505529696,19.2192144040961,0 72.8403422815534,19.2191700925881,0 72.8403339979287,19.2191259818566,0 72.8403256617932,19.2190821180511,0 72.84031722656501,19.2190385094808,0 72.8403086464992,19.2189951647409,0 72.8402998767162,19.2189520928409,0 72.8402908732344,19.2189093033366,0 72.8402814895822,19.2188663328586,0 72.8402582401547,19.2187668100627,0 72.84023294759849,19.2186677379211,0 72.8402056215797,19.2185691542802,0 72.8401762725405,19.2184710968,0 72.8401449116962,19.2183736029388,0 72.8401115510304,19.2182767099401,0 72.84007620329091,19.2181804548172,0 72.8400388819843,19.2180848743403,0 72.83999960137081,19.2179900050214,0 72.83995837645951,19.2178958831009,0 72.8399152230015,19.2178025445335,0 72.83987015748539,19.2177100249747,0 72.83985017932299,19.2176704554659,0 72.8398300144836,19.2176312488971,0 72.83980948353531,19.2175919524785,0 72.8397886275461,19.2175525484636,0 72.8397674879496,19.2175130181556,0 72.83974610660221,19.2174733420281,0 72.83972452584359,19.2174334998474,0 72.8397027883391,19.2173934703873,0 72.8393463201926,19.2167373124679,0 72.8393313421084,19.2167097506049,0 72.83931649634781,19.2166824840363,0 72.8393016486306,19.2166553166028,0 72.8392868196534,19.2166283364396,0 72.8392719884791,19.2166015541879,0 72.8392571346529,19.2165749804911,0 72.8392422382245,19.2165486260314,0 72.8392272797761,19.2165225015742,0 72.8392122404485,19.2164966180072,0 72.8391971019643,19.2164709863714,0 72.83918184665861,19.2164456179027,0 72.8391664575028,19.2164205240562,0 72.8391509181357,19.2163957165424,0 72.83913521289099,19.2163712073507,0 72.83911932683191,19.2163470087807,0 72.8391028508091,19.2163225470589,0 72.83908696035709,19.2162995841992,0 72.8390707806789,19.21627680433,0 72.83905431410921,19.2162542107388,0 72.83903756302441,19.2162318066858,0 72.839020529842,19.2162095954043,0 72.83900321702021,19.2161875800993,0 72.8389856270573,19.2161657639479,0 72.83896776249181,19.2161441500983,0 72.8389496259019,19.2161227416695,0 72.83893121990501,19.2161015417509,0 72.83891254715709,19.2160805534018,0 72.8388936103531,19.2160597796509,0 72.83887331458151,19.2160380627648,0 72.83885312488231,19.2160169568164,0 72.8388325713339,19.2159959316338,0 72.83881167046199,19.2159749769108,0 72.838790438676,19.21595408159,0 72.8387688922892,19.2159332339006,0 72.8387470475413,19.2159124213951,0 72.8387249206191,19.215891630982,0 72.8387025276828,19.2158708489599,0 72.8386798848916,19.2158500610509,0 72.8386570084344,19.2158292524346,0 72.83863391456249,19.2158084077831,0 72.83861061962089,19.2157875112931,0 72.83858714008881,19.215766546725,0 72.838563425646,19.2157454378242,0 72.83853969367659,19.215724346075,0 72.8385397018674,19.2157243533553,0 72.8385048712605,19.2156933949676,0 72.8384699268311,19.2156622718013,0 72.8384348727615,19.215630923025,0 72.8383997438154,19.21559931402,0 72.83836457559541,19.2155674099523,0 72.8383294046636,19.2155351758861,0 72.83829426865211,19.2155025768936,0 72.8382595682998,19.2154699187907,0 72.83824331042899,19.2154544413015,0 72.83822711455061,19.2154389052726,0 72.838210980898,19.2154233109277,0 72.8381949097039,19.2154076584921,0 72.8381789012,19.2153919481913,0 72.83816295561731,19.215376180252,0 72.8381470731856,19.2153603549015,0 72.8381312541341,19.2153444723682,0 72.8381154986907,19.215328532881,0 72.8380998070829,19.2153125366699,0 72.83808417953659,19.2152964839655,0 72.8380686162776,19.2152803749993,0 72.8380357945706,19.2152460090062,0 72.8380030541602,19.2152112321545,0 72.837970699068,19.2151764381917,0 72.837938690908,19.2151416612977,0 72.8379069913351,19.2151069346387,0 72.83787556215469,19.2150722904755,0 72.8378443654304,19.2150377602775,0 72.8378133632847,19.215003374496,0 72.83765375463921,19.2148262846153,0 72.83763442282731,19.2148048326224,0 72.83761504994889,19.2147833181142,0 72.83759554432569,19.2147616220526,0 72.8375760654739,19.2147399043012,0 72.8375565623293,19.2147180906787,0 72.8375370441493,19.214696173837,0 72.837517520314,19.2146741464057,0 72.8374981246081,19.2146521419911,0 72.8374578846057,19.2146060511876,0 72.8374179585242,19.2145597146816,0 72.8373783480255,19.2145131344029,0 72.8373390547587,19.2144663122906,0 72.8373000803595,19.2144192502946,0 72.83726142645079,19.2143719503744,0 72.8372230946413,19.2143244144994,0 72.8371850865271,19.2142766446491,0 72.8371474036902,19.2142286428123,0 72.8371100476996,19.2141804109879,0 72.8370730201103,19.2141319511841,0 72.8370363224637,19.2140832654188,0 72.8370188493856,19.2140598525797,0 72.83700138544,19.2140363161704,0 72.8369840326499,19.2140128130676,0 72.83696678112879,19.2139893500177,0 72.83694962104011,19.2139659336551,0 72.8369325954299,19.2139426427781,0 72.8369155624932,19.2139193031898,0 72.8368985916443,19.213896029218,0 72.8364789940579,19.2133205064278,0 72.836458677699,19.213292630882,0 72.8364381550692,19.2132644155112,0 72.8364176250392,19.2132360753324,0 72.8363970528471,19.2132075037343,0 72.8363764683902,19.2131786817624,0 72.83635590231719,19.213149590438,0 72.8363353860854,19.2131202108456,0 72.8363149520207,19.2130905242272,0 72.8362946333712,19.2130605120734,0 72.83627446436501,19.2130301562271,0 72.83625448025791,19.2129994389787,0 72.8362350814722,19.2129689160412,0 72.83622299134311,19.2129495075834,0 72.836211045016,19.2129300189321,0 72.8361992430803,19.2129104510488,0 72.836187586118,19.2128908048991,0 72.8361760747043,19.212871081452,0 72.836164709407,19.2128512816808,0 72.8361534907868,19.2128314065622,0 72.83614241939721,19.2128114570769,0 72.8361314957844,19.2127914342092,0 72.836120720487,19.2127713389468,0 72.836110094037,19.2127511722811,0 72.83609961695819,19.2127309352071,0 72.83608335090059,19.2126988030103,0 72.8360672341355,19.2126660991182,0 72.83605153695309,19.212633446113,0 72.8360362244499,19.2126008623243,0 72.8360212618913,19.2125683650203,0 72.8360066147696,19.2125359704978,0 72.8359922488621,19.212503694183,0 72.83597813028361,19.2124715507257,0 72.8359642255371,19.2124395541007,0 72.8359505015565,19.2124077176938,0 72.83593696814231,19.2123761532701,0 72.8359234658755,19.2123445763119,0 72.8353833358251,19.2110808150588,0 72.8353671861032,19.2110430099079,0 72.83535100069101,19.2110050077523,0 72.8353348062908,19.2109667557294,0 72.8353186461062,19.2109282376487,0 72.83530256421609,19.2108894374283,0 72.8352866056287,19.2108503392326,0 72.835270816332,19.210810927611,0 72.8352552433436,19.2107711876452,0 72.83523993475529,19.210731105094,0 72.8352251546708,19.2106912460749,0 72.8352167629352,19.2106680346425,0 72.83520851647251,19.2106447762689,0 72.8352004155736,19.2106214717746,0 72.8351924605242,19.2105981219819,0 72.83518465160481,19.2105747277143,0 72.835176989091,19.2105512897973,0 72.8351694732529,19.2105278090578,0 72.8351621043557,19.2105042863242,0 72.8351548826592,19.2104807224261,0 72.8351478084182,19.2104571181951,0 72.8351408818822,19.2104334744638,0 72.8351341032955,19.2104097920664,0 72.8351227688693,19.2103689270768,0 72.8351117395805,19.2103275951635,0 72.8351011315826,19.210286405648,0 72.8350908966646,19.2102453724037,0 72.83508098710421,19.2102045081723,0 72.8350759700422,19.2101833158511,0 72.835043601293,19.2101898508775,0 72.83490565320319,19.2095578188096,0 72.8348764124371,19.2094136144141,0 72.8348070587427,19.2090054655464,0 72.8347851795329,19.2088477035341,0 72.8346115982625,19.2075372450738,0 72.8346405767098,19.2075337819283,0 72.8345444671852,19.2068079656133,0 72.8345422425562,19.2067911681747,0 72.83454001890399,19.206774395734,0 72.83453779452491,19.2067576529717,0 72.83453556714321,19.2067409401625,0 72.834533334496,19.2067242575823,0 72.8345310943327,19.206707605509,0 72.8345288444152,19.2066909842229,0 72.834526582457,19.2066743935634,0 72.8345133374832,19.2065798221974,0 72.8344995011074,19.2064853272861,0 72.8344850738193,19.2063909121675,0 72.8344700561298,19.2062965801764,0 72.8344544485701,19.2062023346451,0 72.8344382516927,19.2061081789027,0 72.83442146607069,19.206014116275,0 72.8344040922981,19.2059201500845,0 72.8343861309895,19.2058262836506,0 72.8343675827805,19.2057325202888,0 72.8343484483273,19.2056388633111,0 72.8343287283067,19.2055453160258,0 72.8343251909854,19.2055288328875,0 72.8343216575381,19.2055124443492,0 72.8343181044346,19.2054960296695,0 72.8343145338764,19.2054795884301,0 72.8343109480759,19.2054631202033,0 72.83430734925609,19.205446624556,0 72.8343037396517,19.2054301010499,0 72.8343001214119,19.2054135488012,0 72.8339943933381,19.2040150863029,0 72.8339871424004,19.2039819025947,0 72.83397986034061,19.2039484785419,0 72.8339726054399,19.2039149818352,0 72.83396538459741,19.2038813438772,0 72.83395821908211,19.2038475606986,0 72.83395113043029,19.2038136284222,0 72.833944140453,19.2037795433017,0 72.8339373256828,19.2037455731291,0 72.8339295608443,19.2037058061331,0 72.8339220226467,19.2036659997985,0 72.8339147113109,19.2036261552908,0 72.83390762705061,19.2035862737772,0 72.8339007700734,19.2035463564255,0 72.8338941405797,19.2035064044049,0 72.83388773876371,19.2034664188853,0 72.8338815648125,19.2034264010377,0 72.8338756189069,19.2033863520342,0 72.83386990122079,19.2033462730476,0 72.8338644119215,19.2033061652519,0 72.83385915116951,19.2032660298214,0 72.83385483056669,19.2032316926737,0 72.833850640362,19.2031971956131,0 72.8338465928734,19.2031628158808,0 72.8338426661184,19.2031285561724,0 72.8338388383354,19.2030944189827,0 72.83383508798779,19.2030604066395,0 72.8338314009202,19.2030265869343,0 72.8338277345585,19.2029927647412,0 72.8337360926085,19.2021465475102,0 72.8337324450663,19.2021128339662,0 72.8337287923875,19.2020788783154,0 72.8337251745301,19.2020448530229,0 72.8337216057282,19.2020106905201,0 72.8337181075655,19.2019763889201,0 72.8337147018823,19.2019419464559,0 72.8337114107778,19.2019073615139,0 72.83370828161119,19.201872907911,0 72.8337060918383,19.201847647395,0 72.83370399225009,19.2018223799689,0 72.83370198287101,19.2017971059234,0 72.8337000637238,19.2017718255491,0 72.83369823483071,19.2017465391368,0 72.8336964962127,19.2017212469774,0 72.8336948478896,19.2016959493617,0 72.8336932898805,19.2016706465806,0 72.83369182220309,19.2016453389253,0 72.83369044487441,19.2016200266866,0 72.8336891579102,19.2015947101559,0 72.833687961325,19.2015693896242,0 72.8336864705836,19.2015348370156,0 72.833685122959,19.2015001346346,0 72.833683907989,19.201465559791,0 72.8336828035376,19.2014311135455,0 72.83368178770481,19.2013967967737,0 72.8336808388288,19.2013626102018,0 72.8336799372366,19.2013286203669,0 72.8336790564899,19.2012946295847,0 72.8336211235774,19.1990498642713,0 72.833620394078,19.1990216606233,0 72.8336196565358,19.1989935187579,0 72.8336189016833,19.1989654506779,0 72.8336181241182,19.1989376032756,0 72.8336173075065,19.198909720195,0 72.8336164454997,19.1988819117277,0 72.83361552886829,19.1988541782233,0 72.8336145430556,19.1988263676479,0 72.83361367652191,19.1988035081321,0 72.83361275823729,19.1987806504398,0 72.8336117882059,19.1987577946769,0 72.8336107664324,19.198734940949,0 72.8336096929216,19.1987120893619,0 72.8336085676783,19.1986892400214,0 72.8336073907079,19.198666393033,0 72.8336061620157,19.1986435485027,0 72.8336048816074,19.1986207065359,0 72.8336035494892,19.1985978672384,0 72.833602165667,19.1985750307159,0 72.8336007301473,19.1985521970741,0 72.8335989156263,19.1985244241829,0 72.8335970399888,19.1984967342884,0 72.8335951024407,19.1984689747298,0 72.8335931122047,19.198441145018,0 72.8335910705749,19.1984131348568,0 72.8335890055107,19.1983851997727,0 72.8335869159481,19.1983571928012,0 72.8335848113298,19.1983291128616,0 72.8335756886457,19.1982074896641,0 72.8335465777684,19.1982094605696,0 72.833347237735,19.1955518495991,0 72.8333855218691,19.1955492575707,0 72.8333853157007,19.195522970357,0 72.83338543340339,19.1954873708101,0 72.8333859703416,19.1954523091047,0 72.8333878126406,19.1953943166274,0 72.83339086101989,19.1953363700732,0 72.8333951142868,19.1952784920812,0 72.83340057077869,19.1952207052636,0 72.8334072283624,19.1951630321968,0 72.8334150844357,19.1951054954132,0 72.8334241359281,19.1950481173913,0 72.83343437930211,19.1949909205481,0 72.83344581055449,19.1949339272294,0 72.8334584252182,19.1948771597018,0 72.8334722183634,19.1948206401434,0 72.8334871846005,19.1947643906355,0 72.8334967878105,19.1947305330241,0 72.8335069494271,19.194696267373,0 72.8335174380088,19.1946622824423,0 72.8335282195382,19.1946285725828,0 72.8335392606849,19.1945951314141,0 72.8335505287982,19.1945619519026,0 72.83356199189279,19.1945290264466,0 72.8335736186332,19.1944963469586,0 72.8335853783144,19.1944639049461,0 72.83359724084249,19.1944316915877,0 72.8336091767123,19.1943996978098,0 72.83362115698481,19.1943679143581,0 72.83363315326319,19.1943363318684,0 72.8336451046486,19.1943050274268,0 72.833657082969,19.1942737317835,0 72.8343750976189,19.1923985595899,0 72.834389300322,19.1923614521885,0 72.8344033567149,19.1923246376296,0 72.8344173214126,19.1922878850102,0 72.83443113331001,19.1922512669777,0 72.8344447632487,19.1922147739169,0 72.83445818237961,19.1921783966156,0 72.83447136214281,19.1921421263232,0 72.83448439716349,19.1921056104809,0 72.8344983197001,19.1920657626585,0 72.8345119541229,19.192025825009,0 72.8345252997899,19.191985799413,0 72.8345383560731,19.1919456877549,0 72.83455112235799,19.1919054919233,0 72.8345635980436,19.1918652138109,0 72.8345757825429,19.191824855314,0 72.83458767528219,19.1917844183328,0 72.83459927570191,19.1917439047713,0 72.8346105832559,19.191703316537,0 72.8346215974122,19.1916626555409,0 72.83463231765229,19.1916219236974,0 72.8346419079157,19.1915844569005,0 72.8346512374801,19.1915471237286,0 72.83466042530441,19.1915095783397,0 72.8346695004373,19.191471827887,0 72.8346784924321,19.1914338792799,0 72.83468743133,19.1913957392475,0 72.83469636760729,19.1913573285889,0 72.83470527243669,19.1913189108755,0 72.8348227842889,19.1908116233624,0 72.8348266163178,19.1907950817524,0 72.8348304526335,19.190778527401,0 72.83483429523901,19.1907619574454,0 72.8348381454154,19.1907453721544,0 72.83484200444759,19.1907287717985,0 72.83484587362339,19.1907121566496,0 72.8348497542347,19.1906955269824,0 72.83485364768001,19.190678882631,0 72.8348675013785,19.1906200242221,0 72.8348814831994,19.1905611931682,0 72.83489559308281,19.190502389721,0 72.8349098309682,19.1904436141322,0 72.8349241967944,19.1903848666532,0 72.8349386905001,19.1903261475354,0 72.8349533120229,19.1902674570303,0 72.8349680613001,19.1902087953888,0 72.8349829382685,19.1901501628622,0 72.83499794286431,19.1900915597012,0 72.8350130750231,19.1900329861568,0 72.8350283346802,19.1899744424794,0 72.8350326582372,19.1899579481667,0 72.83503700388719,19.1899414056236,0 72.8350413529695,19.1899248809292,0 72.8350457041964,19.1899083737787,0 72.83505005628319,19.1898918838683,0 72.8350544079499,19.1898754108943,0 72.8350587579199,19.1898589545528,0 72.8350631050366,19.1898425141025,0 72.835229292457,19.1892140359133,0 72.8352394133782,19.1891757399593,0 72.8352494203845,19.1891377495629,0 72.8352593428702,19.1890998297179,0 72.8352691278985,19.1890620586413,0 72.83527874542629,19.1890244296138,0 72.8352881657631,19.1889869362808,0 72.8352973595552,19.188949572723,0 72.8353063828604,19.188911979018,0 72.8353264217681,19.1888243068734,0 72.8353451056104,19.1887363650033,0 72.8353624303727,19.1886481723132,0 72.8353783923327,19.1885597477623,0 72.8353929880612,19.18847111036,0 72.83540621442251,19.1883822791611,0 72.83541806857571,19.1882932732623,0 72.8354285479743,19.1882041117974,0 72.83543765036789,19.188114813934,0 72.8354453738018,19.1880253988689,0 72.8354517166181,19.187935885824,0 72.8354566774551,19.1878462940422,0 72.8354583892088,19.1878077694796,0 72.83545987272341,19.1877694243021,0 72.83546117364919,19.1877308972607,0 72.83546232194431,19.1876921899871,0 72.83546334801311,19.1876533037784,0 72.8354642827001,19.1876142396662,0 72.8354651592466,19.1875749106146,0 72.83546600350501,19.1875355804732,0 72.8354856256467,19.1866156799785,0 72.8354564489493,19.1866151181526,0 72.83551326603509,19.1839513082863,0 72.8355424422635,19.1839518700572,0 72.83555232668761,19.1834884141745,0 72.8355530528235,19.1834545299271,0 72.8355538050686,19.183420404797,0 72.8355546008446,19.1833862146008,0 72.83555546298621,19.1833518939352,0 72.8355564131556,19.183317443438,0 72.8355574732543,19.1832828638975,0 72.83555866542019,19.1832481562838,0 72.83556000135501,19.1832135978631,0 72.8355616289381,19.1831762810726,0 72.83556345276681,19.183138972476,0 72.83556547279559,19.1831016730048,0 72.8355676889737,19.1830643835907,0 72.83557010124569,19.1830271051649,0 72.8355727095512,19.1829898386581,0 72.83557551382511,19.1829525850012,0 72.83557851399711,19.1829153451244,0 72.8355817099921,19.1828781199578,0 72.8355851017301,19.1828409104309,0 72.8355886891267,19.1828037174729,0 72.83559247209161,19.1827665420128,0 72.835596145144,19.1827321368392,0 72.83559998217081,19.1826976026512,0 72.835603931495,19.1826632125593,0 72.83560797104791,19.1826289646357,0 72.8356120790221,19.1825948568016,0 72.83561623386839,19.1825608868622,0 72.8356204061994,19.1825271180384,0 72.8356245993028,19.1824933510805,0 72.83569947627341,19.1818908751898,0 72.8357045033178,19.1818504791022,0 72.8357096161554,19.1818097122594,0 72.8357148205274,19.1817688519734,0 72.8357201694307,19.1817278006592,0 72.8357257036629,19.1816865635533,0 72.8357314645542,19.1816451463844,0 72.8357374939481,19.1816035554834,0 72.8357438341787,19.1815617978982,0 72.83575052804621,19.1815198815051,0 72.8357575291294,19.1814783470395,0 72.83576615853499,19.1814301052083,0 72.835775319015,19.1813819518615,0 72.8357850095648,19.1813338922773,0 72.8357952291218,19.1812859317233,0 72.8358059765654,19.1812380754565,0 72.8358172507172,19.1811903287221,0 72.83582905034101,19.1811426967539,0 72.8358413741429,19.1810951847724,0 72.83585422077191,19.1810477979854,0 72.8358675888193,19.1810005415868,0 72.8358814768195,19.1809534207565,0 72.83589588324981,19.1809064406589,0 72.8359086721689,19.1808661702903,0 72.8359219129831,19.1808256837831,0 72.8359353989547,19.1807854868651,0 72.8359490879599,19.1807455688637,0 72.8359629386743,19.1807059185556,0 72.835976910545,19.1806665242749,0 72.83599096375799,19.1806273740277,0 72.8360050592035,19.1805884555989,0 72.836019122927,19.180549854138,0 72.8360332238227,19.1805112644379,0 72.8360332430088,19.1805112119496,0 72.8360487737784,19.180468705433,0 72.8360641853112,19.1804263766919,0 72.8360794159086,19.1803842484768,0 72.8360944185555,19.1803423058085,0 72.8361091468788,19.1803005344075,0 72.8361235551025,19.1802589208324,0 72.8361375980072,19.1802174526163,0 72.8361512308949,19.1801761184027,0 72.8361645830002,19.1801343657124,0 72.8361737330462,19.1801048712239,0 72.83618266530181,19.1800753165239,0 72.8361913793283,19.1800457030645,0 72.8361998746977,19.1800160323002,0 72.8362081509928,19.1799863056888,0 72.8362162078072,19.1799565246906,0 72.83622404474509,19.1799266907684,0 72.83623166142171,19.179896805388,0 72.836239057463,19.1798668700174,0 72.8362462325058,19.1798368861272,0 72.8362531861976,19.1798068551904,0 72.836259918197,19.1797767786823,0 72.83626909702269,19.1797340214889,0 72.8362778192493,19.1796915052902,0 72.8362862480553,19.1796486857712,0 72.8362944284389,19.1796055731664,0 72.8363024064124,19.1795621769682,0 72.8363102289663,19.1795185060643,0 72.8363179440354,19.1794745688761,0 72.83632560047001,19.1794303734994,0 72.83633324808361,19.1793859274031,0 72.836881250039,19.1761973582001,0 72.8368856763577,19.1761715825005,0 72.8368900295808,19.176146111502,0 72.8368943283303,19.17612071818,0 72.836898538752,19.1760954834905,0 72.83690264176489,19.1760704047428,0 72.83690661866039,19.1760454794731,0 72.8369104510971,19.1760207054796,0 72.8369141210967,19.1759960808614,0 72.83691761104259,19.1759716040517,0 72.8369209036772,19.1759472738523,0 72.8369239821028,19.1759230894658,0 72.8369268297832,19.1758990505264,0 72.83692943054621,19.1758751571301,0 72.8369317685892,19.1758514098632,0 72.8369338284853,19.1758278098294,0 72.836935595193,19.1758043586701,0 72.83693705406451,19.1757810585984,0 72.8369381908594,19.1757579124279,0 72.8369390194492,19.1757341286932,0 72.8369394938518,19.1757085222409,0 72.8369395376963,19.175682911855,0 72.8369391509718,19.1756573040715,0 72.8369383337769,19.1756317054258,0 72.8369370863206,19.1756061224509,0 72.83693540892131,19.1755805616755,0 72.83693330200759,19.1755550296233,0 72.83693076611701,19.1755295328102,0 72.83692780189701,19.175504077743,0 72.8369244101045,19.1754786709182,0 72.83692059160509,19.1754533188198,0 72.8369163473735,19.1754280279178,0 72.8369120211343,19.1754045888213,0 72.8369074837272,19.1753818221485,0 72.83690260472871,19.175358945945,0 72.8368973986555,19.1753359611035,0 72.8368918803375,19.1753128678658,0 72.83688606491241,19.1752896658599,0 72.83687996781811,19.175266354126,0 72.83687360478881,19.1752429311418,0 72.83686699185181,19.1752193948514,0 72.83686014532709,19.1751957426925,0 72.83685308182871,19.1751719716281,0 72.83684581826751,19.1751480781758,0 72.8368383718562,19.1751240584411,0 72.8368307601159,19.1750999081517,0 72.8368230008824,19.1750756226895,0 72.83681511231551,19.1750511971203,0 72.8368071129125,19.1750266262492,0 72.8367989949581,19.1750018235007,0 72.83679085716911,19.1749770261874,0 72.8365678362555,19.1742977304004,0 72.83655899305511,19.174270801092,0 72.8365588176116,19.1742702675636,0 72.83654740034559,19.1742742171876,0 72.835573716547,19.1717771221705,0 72.8356012591485,19.1717674253818,0 72.835594761107,19.1717504650821,0 72.8355844607093,19.1717233835925,0 72.8355742721334,19.1716963657847,0 72.8355643383797,19.1716697730998,0 72.83555448977209,19.1716431518355,0 72.83554472640149,19.1716165022379,0 72.835535048358,19.1715898245535,0 72.8355254557312,19.1715631190287,0 72.8355159486099,19.1715363859108,0 72.83550652708181,19.1715096254467,0 72.8354971912339,19.1714828378841,0 72.83548794115249,19.1714560234704,0 72.8354787769232,19.1714291824537,0 72.8354696986307,19.1714023150821,0 72.8354607063588,19.1713754216041,0 72.83545164684401,19.1713480430737,0 72.8354426359451,19.1713205496031,0 72.8354337200424,19.1712931202531,0 72.8354248875484,19.1712657585584,0 72.8354161269607,19.1712384679657,0 72.83540745377481,19.171211336026,0 72.8353987893553,19.1711841555883,0 72.8353901628053,19.1711570557086,0 72.83528353884731,19.1708220219464,0 72.8352718946287,19.1707854156182,0 72.8352601799912,19.170748480341,0 72.8352485007357,19.1707114396529,0 72.8352368613792,19.1706741971464,0 72.8352252947504,19.1706367438943,0 72.8352138342151,19.1705990711377,0 72.8352025136998,19.1705611703757,0 72.8351913677119,19.1705230334422,0 72.83518043135911,19.1704846525922,0 72.83516974036679,19.1704460205908,0 72.83515933109371,19.1704071307996,0 72.8351492405416,19.1703679772633,0 72.8351396546458,19.1703291553117,0 72.8351332972163,19.1703023843525,0 72.8351271402004,19.1702755711308,0 72.83512118390929,19.1702487170014,0 72.8351154286438,19.1702218233211,0 72.8351098746945,19.1701948914485,0 72.83510452234199,19.1701679227444,0 72.8350993718565,19.1701409185713,0 72.83509442349811,19.1701138802935,0 72.83508967751681,19.1700868092771,0 72.83508513415239,19.1700597068898,0 72.83508079363401,19.1700325745007,0 72.835076656181,19.1700054134807,0 72.8350709986557,19.169965901302,0 72.8350656876317,19.1699259079716,0 72.8350607735057,19.1698860526511,0 72.83505621948051,19.1698463423515,0 72.83505198910279,19.1698067832276,0 72.8350480462861,19.1697673806608,0 72.8350443553292,19.1697281393475,0 72.83504088093341,19.1696890633868,0 72.835037588216,19.1696501563665,0 72.83503444272211,19.1696114214456,0 72.8350314104337,19.1695728614381,0 72.83502846478321,19.169534569941,0 72.83502555160609,19.1694962757388,0 72.83475718071431,19.1659617604125,0 72.83472807733369,19.1659637557794,0 72.8345260840042,19.1633081106326,0 72.8345555340898,19.1633059922801,0 72.8345476402227,19.1632020263312,0 72.8345450769712,19.1631682239469,0 72.8345425161944,19.1631341936468,0 72.83453999024989,19.1631000987684,0 72.83453751453381,19.1630658761194,0 72.83453510935919,19.1630315245035,0 72.8345327952629,19.1629970428372,0 72.83453059300651,19.1629624301794,0 72.8345285390354,19.1629279452753,0 72.8345274354235,19.1629082575004,0 72.8345263833549,19.1628885671775,0 72.83452538283601,19.1628688744285,0 72.8345244338732,19.1628491793752,0 72.83452353647211,19.1628294821395,0 72.83452269063839,19.1628097828433,0 72.8345218963772,19.1627900816086,0 72.8345211536936,19.1627703785571,0 72.8345204625918,19.162750673811,0 72.83451982307641,19.162730967492,0 72.83451923515131,19.1627112597223,0 72.83451869882001,19.1626915506236,0 72.83451787990521,19.1626570192945,0 72.8345171981923,19.1626223494801,0 72.8345166388572,19.1625878018529,0 72.8345161811248,19.1625533770333,0 72.8345158044326,19.162519075483,0 72.83451548843151,19.1624848975334,0 72.8345152134886,19.1624509054968,0 72.83451495817491,19.162416912868,0 72.8345080051444,19.1614790420371,0 72.8345077369878,19.1614420595515,0 72.8345075025035,19.1614046924295,0 72.83450734078861,19.1613672199996,0 72.8345072887726,19.1613295373635,0 72.83450738476201,19.1612916448837,0 72.8345076676767,19.1612535433239,0 72.8345081770462,19.1612152339572,0 72.8345089530022,19.1611767186765,0 72.8345100362685,19.1611380001084,0 72.8345114681478,19.1610990817219,0 72.83451326244619,19.1610605702054,0 72.83451769362399,19.1609886060621,0 72.83452354615621,19.1609167336852,0 72.834530817977,19.1608449784233,0 72.8345395065198,19.1607733655835,0 72.8345496087185,19.1607019204229,0 72.83456112100841,19.1606306681392,0 72.83457403932751,19.1605596338621,0 72.8345883591177,19.1604888426444,0 72.83460407532721,19.1604183194533,0 72.8346211824111,19.1603480891611,0 72.8346396743345,19.1602781765372,0 72.8346595445737,19.1602086062384,0 72.8346707252076,19.1601715500873,0 72.834682385557,19.1601342176318,0 72.8346943095947,19.1600971799338,0 72.8347064569993,19.1600604278068,0 72.8347187882808,19.1600239514384,0 72.83473126475541,19.1599877405014,0 72.8347438485187,19.1599517842616,0 72.8347565024141,19.1599160716869,0 72.8347691900009,19.1598805915492,0 72.8347818397869,19.1598454318517,0 72.8347945240225,19.1598102828777,0 72.8347945427082,19.1598102311166,0 72.834803954686,19.1597841527212,0 72.8348132419935,19.1597583574733,0 72.8348224609466,19.1597326281914,0 72.83483156364591,19.1597070375951,0 72.83484053099301,19.1596815797458,0 72.8348493442019,19.1596562489848,0 72.8348579847862,19.1596310399733,0 72.8348664345494,19.1596059477269,0 72.8348746755758,19.1595809676504,0 72.8348826902225,19.1595560955745,0 72.83489046111281,19.159531327787,0 72.8348979711334,19.1595066610655,0 72.8349052034301,19.1594820927097,0 72.8349121414081,19.1594576205709,0 72.83491876873281,19.1594332430827,0 72.834925069335,19.1594089592838,0 72.8349310274107,19.159384768866,0 72.8349367962162,19.15935994591,0 72.8349405420331,19.1593428884805,0 72.8349441185584,19.1593257982689,0 72.8349475254747,19.1593086767924,0 72.83495076247939,19.1592915255711,0 72.8349538292856,19.1592743461277,0 72.8349567256206,19.1592571399873,0 72.8349594512276,19.1592399086774,0 72.8349620058645,19.1592226537279,0 72.8349643893048,19.1592053766708,0 72.8349666013368,19.1591880790396,0 72.83496864176421,19.1591707623701,0 72.8349705104058,19.1591534281997,0 72.8349729270397,19.1591281109984,0 72.83497496161689,19.1591033421961,0 72.8349766995395,19.1590783857734,0 72.83497815596751,19.1590532459871,0 72.8349793465221,19.1590279265522,0 72.8349802872701,19.1590024306793,0 72.8349809947116,19.1589767610995,0 72.8349814857702,19.1589509200929,0 72.8349817777826,19.158924909517,0 72.8349818884921,19.1588987308382,0 72.83498183604191,19.158872385163,0 72.8349816389707,19.1588458732723,0 72.8349813162085,19.1588191956556,0 72.83498088707471,19.15879235255,0 72.83498037127571,19.1587653439737,0 72.8349797889052,19.1587381697633,0 72.8349791585255,19.1587107462123,0 72.83497850674461,19.1586833226888,0 72.83492598189849,19.1564851034388,0 72.8349250737087,19.1564468715692,0 72.83492418997891,19.1564083094016,0 72.83492336914151,19.1563696559243,0 72.834922642257,19.1563308206423,0 72.834922042982,19.1562918032981,0 72.8349216054295,19.1562526039298,0 72.83492136416849,19.1562132229519,0 72.8349213542202,19.1561736612378,0 72.8349216110535,19.1561339202042,0 72.8349221705775,19.1560940018963,0 72.83492306913119,19.1560539090756,0 72.8349243434708,19.156013645302,0 72.83492600538889,19.155973822854,0 72.8349270806729,19.1559522374041,0 72.83492828143641,19.1559306579294,0 72.83492960764291,19.1559090850885,0 72.8349310592517,19.1558875195401,0 72.8349326362184,19.1558659619424,0 72.834934338495,19.1558444129536,0 72.83493616602929,19.1558228732313,0 72.83493811876561,19.1558013434332,0 72.8349401966442,19.1557798242164,0 72.8349423996015,19.1557583162379,0 72.8349447275704,19.1557368201542,0 72.8349471804797,19.1557153366215,0 72.8349520237517,19.1556757495372,0 72.8349573218043,19.1556357834317,0 72.8349629632732,19.1555960414883,0 72.8349689112646,19.1555565218178,0 72.83497512942699,19.1555172218027,0 72.8349815819506,19.1554781381825,0 72.834988233563,19.1554392671397,0 72.8349950495225,19.1554006043858,0 72.8350019956094,19.1553621452463,0 72.8350090381155,19.1553238847415,0 72.8350161438326,19.1552858176652,0 72.8350232633406,19.1552480273042,0 72.83503041457131,19.155210241885,0 72.83503042339851,19.1552101952689,0 72.835035680874,19.1551824288508,0 72.8350409173829,19.1551547214498,0 72.83504612131451,19.1551270830157,0 72.83505125627551,19.1550996564046,0 72.83505636055141,19.1550721873798,0 72.8350614045717,19.1550447827643,0 72.8350663792242,19.1550174411357,0 72.8350713024457,19.1549900107859,0 72.8350764886156,19.1549606445733,0 72.8350815882408,19.1549312646759,0 72.8350866012813,19.1549018713242,0 72.8350915276979,19.1548724647486,0 72.8350963674519,19.1548430451795,0 72.8351011205055,19.1548136128476,0 72.8351057868213,19.1547841679838,0 72.8351103663632,19.1547547108187,0 72.8351148590948,19.1547252415836,0 72.8351192649813,19.1546957605092,0 72.83512358398811,19.1546662678267,0 72.8351278160813,19.1546367637675,0 72.83513169382459,19.1546091823653,0 72.83513549471481,19.1545816711499,0 72.83513924907049,19.1545540802013,0 72.8351429660371,19.1545264107354,0 72.8351466693522,19.1544985547799,0 72.83514747686139,19.1544924326171,0 72.8351096401649,19.1544879629716,0 72.8355040841374,19.1518434332796,0 72.83553755173931,19.1518482312314,0 72.8361990305492,19.147680956607,0 72.8362022719195,19.1476605178875,0 72.8362054476455,19.1476403887463,0 72.8362085779381,19.1476203400118,0 72.8362116339446,19.1476004545316,0 72.83621460067531,19.1475807303743,0 72.83621746352949,19.1475611657953,0 72.8362202082924,19.1475417592687,0 72.8362228211323,19.1475225095141,0 72.8362252885988,19.1475034155235,0 72.83622759762351,19.1474844765847,0 72.8362297355196,19.1474656923063,0 72.8362316899844,19.1474470626392,0 72.8362334491022,19.1474285878965,0 72.8362350013487,19.1474102687745,0 72.83623633559689,19.1473921063694,0 72.83623744112479,19.1473741021889,0 72.83623830762259,19.147356258177,0 72.8362389252047,19.1473385767179,0 72.83623928441941,19.1473210606517,0 72.83623937626,19.14730371395,0 72.8362391920878,19.1472865392874,0 72.83623872399591,19.1472695407735,0 72.8362379643682,19.1472527242545,0 72.8362368433032,19.1472351071001,0 72.8362256255075,19.1471464485657,0 72.83620529546759,19.1470592666002,0 72.836176049958,19.1469744049755,0 72.8361381720384,19.1468926850051,0 72.8360920283141,19.1468148975954,0 72.8360380653867,19.1467417955913,0 72.8359768055327,19.14667408649,0 72.8359088416467,19.146612425594,0 72.8358348315049,19.1465574096693,0 72.83575549139771,19.1465095711692,0 72.8356715891977,19.1464693730825,0 72.835583936928,19.146437204452,0 72.8355662468383,19.1464318328478,0 72.8355492842276,19.1464269913479,0 72.83553206469691,19.1464223736807,0 72.8355145949679,19.146417974049,0 72.8354968813702,19.1464137860742,0 72.8354789298635,19.1464098028194,0 72.8354607460381,19.1464060168055,0 72.8354423351207,19.1464024200259,0 72.8354237019817,19.1463990039624,0 72.8354048511422,19.1463957595974,0 72.8353857867866,19.1463926774265,0 72.8353665127746,19.1463897474708,0 72.83534703265531,19.1463869592871,0 72.8353273496932,19.1463843019784,0 72.83530746686441,19.1463817642015,0 72.835287386887,19.1463793341721,0 72.83526711226899,19.1463769996808,0 72.8352466452952,19.1463747480916,0 72.83522598806729,19.1463725663502,0 72.8352051425377,19.1463704409897,0 72.8351841105253,19.1463683581346,0 72.8351820904435,19.1463681625103,0 72.8351803524379,19.146384768586,0 72.83239628598371,19.1461807131252,0 72.8323975299039,19.1461601801275,0 72.83238805050971,19.1461593500883,0 72.83236449095629,19.1461571152292,0 72.8323407722056,19.1461546745663,0 72.8323168983743,19.1461520081489,0 72.83229287416231,19.1461490957122,0 72.8322687049163,19.1461459166942,0 72.8322443966747,19.1461424502538,0 72.8322199562321,19.1461386752928,0 72.83219539119951,19.1461345704808,0 72.8321707100599,19.1461301142829,0 72.8321459215406,19.1461252848563,0 72.83212103718,19.1461200604237,0 72.8320960685972,19.146114419325,0 72.832071027227,19.1461083391919,0 72.8320470342146,19.1461020865732,0 72.83191590248779,19.1460602010494,0 72.8317896421444,19.1460064714869,0 72.8316694344213,19.1459414005616,0 72.83155640392511,19.1458655970533,0 72.8314516081109,19.1457797701505,0 72.8313560273885,19.1456847228147,0 72.83127055595099,19.1455813442682,0 72.8311959934086,19.1454706016739,0 72.8311330373086,19.1453535310874,0 72.8310822766106,19.1452312277628,0 72.8310441861764,19.1451048359066,0 72.83101912232971,19.1449755379728,0 72.8310160062737,19.1449520802731,0 72.83101321829921,19.1449276607063,0 72.83101087727719,19.1449033713008,0 72.83100895850041,19.1448792207445,0 72.8310074374819,19.1448552167092,0 72.8310062899881,19.1448313658897,0 72.8310054920711,19.144807674067,0 72.8310050200965,19.1447841461698,0 72.831004850767,19.1447607863343,0 72.83100496114309,19.1447375979644,0 72.8310053286606,19.1447145837897,0 72.8310059311445,19.1446917459233,0 72.8310067468209,19.144669085917,0 72.83100775432651,19.1446466048104,0 72.83100893271561,19.1446243032117,0 72.8310102614621,19.1446021813041,0 72.8310117204687,19.1445802389223,0 72.83101329006389,19.1445584756073,0 72.83101495100421,19.1445368906418,0 72.8310166844738,19.1445154830978,0 72.83101847208231,19.1444942518817,0 72.8310202958634,19.1444731957775,0 72.83102213071039,19.1444523991871,0 72.8310239815511,19.1444316069001,0 72.8313745551208,19.1404997415785,0 72.83130172783351,19.1404938765293,0 72.8315384366713,19.1378389049139,0 72.8316112607875,19.1378447925671,0 72.83178737599211,19.1358693513563,0 72.83179052036491,19.1358340252631,0 72.8317936060802,19.1357990256328,0 72.831796625488,19.1357641109563,0 72.8317995421107,19.1357293687072,0 72.8318023278766,19.1356947970356,0 72.83180495514431,19.1356603943826,0 72.8318073966997,19.1356261595409,0 72.83180962575641,19.1355920917124,0 72.83181161595461,19.1355581905646,0 72.8318133413644,19.1355244562861,0 72.8318147764904,19.1354908896386,0 72.831815896278,19.1354574920094,0 72.8318166761232,19.1354242654687,0 72.8318170998464,19.1353905796195,0 72.83181715449869,19.1353654981373,0 72.8318169853795,19.1353404171163,0 72.8318165925008,19.13531533836,0 72.8318159758911,19.1352902636714,0 72.8318151355947,19.1352651948536,0 72.8318140716722,19.135240133709,0 72.8318127842003,19.1352150820398,0 72.8318112732716,19.1351900416469,0 72.83180953899471,19.1351650143311,0 72.8318075814947,19.1351400018917,0 72.8318054009122,19.1351150061273,0 72.8318029974041,19.135090028835,0 72.83179942043201,19.1350565125423,0 72.8317955317727,19.1350234838887,0 72.8317912884977,19.1349903135822,0 72.8317867153083,19.1349570016036,0 72.83178183729019,19.1349235472158,0 72.83177667990979,19.1348899490217,0 72.8317712690118,19.1348562050154,0 72.8317656308205,19.1348223126361,0 72.83175979194191,19.134788268824,0 72.8317537793685,19.1347540700732,0 72.8317476204861,19.134719712495,0 72.8317413430818,19.1346851918714,0 72.83173495909929,19.1346504151771,0 72.8317285458357,19.1346156429025,0 72.8314934819407,19.1333421125509,0 72.83149040344981,19.1333254348568,0 72.8314873261259,19.1333087698554,0 72.8314842491932,19.1332921197032,0 72.831481171516,19.1332754845901,0 72.8314780919619,19.1332588647066,0 72.8314750094012,19.133242260243,0 72.83147192270791,19.1332256713905,0 72.8314688306758,19.1332090978978,0 72.831465370069,19.1331906068633,0 72.8314618981518,19.1331721177443,0 72.83145841492551,19.133153630547,0 72.8314549203913,19.1331351452775,0 72.8314514145503,19.1331166619422,0 72.83144789740371,19.1330981805474,0 72.8314443689529,19.1330797010992,0 72.8314408291987,19.1330612236039,0 72.8314372781426,19.1330427480678,0 72.83143371578581,19.1330242744971,0 72.83143014212941,19.133005802898,0 72.8314265571745,19.1329873332768,0 72.8314233259896,19.1329707364724,0 72.83142009584969,19.1329541872523,0 72.8314168560949,19.132937624787,0 72.83141360784759,19.132921048882,0 72.83141035223289,19.1329044593393,0 72.83140709037861,19.13288785596,0 72.8314038234155,19.1328712385442,0 72.8314005523896,19.1328546064465,0 72.8312461812322,19.1320697237459,0 72.83124112441629,19.1320439940322,0 72.8312360259461,19.1320179383156,0 72.8312309539547,19.1319917869171,0 72.8312259137189,19.1319654480086,0 72.83122092827701,19.1319389178234,0 72.8312160211466,19.1319121927239,0 72.83121121633199,19.1318852692578,0 72.83120653833331,19.1318581442175,0 72.8312020121527,19.131830814699,0 72.8311976633,19.1318032781644,0 72.8311935177972,19.1317755325055,0 72.83118960217909,19.1317475761094,0 72.83118594349431,19.131719407926,0 72.8311825693023,19.1316910275403,0 72.8311795076668,19.1316624352369,0 72.8311767871478,19.1316336320803,0 72.8311744367892,19.1316046199863,0 72.8311724861011,19.1315754017845,0 72.8311710110131,19.1315468704273,0 72.83117036001571,19.1315305888272,0 72.83116985133979,19.1315143026489,0 72.8311694850204,19.1314980130165,0 72.83116926108281,19.1314817210538,0 72.8311691795424,19.1314654278852,0 72.83116924040481,19.131449134635,0 72.8311694436658,19.1314328424274,0 72.8311697893112,19.1314165523866,0 72.8311702773173,19.1314002656369,0 72.8311709076502,19.131383983302,0 72.83117168026639,19.1313677065054,0 72.83117259511261,19.1313514363704,0 72.83117453248499,19.1313229300757,0 72.8311769565513,19.1312937438443,0 72.8311797769035,19.131264769564,0 72.831182963987,19.1312360096287,0 72.83118648872851,19.1312074655259,0 72.8311903225531,19.1311791378988,0 72.8311944373944,19.1311510266213,0 72.8311988057028,19.1311231308707,0 72.8312034004497,19.1310954492002,0 72.83120819512919,19.1310679796073,0 72.831213163757,19.1310407196015,0 72.8312182808678,19.1310136662701,0 72.8312235215103,19.1309868163409,0 72.83122886123979,19.1309601662509,0 72.831234276112,19.1309337121912,0 72.83123974267301,19.1309074501782,0 72.8312452379505,19.1308813761047,0 72.8312507207919,19.1308555735668,0 72.8312562251851,19.1308297746919,0 72.8312562334028,19.130829736192,0 72.8312612792005,19.1308060790005,0 72.8312662491857,19.1307826348149,0 72.8312711058944,19.1307594415896,0 72.8312758220353,19.1307364943843,0 72.8312803712399,19.1307137887223,0 72.8312847280484,19.1306913206728,0 72.8312888678992,19.1306690869271,0 72.8312927671228,19.1306470848695,0 72.83129640293841,19.1306253126439,0 72.83129975345661,19.1306037692137,0 72.8313027976853,19.1305824544191,0 72.831305515539,19.1305613690428,0 72.83130798495451,19.1305396612732,0 72.83131030586399,19.1305153824714,0 72.83131216674769,19.1304910679066,0 72.83131356700321,19.1304667254523,0 72.83131450617741,19.130442362991,0 72.83131498396649,19.1304179884116,0 72.8313150002156,19.1303936096072,0 72.83131455492,19.1303692344719,0 72.8313136482238,19.1303448708989,0 72.8313122804211,19.1303205267775,0 72.83131045195491,19.1302962099907,0 72.8313081634174,19.1302719284127,0 72.83130541554991,19.1302476899064,0 72.83130256445141,19.1302260244048,0 72.83129947590921,19.1302049852113,0 72.83129605699971,19.1301837218123,0 72.83129232782009,19.1301622346731,0 72.8312883093577,19.1301405233018,0 72.8312840234816,19.1301185863162,0 72.831279492937,19.1300964214994,0 72.8312747413447,19.1300740258611,0 72.8312697932046,19.1300513957042,0 72.8312646739042,19.130028526695,0 72.8312594097295,19.1300054139405,0 72.8312540278811,19.1299820520719,0 72.8312485563831,19.1299584348613,0 72.8312480029346,19.1299560481898,0 72.8312195058337,19.1299620179086,0 
					</coordinates>
				</LinearRing>
			</outerBoundaryIs>
		</Polygon>
	</Placemark>
</Document>
</kml>
