<?xml version="1.0" encoding="UTF-8"?>
<kml xmlns="http://www.opengis.net/kml/2.2" xmlns:gx="http://www.google.com/kml/ext/2.2" xmlns:kml="http://www.opengis.net/kml/2.2" xmlns:atom="http://www.w3.org/2005/Atom">
<Document>
	<name>Line 4</name>
	<open>1</open>
	<Style id="sn_ylw-pushpin2">
		<IconStyle>
			<scale>1.1</scale>
			<Icon>
				<href>http://maps.google.com/mapfiles/kml/pushpin/ylw-pushpin.png</href>
			</Icon>
			<hotSpot x="20" y="2" xunits="pixels" yunits="pixels"/>
		</IconStyle>
		<LineStyle>
			<color>ff006ca7</color>
			<width>4.2</width>
		</LineStyle>
		<PolyStyle>
			<color>9900aaff</color>
		</PolyStyle>
	</Style>
	<Style id="sh_ylw-pushpin4">
		<IconStyle>
			<scale>1.3</scale>
			<Icon>
				<href>http://maps.google.com/mapfiles/kml/pushpin/ylw-pushpin.png</href>
			</Icon>
			<hotSpot x="20" y="2" xunits="pixels" yunits="pixels"/>
		</IconStyle>
		<LineStyle>
			<color>ff006ca7</color>
			<width>4.2</width>
		</LineStyle>
		<PolyStyle>
			<color>9900aaff</color>
		</PolyStyle>
	</Style>
	<Style id="sn_ylw-pushpin30">
		<IconStyle>
			<scale>1.1</scale>
			<Icon>
				<href>http://maps.google.com/mapfiles/kml/pushpin/ylw-pushpin.png</href>
			</Icon>
			<hotSpot x="20" y="2" xunits="pixels" yunits="pixels"/>
		</IconStyle>
		<LabelStyle>
			<scale>1.1</scale>
		</LabelStyle>
	</Style>
	<Style id="sh_ylw-pushpin2">
		<IconStyle>
			<scale>1.41818</scale>
			<Icon>
				<href>http://maps.google.com/mapfiles/kml/pushpin/ylw-pushpin.png</href>
			</Icon>
			<hotSpot x="20" y="2" xunits="pixels" yunits="pixels"/>
		</IconStyle>
	</Style>
	<StyleMap id="msn_ylw-pushpin4">
		<Pair>
			<key>normal</key>
			<styleUrl>#sn_ylw-pushpin30</styleUrl>
		</Pair>
		<Pair>
			<key>highlight</key>
			<styleUrl>#sh_ylw-pushpin3</styleUrl>
		</Pair>
	</StyleMap>
	<StyleMap id="msn_ylw-pushpin2">
		<Pair>
			<key>normal</key>
			<styleUrl>#sn_ylw-pushpin2</styleUrl>
		</Pair>
		<Pair>
			<key>highlight</key>
			<styleUrl>#sh_ylw-pushpin4</styleUrl>
		</Pair>
	</StyleMap>
	<StyleMap id="msn_ylw-pushpin3">
		<Pair>
			<key>normal</key>
			<styleUrl>#sn_ylw-pushpin3</styleUrl>
		</Pair>
		<Pair>
			<key>highlight</key>
			<styleUrl>#sh_ylw-pushpin2</styleUrl>
		</Pair>
	</StyleMap>
	<Style id="sn_ylw-pushpin3">
		<IconStyle>
			<scale>1.2</scale>
			<Icon>
				<href>http://maps.google.com/mapfiles/kml/pushpin/ylw-pushpin.png</href>
			</Icon>
			<hotSpot x="20" y="2" xunits="pixels" yunits="pixels"/>
		</IconStyle>
	</Style>
	<Style id="sh_ylw-pushpin3">
		<IconStyle>
			<scale>1.3</scale>
			<Icon>
				<href>http://maps.google.com/mapfiles/kml/pushpin/ylw-pushpin.png</href>
			</Icon>
			<hotSpot x="20" y="2" xunits="pixels" yunits="pixels"/>
		</IconStyle>
		<LabelStyle>
			<scale>1.1</scale>
		</LabelStyle>
	</Style>
	<Placemark>
		<styleUrl>#msn_ylw-pushpin2</styleUrl>
		<Polygon>
			<outerBoundaryIs>
				<LinearRing>
					<coordinates>
						72.9540494284194,19.2827958597566,0 72.95429203246189,19.2827170079279,0 72.9545443881625,19.2826738168663,0 72.95480071768171,19.282667275473,0 72.9550551522001,19.282697533533,0 72.9553018662763,19.2827638982842,0 72.9555352112138,19.2828648502764,0 72.95574984438279,19.2829980781553,0 72.9559408515367,19.2831605315782,0 72.95610385932579,19.2833484910478,0 72.9562351354305,19.283557653068,0 72.9563316740216,19.2837832286705,0 72.9563912645915,19.2840200530588,0 72.9565677103143,19.2852552335102,0 72.9565918611591,19.2854232156032,0 72.9566351058937,19.2855877078631,0 72.9566969316982,19.285746759431,0 72.9567766053783,19.2858984839686,0 72.9568731820583,19.2860410820296,0 72.9569855163851,19.286172862402,0 72.95711227611081,19.2862922621669,0 72.957251957892,19.2863978652352,0 72.9574029051185,19.2864884191442,0 72.9575633275616,19.2865628499123,0 72.9577313226058,19.2866202747777,0 72.95790489781641,19.2866600126694,0 72.9594511097125,19.2869294096654,0 72.959536943449,19.286485211572,0 72.9579907354389,19.286215815661,0 72.9578729149484,19.286189178344,0 72.9577586650643,19.2861510120109,0 72.95764923328861,19.286101733406,0 72.95754581451079,19.2860418806083,0 72.9574495379599,19.2859721071566,0 72.9573614548743,19.2858931749127,0 72.95728252702359,19.2858059457424,0 72.9572136162065,19.2857113721042,0 72.9571554748416,19.2856104866486,0 72.95710873775231,19.2855043909431,0 72.9570739152357,19.2853942434431,0 72.9570513874921,19.2852812468428,0 72.9568617226105,19.2839539852043,0 72.9568103823696,19.2837209431101,0 72.95673037452541,19.2834953030654,0 72.9566228224372,19.2832802328597,0 72.9564892361458,19.2830787518774,0 72.9563314911687,19.282893688711,0 72.9561518021652,19.2827276414517,0 72.9559526918423,19.2825829412177,0 72.9557369555374,19.2824616194306,0 72.9555076219748,19.2823653792986,0 72.95526791074791,19.2822955719084,0 72.9550211871223,19.2822531772601,0 72.9547709147963,19.2822387905104,0 72.9548229045008,19.2821840193963,0 72.95487336123701,19.2821279704813,0 72.95492225019,19.2820706824404,0 72.9549695376264,19.282012194804,0 72.9550151909186,19.2819525479299,0 72.955059178566,19.2818917829758,0 72.9551014702179,19.2818299418708,0 72.9551420366939,19.2817670672869,0 72.9551808500041,19.2817032026088,0 72.95521788336811,19.2816383919045,0 72.9552531112344,19.2815726798948,0 72.9552865092969,19.2815061119222,0 72.95530100146151,19.2814760765317,0 72.9553153316996,19.2814459711679,0 72.9553294996367,19.2814157966175,0 72.9553435049025,19.2813855536698,0 72.9553573471306,19.2813552431156,0 72.95537102595949,19.281324865747,0 72.95538454103161,19.2812944223587,0 72.9553978919934,19.2812639137464,0 72.9554110784961,19.2812333407078,0 72.955424100195,19.2812027040424,0 72.95543695674959,19.2811720045511,0 72.955449647824,19.2811412430366,0 72.95550083789701,19.2810184282593,0 72.9555535879791,19.2808962101797,0 72.9556078903552,19.2807746066648,0 72.9556637370835,19.2806536354921,0 72.9557211199967,19.280533314346,0 72.9557800307028,19.2804136608167,0 72.9558404605865,19.2802946923959,0 72.9559024008105,19.2801764264758,0 72.9559658423169,19.2800588803454,0 72.956030775828,19.2799420711889,0 72.9560971918486,19.2798260160821,0 72.9561650806664,19.2797107319912,0 72.9562139834517,19.2796300358009,0 72.9562639461677,19.2795499272345,0 72.95631496098331,19.2794704188453,0 72.9563670199033,19.2793915230925,0 72.95642011476831,19.2793132523392,0 72.9564742372569,19.2792356188509,0 72.9565293788868,19.2791586347928,0 72.95658553101571,19.2790823122284,0 72.9566426848434,19.2790066631177,0 72.95670083141241,19.2789316993152,0 72.95675996160991,19.2788574325677,0 72.9568200661689,19.278783874513,0 72.9572942201131,19.2782110247568,0 72.9575945751985,19.2778494855308,0 72.95761933053061,19.2778680304703,0 72.9582820855201,19.2770702601987,0 72.958944833937,19.276272486866,0 72.95892007865881,19.2762539421114,0 72.95922043853381,19.2758923849214,0 72.9595207308504,19.2755309068017,0 72.9597553258681,19.2752532774443,0 72.9601585877585,19.2748201362638,0 72.960601724528,19.2744249280541,0 72.9608932588917,19.2742013671719,0 72.9624191008004,19.2730108874535,0 72.9639833867239,19.2717903660634,0 72.96404610912781,19.2717430431915,0 72.96410795310069,19.2716946889729,0 72.9641688998402,19.2716453181087,0 72.9642289308167,19.2715949456099,0 72.96428802777921,19.2715435867915,0 72.9643461727606,19.2714912572684,0 72.96440334808339,19.271437972951,0 72.9644595363649,19.2713837500394,0 72.9645147205226,19.2713286050196,0 72.96456888377929,19.2712725546577,0 72.9646220096682,19.271215615995,0 72.964674082038,19.2711578063428,0 72.9647014455182,19.2711257005561,0 72.9647285252216,19.2710933785197,0 72.9647553192531,19.2710608424956,0 72.9647818257381,19.2710280947605,0 72.9648080428219,19.2709951376062,0 72.96483396866969,19.2709619733389,0 72.96485960146769,19.2709286042794,0 72.96488493942211,19.2708950327627,0 72.96490998076,19.2708612611383,0 72.9649347237294,19.2708272917693,0 72.9649591665988,19.2707931270331,0 72.9649833076579,19.2707587693201,0 72.9652239989462,19.2703538541552,0 72.96568029294031,19.2695615194127,0 72.9661365240418,19.2687692841816,0 72.96626342339989,19.2685432896761,0 72.9662927976779,19.2685581646545,0 72.96642863455629,19.268300022954,0 72.9667674276083,19.267569925587,0 72.96701201515241,19.266966674614,0 72.96713472023821,19.2666611455652,0 72.96710900382131,19.2666518128112,0 72.96854471243201,19.2630670622943,0 72.9699781197359,19.2594808024625,0 72.9700065669557,19.2594914177423,0 72.970170928145,19.2590811011859,0 72.9705081951425,19.2582391291698,0 72.97076358803091,19.2576015452001,0 72.97073595583549,19.2575915619495,0 72.97074990221491,19.2575583194897,0 72.97076369519991,19.2575250193546,0 72.97077733452591,19.2574916621828,0 72.97079081993159,19.2574582486137,0 72.9708041511586,19.257424779288,0 72.97081732795139,19.2573912548471,0 72.9708303500574,19.257357675934,0 72.9708432172271,19.2573240431923,0 72.9708559292138,19.2572903572669,0 72.97086848577411,19.2572566188035,0 72.9708808866672,19.2572228284489,0 72.9708931316555,19.2571889868511,0 72.9709120490088,19.2571339538948,0 72.9709302903712,19.2570787154788,0 72.97094785326971,19.2570232790922,0 72.9709647353242,19.256967652251,0 72.9709809342464,19.2569118424969,0 72.9709964478408,19.2568558573965,0 72.9710112740048,19.25679970454,0 72.971025410729,19.2567433915404,0 72.97103885609749,19.2566869260327,0 72.97105160828811,19.256630315672,0 72.9710636655725,19.2565735681336,0 72.9710750263169,19.256516691111,0 72.9711460734313,19.2561996155032,0 72.9711515087819,19.2561782106123,0 72.9711568948572,19.2561567944896,0 72.9711622316315,19.2561353672373,0 72.9711675190791,19.2561139289579,0 72.9711727571751,19.2560924797538,0 72.9711779458943,19.2560710197276,0 72.971183085212,19.2560495489815,0 72.97118817510361,19.2560280676183,0 72.9711932155448,19.2560065757406,0 72.9711982065115,19.2559850734509,0 72.97120314798011,19.2559635608523,0 72.97120803992669,19.2559420380473,0 72.9712140322336,19.2559201532099,0 72.9712200920485,19.2558982851456,0 72.9712262193196,19.255876434042,0 72.971232413994,19.255854600087,0 72.9712386760185,19.2558327834681,0 72.9712450053394,19.2558109843726,0 72.97125140190219,19.2557892029877,0 72.97125786565191,19.2557674395006,0 72.9712643965331,19.2557456940982,0 72.9712709944897,19.2557239669673,0 72.9712776594647,19.2557022582944,0 72.9712843914011,19.2556805682661,0 72.97142839924921,19.255308483129,0 72.971908025095,19.2540945648633,0 72.9726581525035,19.2522431770729,0 72.9728807347021,19.2517820473683,0 72.9729024143343,19.2517913299595,0 72.973400288707,19.2508344871427,0 72.9738662507291,19.2500038664736,0 72.9738391132323,19.2499895861043,0 72.974113858986,19.2495489698267,0 72.9744086033955,19.2491085135831,0 72.9747931389193,19.2485586910075,0 72.975077716358,19.2481497144847,0 72.97525508511811,19.2478894094607,0 72.97529437436251,19.2478290311119,0 72.97533237719681,19.247767914532,0 72.97536907825121,19.2477060844416,0 72.97540446268221,19.2476435658493,0 72.9754385161791,19.2475803840424,0 72.9754712249695,19.2475165645764,0 72.97550257582491,19.2474521332647,0 72.9755325560664,19.2473871161681,0 72.9755611535692,19.2473215395843,0 72.9755883567679,19.2472554300374,0 72.9756141546611,19.2471888142669,0 72.97563853681611,19.2471217192172,0 72.9756560890327,19.2470703243894,0 72.9756727988682,19.2470186768946,0 72.97568866229391,19.2469667891869,0 72.97570367548541,19.246914673778,0 72.9757178348233,19.2468623432351,0 72.9757311368942,19.2468098101766,0 72.97574357849101,19.2467570872703,0 72.9757551566147,19.2467041872293,0 72.9757658684741,19.2466511228098,0 72.975775711487,19.2465979068073,0 72.97578468328091,19.246544552054,0 72.9757927816931,19.2464910714155,0 72.975800894434,19.2464136711359,0 72.9758086165953,19.2463362348228,0 72.9758159480006,19.2462587642543,0 72.9758228884819,19.246181261209,0 72.97582943788029,19.2461037274664,0 72.9758355960462,19.2460261648068,0 72.97584136283859,19.2459485750109,0 72.9758467381257,19.2458709598602,0 72.97585172178459,19.2457933211369,0 72.9758563137014,19.2457156606234,0 72.9758605137712,19.2456379801029,0 72.9758643218984,19.2455602813587,0 72.97586995524161,19.245429387585,0 72.9758753365262,19.2452984842426,0 72.9758804657347,19.2451675717695,0 72.9758853428506,19.2450366506035,0 72.9758899678581,19.2449057211827,0 72.9758943407423,19.2447747839448,0 72.97589846148939,19.244643839328,0 72.9759023300859,19.2445128877702,0 72.9759059465197,19.2443819297094,0 72.9759093107792,19.2442509655837,0 72.9759124228537,19.2441199958313,0 72.9759152827335,19.24398902089,0 72.9759152425209,19.2439064821753,0 72.975915321627,19.243823943485,0 72.9759155200519,19.2437414049751,0 72.9759158377947,19.2436588668011,0 72.9759162748549,19.2435763291186,0 72.9759168312311,19.243493792083,0 72.9759175069226,19.2434112558502,0 72.97591830192751,19.2433287205755,0 72.97591921624429,19.2432461864146,0 72.9759202498711,19.2431636535233,0 72.9759214028059,19.2430811220569,0 72.97592267504599,19.2429985921711,0 72.97592304342341,19.2429685157532,0 72.9759231778163,19.2429384375709,0 72.97592307821731,19.2429083592664,0 72.9759227446319,19.242878282482,0 72.9759221770787,19.2428482088595,0 72.9759213755886,19.2428181400409,0 72.9759203402057,19.2427880776679,0 72.97591907098639,19.2427580233816,0 72.9759175680002,19.242727978823,0 72.9759158313294,19.2426979456322,0 72.9759138610689,19.242667925449,0 72.97591165732629,19.2426379199124,0 72.9759075610805,19.2425853390358,0 72.97590340735751,19.2425327622271,0 72.97589919616171,19.2424801895429,0 72.97589492749781,19.2424276210399,0 72.9758906013704,19.2423750567749,0 72.97588621778419,19.2423224968045,0 72.9758817767441,19.2422699411853,0 72.9758772782547,19.242217389974,0 72.9758727223212,19.2421648432272,0 72.9758681089484,19.2421123010018,0 72.9758634381415,19.2420597633541,0 72.9758587099053,19.2420072303409,0 72.975853103859,19.2419462183529,0 72.97584733690511,19.2418852198959,0 72.97584140908,19.2418242353525,0 72.975835320421,19.2417632651056,0 72.9758290709667,19.2417023095377,0 72.97582266075629,19.2416413690316,0 72.9758160898303,19.2415804439696,0 72.97580935823009,19.2415195347342,0 72.9758024659981,19.2414586417076,0 72.97579541317781,19.241397765272,0 72.97578819981361,19.2413369058095,0 72.97578082595091,19.241276063702,0 72.9757734668582,19.2412153434354,0 72.9757662679486,19.241154605848,0 72.9757592292673,19.2410938513213,0 72.9757523508581,19.2410330802364,0 72.975745632764,19.2409722929748,0 72.97573907502709,19.2409114899181,0 72.9757326776883,19.2408506714477,0 72.9757264407877,19.2407898379455,0 72.97572036436409,19.2407289897932,0 72.97571444845541,19.2406681273729,0 72.9757086930988,19.2406072510663,0 72.9757030983301,19.2405463612556,0 72.97570041590301,19.2405168537868,0 72.9756977128598,19.2404873480153,0 72.9756949892016,19.240457843954,0 72.9756922449297,19.2404283416161,0 72.9756894800453,19.2403988410144,0 72.97568669454969,19.240369342162,0 72.9756838884441,19.2403398450719,0 72.9756810617297,19.2403103497571,0 72.97567821440779,19.2402808562305,0 72.97567534647951,19.2402513645051,0 72.9756724579463,19.2402218745939,0 72.97566954880941,19.24019238651,0 72.975666646474,19.2401613370285,0 72.9756640850088,19.2401302605018,0 72.9756618646915,19.2400991603056,0 72.9756599857633,19.2400680398186,0 72.97565844842811,19.2400369024216,0 72.9756572528528,19.2400057514967,0 72.97565639916689,19.2399745904282,0 72.97565588746311,19.2399434226011,0 72.9756557177967,19.2399122514011,0 72.9756558901861,19.2398810802146,0 72.9756564046121,19.2398499124276,0 72.9756572610188,19.239818751426,0 72.97566623205719,19.2395466903339,0 72.97567347897881,19.2394433092658,0 72.97568474834181,19.2393213768052,0 72.97569776514921,19.2392034766774,0 72.9757247960727,19.2392063271691,0 72.9758428426135,19.238196413667,0 72.97596088709121,19.2371864998525,0 72.975933478109,19.237183609524,0 72.9762630924827,19.2343635465038,0 72.97627080213501,19.2342978243653,0 72.9762814841452,19.2342093214228,0 72.9762927537962,19.2341219152361,0 72.976304999083,19.2340356496735,0 72.9763187424404,19.2339496405933,0 72.9763225173524,19.2339278707089,0 72.976325713219,19.2339100327747,0 72.9763289976153,19.2338922093548,0 72.9763323704682,19.2338744008457,0 72.9763358317029,19.2338566076434,0 72.9763393812422,19.2338388301437,0 72.9763430190072,19.2338210687421,0 72.9763467449168,19.2338033238333,0 72.9763505588884,19.2337855958124,0 72.9763544608368,19.2337678850734,0 72.97635845067551,19.2337501920102,0 72.97636252831561,19.2337325170164,0 72.97636669366641,19.2337148604851,0 72.9763702001105,19.2337002993126,0 72.9763916953499,19.23361569932,0 72.9764146812627,19.2335315204204,0 72.976439055548,19.2334466440732,0 72.9764644423279,19.2333609729848,0 72.976485608912,19.2332905021951,0 72.9764904307975,19.2332744770302,0 72.97651666482319,19.2331868935415,0 72.97654268758311,19.233098247079,0 72.9765680799095,19.2330083872386,0 72.97659233568599,19.2329174290534,0 72.97661084627011,19.2328428194906,0 72.9766155870184,19.2328227472718,0 72.9766202264389,19.2328026537028,0 72.9766247644248,19.2327825392451,0 72.9766292008722,19.2327624043606,0 72.9766335356791,19.2327422495118,0 72.9766377687459,19.2327220751617,0 72.9766418999757,19.2327018817735,0 72.9766459292733,19.2326816698111,0 72.9766498565465,19.2326614397387,0 72.9766536817049,19.232641192021,0 72.9766574046607,19.2326209271229,0 72.9766610253287,19.2326006455101,0 72.9766658983412,19.2325718194555,0 72.9767089447669,19.2322736231897,0 72.9767352892726,19.2322764011576,0 72.9767907297925,19.231802380203,0 72.9768641658995,19.2311740319497,0 72.9769716190911,19.2302581440817,0 72.9769432269768,19.2302551444638,0 72.9776130252494,19.224504475122,0 72.9776409501727,19.2245074086959,0 72.9778697262646,19.2224845193677,0 72.9778423010461,19.2224818710215,0 72.9778506131169,19.222385026774,0 72.9778591686772,19.2222929328264,0 72.9778666955705,19.2222002762436,0 72.9778711510609,19.2221353779475,0 72.97787257525211,19.2221119202573,0 72.9778738966849,19.2220884571412,0 72.9778751153367,19.2220649890053,0 72.9778762311864,19.2220415162559,0 72.9778772442146,19.2220180392994,0 72.977878154404,19.2219945585423,0 72.9778789617387,19.2219710743908,0 72.9778796662048,19.2219475872517,0 72.9778802677902,19.2219240975316,0 72.9778807664846,19.2219006056371,0 72.9778811622792,19.2218771119748,0 72.97788145516741,19.2218536169514,0 72.97788168332001,19.2218236601126,0 72.97788143511541,19.2217308245111,0 72.97787998834519,19.2216380928083,0 72.9778776873019,19.221546136164,0 72.9778748666502,19.2214549596036,0 72.97787280261031,19.2213929208801,0 72.977871851522,19.2213645178116,0 72.977868962412,19.2212748713729,0 72.9778665078648,19.2211859571734,0 72.9778647908097,19.2210977871742,0 72.97786410347401,19.2210100715332,0 72.9778643788038,19.2209502741315,0 72.9778648889197,19.2209141437396,0 72.9778656637429,19.2208780175954,0 72.97786670323561,19.2208418974488,0 72.9778680073475,19.2208057850493,0 72.9778695760151,19.2207696821465,0 72.97787140916211,19.2207335904892,0 72.97787350669979,19.2206975118256,0 72.9778758685263,19.2206614479034,0 72.97787849452691,19.2206254004696,0 72.9778813845744,19.2205893712705,0 72.9778845385286,19.2205533620513,0 72.9778879562365,19.2205173745561,0 72.9778905040623,19.220492214188,0 72.9779002340355,19.2204047280079,0 72.977911032962,19.2203170960903,0 72.9779226115904,19.2202285874335,0 72.97793101816311,19.2201657915656,0 72.9782352408664,19.2178995076185,0 72.9782352746759,19.2178992557526,0 72.97824731719319,19.2178084975124,0 72.9782587529203,19.2177158475915,0 72.9782687032709,19.2176210614126,0 72.9782762101993,19.217524095648,0 72.9782802023487,19.2174263300399,0 72.9782805913181,19.2173764099838,0 72.9782803860795,19.2173540946734,0 72.978279934119,19.2173317826417,0 72.9782792354866,19.2173094763502,0 72.9782782902595,19.2172871782598,0 72.9782770985419,19.2172648908304,0 72.9782756604655,19.217242616521,0 72.9782739761891,19.2172203577888,0 72.97827204589851,19.2171981170895,0 72.97826986980689,19.2171758968767,0 72.9782674481543,19.2171536996018,0 72.9782647812081,19.2171315277136,0 72.9782618692626,19.2171093836582,0 72.9782483315428,19.2170234102528,0 72.9782292347237,19.2169269573112,0 72.9782073578356,19.216832767146,0 72.97818373954691,19.2167409855406,0 72.9781593020667,19.2166514477857,0 72.9781442819487,19.216597559286,0 72.978023047175,19.2161635364311,0 72.9780128948381,19.2161271720851,0 72.9779889410529,19.2160407122434,0 72.97796580820101,19.2159550676511,0 72.97794387601959,19.2158701607421,0 72.97792325490229,19.2157848584031,0 72.9779218915992,19.2157789577568,0 72.97791777221499,19.2157608767666,0 72.97791373328251,19.2157427794047,0 72.97790977487411,19.215724665994,0 72.9779058970601,19.2157065368578,0 72.9779020999099,19.2156883923199,0 72.97789838349119,19.215670232704,0 72.9778947478703,19.2156520583343,0 72.9778911931121,19.2156338695352,0 72.97788771928001,19.2156156666314,0 72.977884326436,19.2155974499479,0 72.9778810146406,19.2155792198097,0 72.97787778395281,19.2155609765423,0 72.97787303882539,19.2155332778793,0 72.9778592920235,19.215446811316,0 72.9778467719582,19.2153599496703,0 72.97783498534309,19.2152719942456,0 72.9778235503111,19.2151830420162,0 72.9778216071675,19.215167781858,0 72.9778120843381,19.2150931813451,0 72.9778003179581,19.2150027097373,0 72.9777880387644,19.214912081417,0 72.9777858101702,19.2148961558352,0 72.97776811968291,19.2147754721137,0 72.9777490315598,19.2146549807354,0 72.97772854811799,19.214534696307,0 72.97770667184351,19.2144146334098,0 72.9776834053916,19.2142948065985,0 72.97765875158559,19.214175230399,0 72.97763271341729,19.2140559193068,0 72.9776052940463,19.2139368877854,0 72.9775764967993,19.2138181502639,0 72.97754632517049,19.2136997211363,0 72.97751478282019,19.2135816147589,0 72.9774818735751,19.2134638454489,0 72.977456422513,19.2133764515661,0 72.9774287115484,19.2132861247977,0 72.9773987666033,19.2131951056058,0 72.97736601761039,19.2131036250167,0 72.9773298854783,19.2130119493822,0 72.9772907730701,19.2129226414894,0 72.9772890049334,19.2129188241986,0 72.9772682674876,19.2128752846639,0 72.9772466199437,19.2128321467571,0 72.97722407091641,19.2127894276443,0 72.9772006293797,19.2127471443249,0 72.97717630466219,19.2127053136247,0 72.9771511064444,19.2126639521898,0 72.9771250447542,19.2126230764789,0 72.977098129963,19.2125827027579,0 72.9770703727817,19.2125428470928,0 72.9770417842565,19.2125035253434,0 72.9770123757641,19.2124647531571,0 72.9769821590079,19.2124265459624,0 72.9769660483541,19.2124067858504,0 72.9769018568732,19.2123317681431,0 72.97683505902479,19.212258655616,0 72.97676760529321,19.2121884063194,0 72.9767001426835,19.2121205184294,0 72.9766747683226,19.2120954429617,0 72.97669211043051,19.2120789718748,0 72.9764739500997,19.2118633800864,0 72.97634216566949,19.2117331473699,0 72.97614448941221,19.2115377981496,0 72.9759138698072,19.2113098884721,0 72.9756170126315,19.211016521694,0 72.97521009110371,19.2106143794914,0 72.9751911442111,19.2106316816234,0 72.97513591269551,19.2105832093439,0 72.97512217572179,19.2105695944353,0 72.97510845084651,19.2105559685206,0 72.9750947380797,19.2105423316093,0 72.975081037431,19.2105286837114,0 72.97506734891,19.2105150248365,0 72.9750536725268,19.2105013549943,0 72.9750400082908,19.2104876741944,0 72.975026356212,19.2104739824468,0 72.9750127163,19.2104602797611,0 72.9749990885643,19.2104465661471,0 72.974985473015,19.2104328416146,0 72.9749718696614,19.2104191061732,0 72.9749198776647,19.2103664173561,0 72.9748552513894,19.2103006566024,0 72.9748425369153,19.2102877045088,0 72.9722871284111,19.2076844158718,0 72.9722613833531,19.2076581924356,0 72.9721959438228,19.2075917220951,0 72.97212997613021,19.2075253367862,0 72.9721227213215,19.2075180923136,0 72.972107015277,19.2075024528015,0 72.9720912771207,19.2074868424527,0 72.9720755069126,19.2074712613266,0 72.97205970471291,19.2074557094827,0 72.9720438705819,19.20744018698,0 72.9720280045797,19.2074246938781,0 72.9720121067671,19.2074092302358,0 72.9719961772046,19.2073937961122,0 72.9719802159528,19.207378391566,0 72.9719642230728,19.2073630166559,0 72.9719481986255,19.2073476714406,0 72.9719321426719,19.2073323559786,0 72.9719262096431,19.2073267114615,0 72.9718580465793,19.2072623555398,0 72.9717897668815,19.2071984953726,0 72.9717613681803,19.2071720113365,0 72.9712623217099,19.2067085431562,0 72.9712798977333,19.2066924824902,0 72.9709260885566,19.2063541255771,0 72.97075197429081,19.2061906186014,0 72.97058530637121,19.2060354254685,0 72.9704493025133,19.2059091738243,0 72.9703132988639,19.2057829220965,0 72.97010929378,19.2055935443482,0 72.9699732906511,19.2054672924115,0 72.9697528142611,19.2052626232141,0 72.96973339316391,19.2052810212251,0 72.9658807983313,19.2016887098972,0 72.96589898616359,19.201671092322,0 72.9656109900105,19.2014023362212,0 72.96503447374801,19.200864331313,0 72.9643733353258,19.2002473508523,0 72.9643548198292,19.2002656071121,0 72.9643275315586,19.200239732321,0 72.96426187623121,19.2001771195706,0 72.9641970543458,19.2001139267651,0 72.9641928203193,19.2001097383907,0 72.9638991403251,19.1997969384092,0 72.9636301001736,19.1994647360833,0 72.963387115304,19.1991148793613,0 72.96317146403609,19.19874920907,0 72.96298428084761,19.1983696492267,0 72.9628265504077,19.1979781969149,0 72.9626991024009,19.1975769117755,0 72.9626026071648,19.1971679051682,0 72.9625375721686,19.1967533290627,0 72.96250433934721,19.1963353647155,0 72.96250308330789,19.195916211193,0 72.9625338104163,19.195498073802,0 72.9625340142513,19.1954962571667,0 72.9625445115605,19.1954085756283,0 72.9625560336964,19.1953210506331,0 72.96256835688121,19.1952327578621,0 72.9625807444373,19.1951464116857,0 72.96279615633191,19.1936514890522,0 72.96282347145269,19.1936550419088,0 72.96286558603281,19.1933627690704,0 72.9629042701727,19.1930943020407,0 72.9629300595054,19.1929153240059,0 72.96296874336331,19.1926468569311,0 72.9630203215773,19.1922889007892,0 72.9630591714927,19.1920192784526,0 72.96311363672361,19.1916412822091,0 72.9630861554585,19.1916388846224,0 72.96343870302459,19.1891921008005,0 72.9634450971576,19.1891475431054,0 72.9634515204836,19.1891016564048,0 72.9634577239368,19.1890549760959,0 72.9634635300455,19.1890074851128,0 72.96346875294179,19.1889591696372,0 72.9634731981656,19.1889100218139,0 72.9634766626866,19.1888600418336,0 72.96347893507981,19.1888092401481,0 72.9634797958972,19.1887576398116,0 72.96347901828329,19.1887052789379,0 72.96347636749771,19.1886521855297,0 72.96347175514239,19.188600305359,0 72.96346193556489,19.188528359811,0 72.963448082862,19.1884570157471,0 72.963430236639,19.1883864771151,0 72.963408447917,19.1883169455597,0 72.96338277898749,19.188248619847,0 72.96335330323331,19.188181695295,0 72.9633201049196,19.1881163632167,0 72.9632832789527,19.1880528103723,0 72.9632429306087,19.1879912184354,0 72.96319917523221,19.1879317634741,0 72.9631521379072,19.1878746154474,0 72.963101953099,19.1878199377197,0 72.9630620127964,19.1877801864162,0 72.9629828555443,19.1877094454778,0 72.9629000648342,19.1876438576968,0 72.9628167039772,19.1875838261404,0 72.96276744356361,19.1875507329844,0 72.9627837621583,19.1875275089285,0 72.9624337729059,19.1873055040912,0 72.9621175168227,19.1871048958068,0 72.9617221978406,19.1868541347776,0 72.96140594355251,19.1866535254153,0 72.9610048271018,19.1863990840792,0 72.9609898279416,19.1864204300687,0 72.9609056972032,19.186370548643,0 72.96082053888711,19.1863206425416,0 72.9607336423371,19.1862723965714,0 72.9606833070907,19.1862458887024,0 72.9606435985483,19.1862257603306,0 72.9606035858444,19.1862061832814,0 72.9605632774576,19.186187161703,0 72.9605226819296,19.186168699626,0 72.9604818078622,19.1861508009624,0 72.9604406639167,19.1861334695049,0 72.96039925881141,19.1861167089258,0 72.9603576013202,19.1861005227767,0 72.9603157002701,19.1860849144873,0 72.96027356453971,19.1860698873648,0 72.9602312030578,19.1860554445935,0 72.9601886248004,19.1860415892337,0 72.9601672963163,19.1860348874192,0 72.9600714215341,19.1860066117324,0 72.95997462753451,19.1859806667191,0 72.95987871372991,19.1859569092653,0 72.95978387271271,19.1859347490648,0 72.9596902308478,19.1859136059338,0 72.95966302749321,19.1859075200812,0 72.9588155094059,19.1857179864371,0 72.958764405693,19.1857065650313,0 72.9586711499978,19.1856858649631,0 72.95857716983279,19.1856654125561,0 72.9584877296254,19.1856465658936,0 72.9583993118497,19.1856287027664,0 72.9583107267209,19.1856116045923,0 72.9582219815694,19.185595272786,0 72.9581330837387,19.1855797086989,0 72.95804404058531,19.1855649136186,0 72.9579548594773,19.1855508887695,0 72.9578655477945,19.185537635312,0 72.95777611292741,19.1855251543426,0 72.95768656227651,19.185513446894,0 72.9575969032523,19.1855025139348,0 72.9575071432739,19.1854923563698,0 72.9574172897688,19.1854829750391,0 72.9573284503193,19.1854744365489,0 72.9572324587059,19.1854658436978,0 72.9571370604934,19.1854577070765,0 72.9570824263639,19.1854531299061,0 72.95676743764599,19.1854267867427,0 72.9567583416148,19.1854260258561,0 72.9566654147234,19.1854180353975,0 72.956575089591,19.1854092107063,0 72.9564876514374,19.1853987047855,0 72.95640327990461,19.1853857493081,0 72.9563218593879,19.1853696020909,0 72.9562487524552,19.1853511779048,0 72.9562230166259,19.185343562565,0 72.9561974695708,19.185335393546,0 72.956172124483,19.1853266750666,0 72.9561469944512,19.1853174116292,0 72.9561220924531,19.1853076080176,0 72.9560974313485,19.1852972692945,0 72.9560730238728,19.1852864007993,0 72.9560488826307,19.1852750081446,0 72.9560250200891,19.185263097214,0 72.9560014485708,19.1852506741583,0 72.95597818024901,19.1852377453932,0 72.9559552271395,19.1852243175954,0 72.9558908296836,19.1851828763194,0 72.95582460448929,19.1851351081852,0 72.9557588910793,19.1850830910436,0 72.9556930957372,19.1850272830807,0 72.9556267240493,19.1849683181899,0 72.95555929909629,19.184906967074,0 72.9555542040205,19.1849023098102,0 72.9554902722452,19.1848439755691,0 72.9554197386781,19.1847803683554,0 72.9553472509875,19.1847165957162,0 72.9552723710044,19.1846531540592,0 72.9551946631121,19.1845905786763,0 72.95511546168009,19.1845307776956,0 72.9551078184419,19.184525232513,0 72.95508864730201,19.1845114903111,0 72.955069348818,19.1844979099769,0 72.9550499245038,19.1844844925756,0 72.9550303758832,19.1844712391596,0 72.9550107044897,19.1844581507687,0 72.9549909118663,19.1844452284294,0 72.9549709995656,19.1844324731556,0 72.95495096914971,19.1844198859476,0 72.95493082218989,19.1844074677929,0 72.9549105602664,19.1843952196655,0 72.9548901849689,19.1843831425265,0 72.9548696978955,19.1843712373227,0 72.95485363205179,19.184362057252,0 72.9547657858254,19.1843141945511,0 72.95467601902629,19.1842687363931,0 72.954586476939,19.1842260419559,0 72.9544975191523,19.1841855303632,0 72.9544094728811,19.1841466358327,0 72.95433676998201,19.1841149567862,0 72.9537082149825,19.1838416080452,0 72.9536302975356,19.1838077707478,0 72.9535424844411,19.183769991721,0 72.95345348971461,19.1837324747123,0 72.9533631626003,19.1836955801251,0 72.9532724016012,19.1836600903528,0 72.95326204481989,19.1836561568542,0 72.9531881127669,19.1836288037291,0 72.9531137326326,19.1836025702355,0 72.9530389231971,19.183577462997,0 72.9529637033486,19.1835534883527,0 72.95288809207931,19.1835306523554,0 72.9528121084799,19.183508960771,0 72.9527357717355,19.1834884190759,0 72.95265910111971,19.1834690324565,0 72.95258211599089,19.1834508058074,0 72.9525048357868,19.1834337437306,0 72.95242728001919,19.1834178505335,0 72.9523494682699,19.183403130229,0 72.9523132365087,19.1833966847633,0 72.9522164496148,19.1833806156928,0 72.9521196125966,19.1833659123737,0 72.95200693510461,19.1833509695704,0 72.95201090869401,19.1833239193134,0 72.9512807017873,19.1832270807137,0 72.950953922617,19.1831881293986,0 72.95046607531781,19.1831434382857,0 72.9503112238875,19.1831326398045,0 72.9498677667338,19.1831013300212,0 72.9498658459481,19.1831294675494,0 72.9492176205367,19.1830906616585,0 72.9491679289915,19.1830876683435,0 72.94907513269619,19.1830816912693,0 72.9489844214424,19.1830747439796,0 72.9488958740603,19.1830661742289,0 72.94880961375669,19.1830553822312,0 72.94872424689901,19.183041570361,0 72.9486856518852,19.1830340807252,0 72.94861737556499,19.1830185585357,0 72.9485498503533,19.1830003096148,0 72.9484831968158,19.1829793665461,0 72.9484175339619,19.1829557667236,0 72.9483529790316,19.1829295522851,0 72.948289647287,19.1829007700366,0 72.94822765180579,19.1828694713689,0 72.9481671032794,19.1828357121657,0 72.94810810981591,19.1827995527041,0 72.9480507767463,19.1827610575468,0 72.9479952064367,19.1827202954266,0 72.94794149810581,19.182677339124,0 72.94791966534569,19.1826587646638,0 72.94785706764669,19.1826020684315,0 72.9477970854782,19.1825431805499,0 72.9477380391108,19.1824812281552,0 72.94767959075649,19.1824166022592,0 72.94762110014599,19.1823494059135,0 72.9476057654192,19.1823314793098,0 72.9475146401067,19.1822229387825,0 72.94742529096681,19.1821130732748,0 72.9473377393329,19.1820019090235,0 72.9472520061091,19.1818894725753,0 72.9471681117648,19.181775790781,0 72.94708607633029,19.1816608907885,0 72.947005919392,19.1815448000364,0 72.9469276600874,19.1814275462479,0 72.94685131710099,19.1813091574236,0 72.946776908659,19.1811896618354,0 72.94670445252601,19.181069088019,0 72.94663396600021,19.1809474647678,0 72.9465981446741,19.1808839465089,0 72.9465544426225,19.18080519871,0 72.9465108679878,19.1807257718477,0 72.9464808250054,19.1806707586872,0 72.94564153876701,19.1791330517455,0 72.94563561410359,19.1791221972793,0 72.9455911497386,19.1790410804366,0 72.94554520864131,19.1789589291668,0 72.94549709012929,19.1788760145873,0 72.94544611977889,19.1787927317308,0 72.9453924328112,19.1787107812181,0 72.94537121594181,19.1786800942632,0 72.9453570521304,19.1786601208327,0 72.945342685333,19.1786402787244,0 72.9453281168982,19.1786205698008,0 72.94531334819349,19.1786009959117,0 72.9452983806052,19.1785815588943,0 72.9452832155382,19.1785622605731,0 72.9452678544161,19.1785431027595,0 72.9452522986806,19.1785240872515,0 72.9452365497922,19.1785052158342,0 72.9452206092288,19.1784864902787,0 72.9452044784869,19.1784679123427,0 72.9451881590806,19.17844948377,0 72.9451376871402,19.1783945858,0 72.9450684054619,19.1783236014673,0 72.94499792916579,19.1782552290892,0 72.94492727315,19.1781893683763,0 72.9448570146679,19.1781255232183,0 72.9448047842827,19.1780785605901,0 72.9443411436838,19.1776622447368,0 72.94430407769841,19.1776289434647,0 72.94423623631241,19.1775676186954,0 72.9441699534672,19.17750663758,0 72.94410558025849,19.1774456682217,0 72.9440428239229,19.1773837753038,0 72.9440151073152,19.1773554260091,0 72.9439981350785,19.1773376897716,0 72.9439813159471,19.1773198223408,0 72.9439646510441,19.1773018249099,0 72.94394814148259,19.1772836986809,0 72.94393178836469,19.1772654448641,0 72.9439155927828,19.1772470646787,0 72.94389955581811,19.177228559352,0 72.9438836785416,19.1772099301199,0 72.9438679620137,19.1771911782264,0 72.9438524072837,19.1771723049239,0 72.9438370153904,19.1771533114726,0 72.9438217873616,19.1771341991411,0 72.94356419117911,19.1767730912713,0 72.9431501366449,19.1761607335208,0 72.9431725523248,19.1761470136384,0 72.9429982232415,19.1758898587887,0 72.9425350134559,19.175206530551,0 72.94227865101171,19.1748275789893,0 72.94202154813991,19.1744385517264,0 72.9420043478365,19.174448753686,0 72.9419961908235,19.1744362357857,0 72.94198802511841,19.1744237230037,0 72.94197985072481,19.1744112153452,0 72.9419716676463,19.1743987128157,0 72.9419634758865,19.1743862154206,0 72.94195527544891,19.1743737231654,0 72.94194706633721,19.1743612360555,0 72.9419388485548,19.1743487540964,0 72.9419306221054,19.1743362772935,0 72.9419223869925,19.1743238056523,0 72.94191414321981,19.1743113391781,0 72.94190589079081,19.1742988778764,0 72.9418915538412,19.1742774609336,0 72.9418776013956,19.1742558159248,0 72.94186403747101,19.1742339490816,0 72.9418508659726,19.1742118667003,0 72.9418380906923,19.1741895751387,0 72.9418257153087,19.174167080815,0 72.9418137433842,19.1741443902058,0 72.941802178366,19.1741215098442,0 72.94179102358351,19.1740984463178,0 72.9417802822482,19.1740752062672,0 72.94176995745271,19.1740517963836,0 72.9417600521695,19.1740282234072,0 72.9417419090715,19.1739832699292,0 72.94172425832331,19.1739381398206,0 72.9417071018284,19.1738928379503,0 72.9416904414372,19.1738473692052,0 72.94167427894661,19.1738017384904,0 72.9416586160997,19.1737559507283,0 72.9416434545858,19.1737100108585,0 72.94162879604001,19.1736639238369,0 72.94161464204321,19.1736176946351,0 72.941600994122,19.1735713282404,0 72.9415878537481,19.1735248296545,0 72.9415752223386,19.1734782038936,0 72.941566495442,19.1734454392601,0 72.9415576909244,19.1734126933822,0 72.9415488088307,19.1733799664261,0 72.941539849206,19.1733472585576,0 72.94153081209571,19.1733145699426,0 72.9415216975456,19.1732819007468,0 72.94151250560211,19.1732492511359,0 72.9415032363117,19.1732166212755,0 72.9414938897216,19.1731840113308,0 72.9414844658792,19.1731514214675,0 72.9414749648322,19.1731188518506,0 72.94146538662891,19.1730863026452,0 72.941452117425,19.1730415668286,0 72.9414387598458,19.1729968547661,0 72.9414253139382,19.1729521666155,0 72.9414117797499,19.1729075025343,0 72.94139815732861,19.1728628626799,0 72.9413844467224,19.1728182472097,0 72.9413706479799,19.172773656281,0 72.94135676114951,19.1727290900511,0 72.9413427862804,19.1726845486771,0 72.941328723422,19.172640032316,0 72.9413145726239,19.1725955411247,0 72.941300333936,19.1725510752602,0 72.94127321686879,19.1724677583868,0 72.94124546512821,19.1723846304252,0 72.94121708017251,19.1723016957406,0 72.9411880634934,19.1722189586882,0 72.9411584166153,19.1721364236127,0 72.9411281410963,19.1720540948484,0 72.94109723852711,19.1719719767186,0 72.9410657105314,19.1718900735354,0 72.94103355876599,19.1718083895999,0 72.94100078491989,19.1717269292016,0 72.9409673907155,19.171645696618,0 72.940933377907,19.171564696115,0 72.93996685967311,19.1692869426192,0 72.9390003657409,19.1670091869892,0 72.9390259098376,19.1669994000156,0 72.9389310000365,19.1667757072599,0 72.9385276999849,19.1658251395432,0 72.93834504881541,19.1654062589296,0 72.93821809638651,19.1651151130843,0 72.9381985834703,19.165122796128,0 72.93812715915431,19.1649424373146,0 72.9381104349613,19.1649039265513,0 72.93809455119251,19.1648650958322,0 72.9380795146209,19.1648259617167,0 72.9380653316581,19.164786540893,0 72.9380520083518,19.1647468501725,0 72.938039550383,19.1647069064808,0 72.9380279630639,19.164666726852,0 72.9380172513349,19.1646263284204,0 72.93800741976369,19.1645857284138,0 72.93799847254181,19.1645449441459,0 72.9379904134844,19.1645039930088,0 72.9379832460275,19.1644628924661,0 72.9379727834264,19.1643962493831,0 72.93796313546029,19.1643294954019,0 72.9379543034275,19.1642626395141,0 72.9379462885169,19.164195690725,0 72.9379390918068,19.1641286580525,0 72.9379327142658,19.1640615505257,0 72.9379271567519,19.1639943771837,0 72.9379224200125,19.1639271470746,0 72.9379185046848,19.163859869254,0 72.93791541129519,19.1637925527841,0 72.9379131402592,19.1637252067322,0 72.93791169188189,19.1636578401695,0 72.9379019706185,19.1630262405341,0 72.93789224786229,19.1623945552367,0 72.9378682099855,19.1613383117555,0 72.9378448934191,19.1603079194984,0 72.93783373068879,19.1581820741578,0 72.9378353129112,19.157434418308,0 72.9378351280758,19.1572068944512,0 72.9378236874559,19.1567397668095,0 72.9377953356943,19.1562701706274,0 72.9377765002519,19.1560462945402,0 72.937754416158,19.1557775565721,0 72.9377352131375,19.1554129381853,0 72.9377312975644,19.1550910193787,0 72.9377334496605,19.1549387024758,0 72.93773716592,19.154778637588,0 72.9377384166155,19.154728167675,0 72.9377659720048,19.1547287843561,0 72.93777965601851,19.1541765768855,0 72.9377964071619,19.1535005823171,0 72.93780970321851,19.1529640060552,0 72.9378163172875,19.152697084381,0 72.9377896726935,19.1526984845974,0 72.937811111703,19.1518641173768,0 72.93781403966651,19.1517918338573,0 72.9378176533689,19.1517195783666,0 72.93782195251541,19.1516473567799,0 72.9378269367554,19.1515751749697,0 72.937832605683,19.1515030388049,0 72.9378389588361,19.1514309541513,0 72.9378459956974,19.1513589268699,0 72.93785371569381,19.1512869628173,0 72.9378621181968,19.1512150678452,0 72.9378712025221,19.151143247799,0 72.9378809679304,19.1510715085187,0 72.9378914136266,19.1509998558372,0 72.9378953080881,19.1509740868389,0 72.9378992282541,19.1509483213608,0 72.937903174121,19.1509225594261,0 72.9379071456855,19.1508968010579,0 72.93791114294371,19.1508710462794,0 72.93791516589209,19.1508452951138,0 72.9379192145272,19.1508195475842,0 72.9379232888451,19.1507938037137,0 72.9379273888424,19.1507680635254,0 72.9379315145153,19.1507423270425,0 72.93793566586,19.1507165942882,0 72.93793984287279,19.1506908652855,0 72.93802801903399,19.1501494303991,0 72.938165996165,19.149242470167,0 72.9381710113461,19.1491821963745,0 72.9381741432626,19.1491218077375,0 72.9381753891611,19.149061357389,0 72.9381747479474,19.1490008985163,0 72.9381722201877,19.1489404843142,0 72.93816780810811,19.1488801679379,0 72.9381615155927,19.1488200024567,0 72.93815334818,19.1487600408069,0 72.93814331305801,19.1487003357457,0 72.9381314190582,19.1486409398041,0 72.93811767664749,19.1485819052412,0 72.9381020979191,19.1485232839983,0 72.9380886534417,19.1484778252187,0 72.93807410232979,19.1484326752521,0 72.9380584524247,19.1483878584262,0 72.9380417121595,19.148343398889,0 72.9380238905553,19.1482993205961,0 72.9380049972154,19.1482556472976,0 72.93798504232071,19.1482124025253,0 72.93796403662419,19.1481696095803,0 72.9379419914448,19.1481272915199,0 72.93791891866179,19.1480854711458,0 72.93789483070771,19.1480441709912,0 72.93786974056241,19.1480034133094,0 72.9378617189974,19.1479908039359,0 72.9378536104181,19.14797824493,0 72.93784541517471,19.1479657368338,0 72.9378371336211,19.1479532801875,0 72.93782876611491,19.147940875529,0 72.9378203130176,19.1479285233939,0 72.937811774694,19.1479162243156,0 72.937803151513,19.1479039788253,0 72.9377944438469,19.1478917874517,0 72.9377856520718,19.1478796507212,0 72.9377767765673,19.147867569158,0 72.9377678177167,19.1478555432837,0 72.9377556458476,19.1478393993417,0 72.9377433930792,19.1478233107678,0 72.93773105969041,19.1478072779281,0 72.93771864596199,19.1477913011875,0 72.9377061521764,19.1477753809095,0 72.9376935786182,19.1477595174567,0 72.9376809255733,19.1477437111898,0 72.9376681933299,19.1477279624689,0 72.9376553821776,19.147712271652,0 72.9376424924082,19.1476966390963,0 72.9376295243148,19.1476810651578,0 72.93761647819279,19.1476655501907,0 72.93733503091281,19.1473324732695,0 72.9372456262488,19.147226856698,0 72.9372658907462,19.1472113635194,0 72.93704351876259,19.1469486647213,0 72.9367711970862,19.1466186275605,0 72.9365300981096,19.1463264290643,0 72.93627135469281,19.1460285697358,0 72.9359189384619,19.1456249408418,0 72.935894763698,19.1456442069909,0 72.93547940105989,19.1451734663718,0 72.9349619172323,19.1445869557182,0 72.93358059075921,19.1429476322776,0 72.9328878677115,19.1420898005672,0 72.93231060248949,19.1413746098159,0 72.9320313200389,19.1410086928474,0 72.9320130912274,19.1409829836794,0 72.931995332546,19.140956979003,0 72.9319780492967,19.1409306865825,0 72.9319612466397,19.1409041142685,0 72.93194492959159,19.1408772699947,0 72.931929103024,19.1408501617762,0 72.9319137716622,19.1408227977068,0 72.9318989400834,19.1407951859569,0 72.93188461271571,19.1407673347707,0 72.93187079383679,19.1407392524639,0 72.9318574875723,19.1407109474211,0 72.9318446978949,19.1406824280936,0 72.931557791209,19.1400270187267,0 72.9314097605419,19.1396817530629,0 72.931435283399,19.1396718688096,0 72.9312427927873,19.1392229032168,0 72.9312239890202,19.1391765180384,0 72.9312049116409,19.1391302338903,0 72.9311855612508,19.1390840522304,0 72.9311659384597,19.1390379745134,0 72.9311460438857,19.1389920021907,0 72.9311258781559,19.1389461367101,0 72.9311054419055,19.1389003795165,0 72.9310847357786,19.1388547320511,0 72.93106376042741,19.1388091957517,0 72.9310425165131,19.1387637720525,0 72.9310210047049,19.1387184623844,0 72.93099922568079,19.1386732681745,0 72.9309825004876,19.1386388915765,0 72.93096570648871,19.1386045452942,0 72.930948843745,19.1385702294516,0 72.9309319123175,19.1385359441734,0 72.9309149122676,19.1385016895837,0 72.93089784365711,19.1384674658063,0 72.9308807065475,19.1384332729654,0 72.9308635010013,19.1383991111849,0 72.93084622708059,19.1383649805884,0 72.9308288848482,19.1383308812996,0 72.93081147436671,19.1382968134418,0 72.9307939956995,19.1382627771387,0 72.9305568131593,19.1378020576902,0 72.93052856242819,19.1378159720913,0 72.9298633008363,19.1365145172865,0 72.9291223371425,19.1350488277062,0 72.92839407995081,19.1336272200244,0 72.9282115841655,19.1333116611404,0 72.92823889172639,19.1332983711251,0 72.927752365407,19.1323953101451,0 72.92726584400501,19.1314922482921,0 72.9272431127677,19.1315043559006,0 72.9265116994857,19.1301581103303,0 72.92576562991,19.1287732119431,0 72.925751322471,19.128748411608,0 72.92573731384471,19.128723457644,0 72.9257236058565,19.1286983533036,0 72.9257102002931,19.1286731018585,0 72.9256970989012,19.1286477065999,0 72.92568430338839,19.1286221708378,0 72.92567181542221,19.1285964979,0 72.9256596366301,19.1285706911327,0 72.92564776859921,19.1285447538995,0 72.9256362128761,19.1285186895805,0 72.9256249709667,19.128492501573,0 72.925614044336,19.1284661932902,0 72.9256020294707,19.1284358522472,0 72.9255906741793,19.1284052825883,0 72.9255799832721,19.1283744972649,0 72.9255699612784,19.1283435093197,0 72.92556061244351,19.1283123318816,0 72.9255519407282,19.1282809781594,0 72.9255439498056,19.1282494614367,0 72.92553664306131,19.1282177950662,0 72.9255300235901,19.128185992464,0 72.9255240941965,19.1281540671039,0 72.92551885739179,19.1281220325117,0 72.92551431539449,19.1280899022592,0 72.92551264759651,19.1280765263191,0 72.92551112929451,19.1280631343039,0 72.9255097606592,19.1280497277231,0 72.92550854184511,19.1280363080877,0 72.9255074729894,19.1280228769101,0 72.9255065542126,19.1280094357042,0 72.9255057856181,19.1279959859849,0 72.9255051672927,19.1279825292681,0 72.9255046993058,19.1279690670703,0 72.9255043817103,19.1279556009092,0 72.9255042145419,19.1279421323021,0 72.92550419781939,19.1279286627672,0 72.9255048141581,19.1277867564992,0 72.9255351830236,19.1277872785415,0 72.9255463804213,19.1274979928128,0 72.9255535702322,19.126763882903,0 72.92554657718971,19.1262327591753,0 72.9255401316581,19.1257430872338,0 72.92550875214511,19.1257434603907,0 72.9255048560695,19.1254474723947,0 72.9255088643972,19.1249125952195,0 72.9255216093909,19.1243989284672,0 72.92553376852889,19.1239106357683,0 72.9255425140979,19.1236339598422,0 72.92558269846531,19.1230775448432,0 72.9256444208325,19.1224111079202,0 72.9257092802409,19.1219220838377,0 72.9257506945368,19.121646640127,0 72.9258929530896,19.1207639371027,0 72.9259972247207,19.1201830522294,0 72.9261474062629,19.1193401441218,0 72.9261923169242,19.1190405880526,0 72.92621886527741,19.1187936967958,0 72.926254868805,19.1187961443164,0 72.9263370193226,19.1178014722481,0 72.9263681554384,19.1173803059748,0 72.92639858463539,19.1167574539388,0 72.9263670856201,19.1167568098671,0 72.9263884193619,19.1162688735336,0 72.9264097284989,19.1157814936102,0 72.9264219067835,19.1154772946629,0 72.92643912315729,19.1148035979135,0 72.9264402433854,19.1142380657337,0 72.9264354334487,19.1141580485391,0 72.9264309931946,19.1140780120392,0 72.9264269227083,19.1139979577774,0 72.9264232220676,19.1139178872971,0 72.9264198913435,19.1138378021421,0 72.9264169305996,19.1137577038566,0 72.9264143398923,19.1136775939849,0 72.92641211927121,19.1135974740716,0 72.9264102687786,19.1135173456616,0 72.92640878844951,19.1134372102997,0 72.9264076783121,19.1133570695309,0 72.926406938387,19.1132769249007,0 72.926405506648,19.1131842742822,0 72.9264024946315,19.1130916579118,0 72.9263979031323,19.1129991001419,0 72.92639173336021,19.1129066253103,0 72.92638398694029,19.1128142577323,0 72.92637466591199,19.1127220216953,0 72.92636377272881,19.1126299414518,0 72.9263513102575,19.1125380412134,0 72.926337281778,19.1124463451446,0 72.9263216909812,19.1123548773559,0 72.9263045419692,19.1122636618977,0 72.92628583925401,19.112172722754,0 72.9262708565491,19.1121049437838,0 72.92625502729401,19.112037338903,0 72.9262383537266,19.1119699176653,0 72.9262208382041,19.111902689598,0 72.9262024832028,19.1118356642014,0 72.9261832913177,19.1117688509473,0 72.92616326526171,19.111702259277,0 72.9261424078658,19.1116358986009,0 72.92612072207849,19.1115697782966,0 72.92609821096519,19.1115039077078,0 72.9260748777081,19.1114382961426,0 72.92605072560551,19.111372952873,0 72.9260452652081,19.111358492932,0 72.9260397801124,19.1113440414401,0 72.92603427033271,19.1113295984356,0 72.92602873588361,19.1113151639563,0 72.92602317677969,19.1113007380405,0 72.9260175930357,19.1112863207262,0 72.9260119846663,19.1112719120514,0 72.9260063516863,19.1112575120541,0 72.9260006941107,19.1112431207722,0 72.9259950119542,19.1112287382439,0 72.92598930523189,19.111214364507,0 72.9259835739588,19.1111999995993,0 72.92580595477931,19.1107559003845,0 72.92571032633251,19.1105209341732,0 72.9256254733191,19.1103268369879,0 72.92556161046819,19.1101940442925,0 72.9254619975018,19.1100063293631,0 72.92541524331411,19.1099240148046,0 72.9253264116077,19.1097681600185,0 72.9253512861289,19.1097544684029,0 72.9248157173608,19.108875255914,0 72.92428015393681,19.1079960423221,0 72.9242572890729,19.1080086605815,0 72.92401067388759,19.1076213977023,0 72.92376446997601,19.1072506041006,0 72.92369723372229,19.1071490346071,0 72.92362979351191,19.1070475874036,0 72.9235621495915,19.1069462628603,0 72.9234943022081,19.1068450613468,0 72.9234262516097,19.1067439832325,0 72.92335799804521,19.1066430288863,0 72.92328954176379,19.1065421986765,0 72.9232208830157,19.106441492971,0 72.92315202205199,19.1063409121371,0 72.9230829591243,19.106240456542,0 72.92301369448499,19.1061401265522,0 72.9229442283872,19.1060399225339,0 72.9226823122175,19.1056628948138,0 72.92254404142609,19.1054754557032,0 72.9224187581076,19.1053112735546,0 72.9221640077787,19.1049798849116,0 72.92187102823939,19.1045987067316,0 72.9218434468702,19.1045625760535,0 72.92170122396379,19.1043728977436,0 72.9216216003522,19.1042614477079,0 72.9216379116788,19.1042509170356,0 72.9213917581358,19.1038875798363,0 72.9211538658779,19.103536435113,0 72.92102956645461,19.1033541757655,0 72.920918760212,19.103202076304,0 72.9204370385028,19.1025533537034,0 72.9204187192922,19.1025660317787,0 72.9194067468478,19.1012477799976,0 72.9184009330469,19.099925111545,0 72.91836309918941,19.0998754833429,0 72.918325158179,19.0998259291316,0 72.9182871101757,19.0997764491202,0 72.9182489553403,19.0997270435173,0 72.918210693834,19.0996777125316,0 72.91817232581811,19.0996284563712,0 72.9181338514549,19.0995792752438,0 72.91809527090661,19.0995301693571,0 72.9180565843364,19.0994811389182,0 72.9180177919073,19.0994321841341,0 72.9179788937833,19.0993833052113,0 72.91793989012849,19.0993345023561,0 72.9179104083558,19.0992977914053,0 72.9178808261786,19.0992611535259,0 72.91785114379771,19.0992245889661,0 72.9178213614139,19.0991880979734,0 72.91779147922919,19.099151680795,0 72.91776149744599,19.0991153376777,0 72.9177314162674,19.0990790688676,0 72.9177012358976,19.0990428746104,0 72.9176709565407,19.0990067551514,0 72.917640578402,19.0989707107351,0 72.9176101016874,19.0989347416058,0 72.9175795266036,19.0988988480069,0 72.9172724615302,19.0985393258377,0 72.9169663218417,19.0981808874228,0 72.9168485287836,19.0980408381808,0 72.91663769971621,19.0977844918707,0 72.9164071999176,19.0975012512866,0 72.9161661388718,19.0972049563626,0 72.91603502711951,19.097034401595,0 72.9160013858391,19.0969844768659,0 72.9159778232314,19.096947864183,0 72.9159560968376,19.0969102391418,0 72.9159362546792,19.0968716849067,0 72.91591834061261,19.0968322866956,0 72.9159023942327,19.0967921315921,0 72.91588845078491,19.0967513083525,0 72.9158765410873,19.09670990721,0 72.9158666914628,19.0966680196749,0 72.9158589236807,19.0966257383328,0 72.9158532549089,19.0965831566393,0 72.9158496976754,19.0965403687142,0 72.9158482598414,19.0964974691326,0 72.9158486922622,19.096462734632,0 72.9158505461813,19.0964280424378,0 72.9158538187893,19.0963934451049,0 72.9158585051277,19.0963589950445,0 72.91586459809631,19.0963247444448,0 72.9158720884642,19.0962907451915,0 72.9158809648833,19.0962570487898,0 72.91589121390609,19.096223706286,0 72.9159028200057,19.0961907681901,0 72.91591576559939,19.0961582843997,0 72.9159300310755,19.0961263041239,0 72.9159455948225,19.0960948758092,0 72.9159478788641,19.0960898787003,0 72.9159502378283,19.0960849131477,0 72.9159526712329,19.0960799801666,0 72.9159551785804,19.0960750807655,0 72.91595775935841,19.0960702159458,0 72.9159604130389,19.0960653867025,0 72.91596313907969,19.0960605940224,0 72.9159659369232,19.0960558388856,0 72.91596880599781,19.0960511222642,0 72.9159717457166,19.0960464451224,0 72.9159747554786,19.0960418084163,0 72.9159778346687,19.0960372130941,0 72.9160916189753,19.0958733068253,0 72.9161141061997,19.0958894445835,0 72.9167580864448,19.0950784496686,0 72.9174020602305,19.0942674518377,0 72.9173791691596,19.0942510243846,0 72.91757820280181,19.0939847690201,0 72.917622375188,19.0939180287955,0 72.91766560135591,19.0938507309721,0 72.9177078735198,19.093782887673,0 72.9177491840656,19.0937145111199,0 72.91778952555261,19.0936456136304,0 72.9178288907146,19.0935762076158,0 72.91786727246151,19.0935063055792,0 72.91790466388029,19.0934359201129,0 72.9179410582362,19.0933650638963,0 72.9179764489743,19.0932937496938,0 72.9180108297205,19.0932219903518,0 72.9180441942825,19.0931497987976,0 72.9180767519865,19.0930756498852,0 72.9181074554615,19.0930007895135,0 72.918136287525,19.0929252595822,0 72.91816323204181,19.092849102366,0 72.9181882739336,19.0927723604906,0 72.9182113991867,19.0926950769088,0 72.9182325948605,19.0926172948766,0 72.9182518490942,19.0925390579289,0 72.9182691511139,19.0924604098552,0 72.9182844912384,19.092381394675,0 72.91829786088439,19.0923020566133,0 72.9183092525718,19.0922224400756,0 72.91836055751421,19.0918290819446,0 72.9184209691569,19.091299793233,0 72.9184813590212,19.0907706903505,0 72.91851267015031,19.0907739203119,0 72.91862796863521,19.0897637227267,0 72.918743265084,19.0887535248331,0 72.9187087874144,19.0887497096459,0 72.9187238021543,19.0883981750221,0 72.91871841708731,19.0883715968946,0 72.91871284324159,19.0883450539676,0 72.9187070808714,19.0883185474526,0 72.9187011302401,19.0882920785601,0 72.9186949916194,19.0882656484987,0 72.91868866528981,19.088239258475,0 72.9186821515401,19.0882129096939,0 72.91867545066791,19.0881866033585,0 72.91866856297921,19.0881603406699,0 72.9186614887885,19.0881341228273,0 72.918654228419,19.0881079510275,0 72.9186467822022,19.0880818264658,0 72.9186366844592,19.0880513520329,0 72.91862565110949,19.0880211722094,0 72.9186136916428,19.0879913129513,0 72.9186008163454,19.0879617999392,0 72.9185870362913,19.0879326585556,0 72.9185723633322,19.0879039138635,0 72.9185568100884,19.0878755905848,0 72.9185403899366,19.0878477130786,0 72.9185231169995,19.0878203053209,0 72.9185050061329,19.0877933908838,0 72.9184860729135,19.0877669929147,0 72.9184663336253,19.0877411341173,0 72.9184430782452,19.0877118831322,0 72.9184195295875,19.0876828449979,0 72.9183956898076,19.087654022372,0 72.9183715610878,19.0876254178926,0 72.9183471456362,19.0875970341774,0 72.91832244568791,19.0875688738243,0 72.91829746350361,19.0875409394106,0 72.9182722013698,19.0875132334931,0 72.9182466615988,19.0874857586073,0 72.9182208465281,19.087458517268,0 72.9181947585209,19.0874315119682,0 72.9181683999646,19.0874047451797,0 72.9164482092675,19.0856745512837,0 72.9161687107439,19.0853981102225,0 72.9151054444302,19.0844110407414,0 72.9145342392695,19.0838543448791,0 72.9139891183149,19.0832745268165,0 72.91354744711479,19.0827748409009,0 72.91356928863409,19.0827572581214,0 72.9133069597345,19.0824627061325,0 72.9129216339057,19.0820301399147,0 72.91244966027711,19.0815052851713,0 72.91218139349211,19.0812089589186,0 72.9121597025445,19.0812267091436,0 72.91194816923679,19.0809972387455,0 72.9116225108644,19.0806364872121,0 72.9116052587658,19.0806170244491,0 72.9115881462797,19.0805974505933,0 72.91157117419699,19.0805777665498,0 72.911554343303,19.0805579732289,0 72.91153765437581,19.080538071546,0 72.9115211081872,19.0805180624216,0 72.9115047055023,19.080497946781,0 72.91148844707961,19.0804777255546,0 72.9114723336711,19.0804573996772,0 72.9114563660219,19.0804369700892,0 72.9114405448701,19.0804164377352,0 72.9114248709476,19.0803958035648,0 72.9114142783318,19.0803813373715,0 72.91140380257519,19.0803667944618,0 72.9113934442927,19.080352175689,0 72.91138320409191,19.0803374819107,0 72.9113730825736,19.0803227139892,0 72.9113630803316,19.0803078727907,0 72.91135319795281,19.0802929591862,0 72.91134343601691,19.0802779740508,0 72.9113337950967,19.0802629182635,0 72.91132427575791,19.0802477927079,0 72.9113148785588,19.0802325982712,0 72.9113056040509,19.0802173358452,0 72.910987198641,19.0795806296158,0 72.9107409815589,19.0791021135008,0 72.9105177499136,19.0786777569606,0 72.9105079529041,19.0786573968239,0 72.910498272841,19.0786369861866,0 72.9104887100122,19.0786165256557,0 72.91047926470201,19.07859601584,0 72.91046993719149,19.0785754573496,0 72.91046072775799,19.0785548507961,0 72.9104516366755,19.0785341967924,0 72.9104426642145,19.0785134959531,0 72.91043381064161,19.078492748894,0 72.91042507622051,19.0784719562322,0 72.9104164612106,19.0784511185863,0 72.9104079658685,19.0784302365762,0 72.9103834385258,19.0783611486945,0 72.91035836485069,19.0782922383243,0 72.9103327462648,19.078223509371,0 72.91030658422081,19.0781549657296,0 72.910279880202,19.0780866112848,0 72.9102526357226,19.0780184499102,0 72.91022485232701,19.0779504854687,0 72.9101965315909,19.0778827218122,0 72.9101676751195,19.0778151627807,0 72.91013828454911,19.0777478122032,0 72.91010836154599,19.0776806738964,0 72.9100779078066,19.0776137516654,0 72.9100439357189,19.0775502324941,0 72.910009095503,19.0774871398342,0 72.90997339308269,19.0774244844105,0 72.9099368345277,19.0773622768737,0 72.9098994260535,19.0773005277981,0 72.90986117402009,19.0772392476803,0 72.9098220849307,19.077178446937,0 72.909782165431,19.0771181359036,0 72.9097414223077,19.0770583248319,0 72.9096998624873,19.076999023889,0 72.9096574930355,19.0769402431552,0 72.9096143211553,19.0768819926222,0 72.9095845278829,19.0768430327413,0 72.90955457297881,19.0768041850629,0 72.9095244569106,19.0767654501931,0 72.9094941801483,19.0767268287364,0 72.90946374316459,19.0766883212954,0 72.9094331464344,19.076649928471,0 72.9094023904354,19.0766116508623,0 72.9093714756475,19.0765734890666,0 72.9093404025534,19.0765354436793,0 72.9093091716378,19.0764975152941,0 72.9092777833885,19.0764597045029,0 72.9092462382951,19.0764220118956,0 72.9081959459218,19.0752112248964,0 72.90811852291949,19.0751332216869,0 72.9080386152242,19.0750575175849,0 72.9079562983262,19.0749841841055,0 72.90787164999161,19.0749132905248,0 72.9077847501885,19.0748449038134,0 72.9076956810115,19.074779088574,0 72.9076045266041,19.0747159069796,0 72.9075113730799,19.0746554187156,0 72.90741630843991,19.0745976809228,0 72.9073194224908,19.0745427481435,0 72.9072208067591,19.0744906722704,0 72.9071205544055,19.0744415024972,0 72.90702680421241,19.0743991493898,0 72.9069317968434,19.0743594094554,0 72.90683561285231,19.0743223163875,0 72.9067383337903,19.0742879016353,0 72.906640042137,19.0742561943772,0 72.9065408212301,19.0742272214958,0 72.90644075519541,19.0742010075556,0 72.9063399288746,19.0741775747817,0 72.9062384277543,19.0741569430413,0 72.9061363378929,19.0741391298264,0 72.90603374584801,19.0741241502397,0 72.90593073860261,19.0741120169812,0 72.905732560716,19.0740943954086,0 72.90478668104529,19.0740634001592,0 72.9041805661449,19.0740474927707,0 72.9041411964342,19.0740474872056,0 72.904101833436,19.0740467960352,0 72.90406249035679,19.0740454194912,0 72.90402318039661,19.0740433580357,0 72.903983916744,19.0740406123602,0 72.9039447125722,19.0740371833861,0 72.90390558103461,19.0740330722637,0 72.90386653525989,19.0740282803725,0 72.90382758834841,19.0740228093202,0 72.9037887533668,19.0740166609424,0 72.9037500433445,19.074009837302,0 72.90371147126911,19.0740023406884,0 72.9036351840895,19.0739785717954,0 72.9035610357154,19.0739493173801,0 72.9034894617519,19.0739147493068,0 72.9034208826792,19.0738750706563,0 72.903355701382,19.0738305145329,0 72.903294300783,19.0737813426947,0 72.9032370415933,19.0737278440154,0 72.9031842601927,19.0736703327881,0 72.9031362666545,19.0736091468779,0 72.9030933429232,19.0735446457375,0 72.9030557411587,19.0734772082951,0 72.9030236822547,19.0734072307287,0 72.9030549835409,19.0733941061407,0 72.9028811332828,19.0730545299937,0 72.90253343472629,19.0723753773758,0 72.90235962488551,19.0720358747563,0 72.90211464852651,19.0715654380964,0 72.90208126731631,19.0715811526746,0 72.90204471498851,19.0715196096863,0 72.902008282273,19.0714580026218,0 72.9019719692941,19.0713963316912,0 72.90193577617541,19.071334597105,0 72.9018997030402,19.0712727990735,0 72.9018637500115,19.0712109378077,0 72.90182791721171,19.0711490135185,0 72.9017922047629,19.0710870264172,0 72.9017566127868,19.0710249767151,0 72.90172114140459,19.0709628646239,0 72.9016857907372,19.0709006903556,0 72.9016505609051,19.070838454122,0 72.90163070294121,19.0708027431884,0 72.9016112094631,19.0707668511678,0 72.9015920822969,19.0707307814232,0 72.9015733232348,19.0706945373341,0 72.9015549340338,19.0706581222966,0 72.9015369164169,19.0706215397226,0 72.90151927207199,19.0705847930397,0 72.901502002652,19.0705478856911,0 72.9014851097747,19.0705108211348,0 72.90146859502291,19.0704736028437,0 72.9014524599434,19.0704362343049,0 72.9014367060478,19.0703987190196,0 72.9014253573467,19.0703712354243,0 72.9014140617919,19.0703437320438,0 72.90140281942141,19.0703162089712,0 72.9013916302732,19.0702886662993,0 72.90138049438509,19.0702611041213,0 72.90136941179451,19.0702335225303,0 72.901358382539,19.0702059216192,0 72.9013474066559,19.0701783014816,0 72.9013364841821,19.0701506622106,0 72.90132561515451,19.0701230038996,0 72.90131479960969,19.070095326642,0 72.9013040375843,19.0700676305315,0 72.9010021022244,19.0692883934171,0 72.9007001693563,19.0685091560171,0 72.90072652612849,19.0684999233691,0 72.90065194267091,19.0683074351927,0 72.9005106617854,19.0679417837765,0 72.9004208396245,19.0677008391288,0 72.90031181046049,19.0673974208738,0 72.9002364188642,19.0671870448277,0 72.9001116230703,19.0668387381142,0 72.9000445290789,19.0666510196443,0 72.9000221665045,19.0665884525681,0 72.8999929317594,19.0665978992733,0 72.8998884207858,19.0662836812991,0 72.8997803287748,19.0658757972285,0 72.89968226197691,19.0655105188098,0 72.8996585616825,19.065439960622,0 72.899631457881,19.0653705190691,0 72.8996010084757,19.0653023424916,0 72.8995672785163,19.0652355765276,0 72.89953034006039,19.0651703638011,0 72.89949027201909,19.0651068436185,0 72.8994471599888,19.0650451516702,0 72.899401096068,19.064985419741,0 72.89935217866061,19.0649277754287,0 72.8993005122655,19.0648723418711,0 72.8992462072541,19.0648192374836,0 72.8991893796335,19.064768575706,0 72.8985651997013,19.0643052419679,0 72.89705505327071,19.0632051814386,0 72.8944940957639,19.0614118357873,0 72.89353723104441,19.0607924742793,0 72.8926223695142,19.0602002990086,0 72.8924152061734,19.0600651751973,0 72.892207389117,19.0599233106686,0 72.89222598541009,19.0599001567103,0 72.89222598541009,19.0599001567103,0 72.8919148945397,19.0596739531382,0 72.89173290986049,19.059533082424,0 72.89111789583571,19.0590511503649,0 72.89084636683739,19.058838216118,0 72.89057488127651,19.0586253046732,0 72.8905548460524,19.0586484034266,0 72.8904580308529,19.0585724762758,0 72.88928475153151,19.0576512354102,0 72.88917442239929,19.0575675224566,0 72.8890643444021,19.0574835111877,0 72.8889545184318,19.0573992022844,0 72.8888449453783,19.0573145964302,0 72.8887356261294,19.057229694311,0 72.8886265615706,19.0571444966152,0 72.8885177525857,19.0570590040332,0 72.8884092000562,19.0569732172581,0 72.88830090486169,19.0568871369855,0 72.8881928678794,19.056800763913,0 72.8880850899846,19.056714098741,0 72.8879775720506,19.0566271421718,0 72.887745112953,19.0564447457267,0 72.88751263716151,19.0562623688712,0 72.8872801446778,19.0560800116069,0 72.88704763550371,19.0558976739351,0 72.8868151096413,19.0557153558572,0 72.88658256709221,19.0555330573746,0 72.8863500078583,19.0553507784888,0 72.8861174319416,19.0551685192011,0 72.8858848393439,19.0549862795129,0 72.8856522300669,19.0548040594258,0 72.8854196041127,19.0546218589411,0 72.8851869614829,19.0544396780602,0 72.885155774271,19.0544152169039,0 72.88512443497871,19.054390932142,0 72.8850929447094,19.0543668246293,0 72.88506130457181,19.0543428952146,0 72.88502951568,19.0543191447404,0 72.88499757915309,19.0542955740426,0 72.8849654961156,19.0542721839513,0 72.88493326769699,19.0542489752898,0 72.884900895032,19.0542259488752,0 72.8848683792604,19.0542031055182,0 72.8848357215271,19.0541804460229,0 72.88480292298161,19.0541579711871,0 72.8844154416003,19.0539021842402,0 72.88442984327931,19.0538802138454,0 72.8843746302161,19.0538460632986,0 72.884319180098,19.0538122618502,0 72.8842634953663,19.0537788109881,0 72.884207578472,19.0537457121848,0 72.884151431877,19.0537129668972,0 72.88409505805291,19.0536805765667,0 72.8840384594816,19.0536485426192,0 72.8839816386546,19.0536168664648,0 72.88392459807319,19.0535855494978,0 72.8838673402486,19.0535545930966,0 72.8838098677014,19.0535239986241,0 72.8837521829616,19.0534937674269,0 72.8836910245399,19.0534618058908,0 72.8836296127912,19.0534302866616,0 72.8835679512533,19.0533992115548,0 72.88350604347789,19.0533685823605,0 72.8834438930313,19.0533384008427,0 72.8833815034937,19.0533086687401,0 72.8833188784588,19.0532793877652,0 72.8832560215341,19.0532505596043,0 72.88319293634039,19.0532221859184,0 72.8831296265117,19.0531942683415,0 72.8830660956949,19.0531668084816,0 72.88300234754951,19.0531398079206,0 72.8825000415454,19.0529353111854,0 72.8824875428689,19.0529627925874,0 72.8821242677308,19.0528140944678,0 72.8816384472327,19.0526149075515,0 72.8815712682093,19.0525863383171,0 72.88150485211,19.0525561992846,0 72.8814392394943,19.0525245088603,0 72.8813744704314,19.0524912863973,0 72.8813105844751,19.0524565521848,0 72.8812476206395,19.0524203274351,0 72.88118561737581,19.0523826342707,0 72.8811246125487,19.0523434957108,0 72.8810646434123,19.0523029356574,0 72.8810057465891,19.0522609788803,0 72.88094795804599,19.0522176510026,0 72.88089131307299,19.0521729784845,0 72.88085660649411,19.0521441187626,0 72.88082274966691,19.0521143603083,0 72.8807897683197,19.0520837257361,0 72.8807576875156,19.0520522383261,0 72.8807265316333,19.0520199220067,0 72.88069632434831,19.0519868013361,0 72.8806670886156,19.0519529014836,0 72.88063884665149,19.0519182482109,0 72.8806116199174,19.0518828678518,0 72.8805854291027,19.0518467872933,0 72.8805602941101,19.0518100339536,0 72.8805362340394,19.0517726357629,0 72.880403907892,19.051560436088,0 72.8803066577192,19.0513880605388,0 72.8801802374303,19.0511632533037,0 72.8800479993831,19.0509425098679,0 72.87988911601239,19.0507069681834,0 72.8797159722324,19.0504808409085,0 72.8796304640496,19.0503787158561,0 72.8794380692232,19.0501596975622,0 72.8791908350964,19.0498826444718,0 72.8789324425146,19.0495930822274,0 72.878905601507,19.0495662462666,0 72.8788792354884,19.0495389878403,0 72.8788533518109,19.0495113145498,0 72.8788279576922,19.0494832341119,0 72.8788030602132,19.0494547543571,0 72.87877866631651,19.0494258832272,0 72.87875478280441,19.0493966287731,0 72.87873141633651,19.0493669991527,0 72.8787085734284,19.0493370026284,0 72.8786862604498,19.0493066475649,0 72.8786644836225,19.0492759424271,0 72.87864324901879,19.049244895777,0 72.87860500667441,19.0491860869981,0 72.8785685716115,19.0491262495991,0 72.8785339743999,19.0490654337884,0 72.87850124406749,19.0490036905959,0 72.8784704080757,19.0489410718291,0 72.87844149229611,19.0488776300305,0 72.878414520989,19.048813418433,0 72.8783895167833,19.0487484909152,0 72.87836650065709,19.0486829019564,0 72.8783454919203,19.0486167065911,0 72.8783265081982,19.0485499603621,0 72.8783095654174,19.0484827192749,0 72.87829366493661,19.048407872079,0 72.878281139899,19.0483324475019,0 72.87827201314759,19.048256583132,0 72.8782663013269,19.0481804173597,0 72.8782640148513,19.048104089125,0 72.8782651578871,19.0480277376642,0 72.87826972834441,19.0479515022555,0 72.8782777178815,19.0478755219655,0 72.8782891119193,19.0477999353953,0 72.8783038896687,19.047724880427,0 72.8783220241682,19.0476504939738,0 72.87834348233299,19.0475769117283,0 72.8784241873979,19.0473242050855,0 72.8784529193187,19.0473333785973,0 72.87879301866499,19.0463701142157,0 72.8791331135532,19.0454068487329,0 72.8791032648158,19.0453973186923,0 72.8794329947189,19.0444633341226,0 72.87945455294739,19.0444103146455,0 72.8794751735264,19.0443569589544,0 72.8794948506618,19.0443032820439,0 72.8795135788248,19.0442492989987,0 72.87953135275301,19.0441950249895,0 72.8795481674525,19.0441404752689,0 72.87956401819871,19.0440856651667,0 72.87957890053811,19.0440306100861,0 72.8795928102893,19.0439753254993,0 72.8796057435441,19.0439198269423,0 72.879617696669,19.0438641300119,0 72.87962866630581,19.0438082503605,0 72.8796884282268,19.0434890099882,0 72.8796992572664,19.043411309581,0 72.8797358295365,19.0430907731839,0 72.8798498490777,19.0419757663045,0 72.8799748892465,19.0407540662516,0 72.88002638142559,19.0403342522075,0 72.8800561366602,19.040137175056,0 72.8800947280764,19.0398910631868,0 72.8801226240741,19.0397132519088,0 72.8801537639756,19.0397176701225,0 72.8803114299877,19.0387126836622,0 72.8804690934662,19.0377076967814,0 72.8804406802726,19.0377036654747,0 72.8804660356932,19.037504928513,0 72.8804819540008,19.0373543749161,0 72.88049425529,19.0372035150503,0 72.8805029331632,19.0370524274961,0 72.88050798310999,19.036901190952,0 72.8805094025098,19.036749884194,0 72.8805071906332,19.0365985860345,0 72.8805013486421,19.0364473752811,0 72.8804918795894,19.0362963306956,0 72.88047878841731,19.0361455309533,0 72.88046208195441,19.0359950546017,0 72.88044176891241,19.0358449800193,0 72.8804178598817,19.0356953853755,0 72.8803906204526,19.0355492294853,0 72.88035934358081,19.0354038064194,0 72.8803240509684,19.0352592170316,0 72.8802847671018,19.0351155615971,0 72.8802415192359,19.0349729397432,0 72.8801943373737,19.0348314503801,0 72.8801432542469,19.0346911916324,0 72.8800883052924,19.0345522607708,0 72.8800295286275,19.034414754145,0 72.8799669650242,19.0342787671168,0 72.8799006578802,19.0341443939936,0 72.8798306531892,19.0340117279635,0 72.87975152614131,19.033866573851,0 72.8794465133215,19.0333300742775,0 72.8791426983221,19.0327950319666,0 72.8791252131392,19.0327618617428,0 72.87910802080261,19.0327285533585,0 72.8790911225187,19.0326951091519,0 72.8790745194737,19.0326615314709,0 72.879058212833,19.0326278226728,0 72.87904220374099,19.0325939851238,0 72.8790264933216,19.0325600211994,0 72.8790110826773,19.0325259332839,0 72.8789959728899,19.0324917237704,0 72.8789811650198,19.0324573950604,0 72.8789666601064,19.0324229495637,0 72.87895245916781,19.0323883896986,0 72.8789429447432,19.0323643933383,0 72.87893382292791,19.0323402594833,0 72.8789250959172,19.032315993943,0 72.87891676581189,19.0322916025585,0 72.8789088346167,19.0322670912013,0 72.8789013042408,19.0322424657715,0 72.8788941764965,19.0322177321969,0 72.87888745309969,19.0321928964312,0 72.87888113566829,19.0321679644527,0 72.87887522572289,19.0321429422629,0 72.878869724686,19.032117835885,0 72.87886463388151,19.0320926513625,0 72.87872352581201,19.0313641392909,0 72.8786497153197,19.0309697051214,0 72.8786809388391,19.0309638720584,0 72.8783081930586,19.0289628101603,0 72.8782771932339,19.0289680330652,0 72.87799763840781,19.0274672364309,0 72.8777135978501,19.025942337948,0 72.8772418291499,19.0260218225061,0 72.87780541594179,19.0290475182358,0 72.877774416093,19.0290527410533,0 72.8779607849626,19.0300532722682,0 72.87814715544501,19.0310538034098,0 72.8781770340359,19.0310487695356,0 72.8781887609849,19.0311292262139,0 72.8782010928709,19.0312096010452,0 72.8782140290638,19.0312898899157,0 72.8782275689022,19.0313700887159,0 72.8782417116941,19.0314501933413,0 72.8782564567165,19.0315301996917,0 72.8782718032156,19.0316101036723,0 72.8782877504068,19.0316899011933,0 72.8783042974748,19.0317695881706,0 72.8783214435735,19.0318491605256,0 72.8783391878262,19.0319286141853,0 72.8783575293255,19.0320079450834,0 72.8783681432264,19.0320523615133,0 72.8783789830093,19.0320967285765,0 72.8783900484205,19.0321410452342,0 72.87840133920101,19.0321853104486,0 72.87841285508669,19.0322295231831,0 72.8784245958081,19.0322736824023,0 72.8784365610905,19.0323177870722,0 72.8784487506536,19.0323618361599,0 72.8784611642126,19.0324058286339,0 72.8784738014766,19.032449763464,0 72.8784866621501,19.0324936396215,0 72.87849974593181,19.0325374560787,0 72.8785102719029,19.0325710537399,0 72.8785215346313,19.0326044346286,0 72.87853352918781,19.0326375841342,0 72.8785462503229,19.0326704877472,0 72.8785596924689,19.0327031310656,0 72.87857384974281,19.0327354998017,0 72.8785887159484,19.0327675797876,0 72.8786042845791,19.032799356982,0 72.878620548821,19.032830817476,0 72.8786375015557,19.0328619474995,0 72.8786551353634,19.0328927334267,0 72.87867344252621,19.0329231617827,0 72.87873815184911,19.0330289182426,0 72.8788021554974,19.0331350624131,0 72.8788654509011,19.0332415900351,0 72.87892803551929,19.0333484968343,0 72.8789899068392,19.033455778521,0 72.8790510623768,19.0335634307906,0 72.8791114996767,19.0336714493233,0 72.8791712163123,19.0337798297851,0 72.8792302098861,19.033888567827,0 72.8792884780293,19.033997659086,0 72.8793460184024,19.0341070991846,0 72.87940282869511,19.0342168837315,0 72.87946463438431,19.0343407702887,0 72.8795235178786,19.0344659376079,0 72.8795794498473,19.0345923233568,0 72.87963240242971,19.0347198645958,0 72.8796823492486,19.0348484978104,0 72.87972926542329,19.0349781589416,0 72.8797731275823,19.0351087834183,0 72.879813913875,19.03524030619,0 72.8798516039821,19.0353726617581,0 72.8798861791265,19.0355057842095,0 72.87991762208181,19.0356396072489,0 72.8799459171818,19.0357740642319,0 72.87997077911351,19.0359091960974,0 72.87999189677291,19.0360449028626,0 72.8800092555519,19.0361810907124,0 72.8800228434409,19.036317665499,0 72.8800326510371,19.0364545328071,0 72.88003867155101,19.0365915980186,0 72.8800409008113,19.0367287663784,0 72.88003933726731,19.0368659430602,0 72.88003398199071,19.0370030332312,0 72.8800248386744,19.0371399421185,0 72.88001191363,19.0372765750744,0 72.87999521578389,19.0374128376414,0 72.8799735927264,19.0375711598877,0 72.8799636692536,19.0376359857624,0 72.87993291118271,19.0376316216742,0 72.87977524464431,19.0386366077985,0 72.87961756999719,19.039641629036,0 72.8796407227164,19.0396449140723,0 72.8794750799683,19.0408306579459,0 72.8792604905051,19.043031286866,0 72.8792587158861,19.0430545986008,0 72.8792567984629,19.0430779001066,0 72.8792547383007,19.0431011905925,0 72.87925253546911,19.0431244692675,0 72.87925019004319,19.0431477353414,0 72.87924770210211,19.0431709880244,0 72.87924507173069,19.0431942265269,0 72.8792422990179,19.0432174500599,0 72.879239384058,19.043240657835,0 72.8792363269497,19.0432638490643,0 72.87923312779689,19.0432870229606,0 72.879229786708,19.0433101787367,0 72.87922473684461,19.0433439471204,0 72.87921954570869,19.0433776961258,0 72.8792142133822,19.0434114252186,0 72.8792087399498,19.0434451338643,0 72.879203125498,19.0434788215294,0 72.87919737011561,19.0435124876802,0 72.8791914738937,19.0435461317836,0 72.8791854369255,19.0435797533067,0 72.8791792593066,19.0436133517172,0 72.8791729411347,19.0436469264829,0 72.8791664825099,19.043680477072,0 72.8791598835342,19.0437140029533,0 72.8791543936233,19.0437408297552,0 72.87914861195139,19.0437676010702,0 72.8791425391377,19.0437943140291,0 72.8791361758333,19.0438209657685,0 72.87912952271989,19.043847553432,0 72.8791225805106,19.0438740741696,0 72.8791153499493,19.0439005251387,0 72.8791078318109,19.0439269035043,0 72.879100026901,19.043953206439,0 72.8790919360562,19.0439794311235,0 72.8790835601435,19.0440055747471,0 72.8790749000605,19.0440316345073,0 72.87895834917001,19.0443761394538,0 72.87864901466649,19.0452522859768,0 72.8786191664996,19.0452427560253,0 72.8782729689606,19.0462040726304,0 72.8779389673972,19.0471692835121,0 72.8779690504938,19.0471788885204,0 72.8779648043616,19.0471907738048,0 72.8779606021302,19.0472026731904,0 72.8779564438511,19.0472145865307,0 72.87795232957591,19.0472265136786,0 72.87794825935509,19.0472384544875,0 72.87794423323891,19.0472504088099,0 72.8779402512769,19.0472623764986,0 72.87793631351821,19.0472743574062,0 72.87793242001141,19.0472863513851,0 72.8779285708043,19.0472983582873,0 72.8779247659446,19.047310377965,0 72.8779210054791,19.04732241027,0 72.8779154808598,19.0473403567608,0 72.8779100310271,19.0473583239176,0 72.87790465606641,19.0473763114585,0 72.8778993560621,19.0473943191015,0 72.87789413109719,19.0474123465639,0 72.877888981254,19.0474303935631,0 72.87788390661299,19.0474484598161,0 72.877878907254,19.0474665450393,0 72.8778739832553,19.0474846489493,0 72.87786913469439,19.0475027712618,0 72.8778643616471,19.0475209116928,0 72.87785966418841,19.0475390699577,0 72.87783973130691,19.0476234830104,0 72.8778230684371,19.0477085346306,0 72.8778096980182,19.0477941103084,0 72.8777996380566,19.0478800948277,0 72.8777929021017,19.0479663724225,0 72.8777894992278,19.0480528269313,0 72.87778943402149,19.0481393419547,0 72.8777927065757,19.0482258010117,0 72.8777993124896,19.0483120876961,0 72.87780924287441,19.0483980858339,0 72.8778224843652,19.0484836796394,0 72.8778390191392,19.0485687538708,0 72.87785794707691,19.0486503971071,0 72.87787959261679,19.0487314274149,0 72.87790393391769,19.0488117630166,0 72.87793094641781,19.0488913228356,0 72.8779606028594,19.0489700265783,0 72.8779928733163,19.0490477948144,0 72.878027725224,19.0491245490583,0 72.8780651234126,19.0492002118472,0 72.87810503014219,19.0492747068198,0 72.87814740514131,19.0493479587933,0 72.878192205647,19.0494198938393,0 72.8782393864483,19.0494904393583,0 72.8782448649894,19.0494983042276,0 72.87825038815529,19.0495061408227,0 72.8782559557846,19.0495139489148,0 72.8782615677145,19.0495217282757,0 72.87826722378129,19.0495294786781,0 72.87827292381959,19.0495371998957,0 72.878278667663,19.0495448917028,0 72.8782844551435,19.0495525538747,0 72.8782902860922,19.0495601861874,0 72.87829616033871,19.0495677884183,0 72.8783020777112,19.0495753603449,0 72.87830803803711,19.0495829017462,0 72.8783255696037,19.0496048525331,0 72.87834320898161,19.0496267250802,0 72.8783609557846,19.0496485189088,0 72.87837880962449,19.0496702335417,0 72.8783967701103,19.0496918685037,0 72.8784148368491,19.0497134233212,0 72.8784330094452,19.0497348975221,0 72.87845128750099,19.0497562906366,0 72.8784696706163,19.0497776021962,0 72.87848815838891,19.0497988317345,0 72.87850675041401,19.0498199787867,0 72.8785254462846,19.0498410428899,0 72.8788254481919,19.0501774457977,0 72.87910953595051,19.0504958209939,0 72.87919968485301,19.0505979263941,0 72.87928723414311,19.050699635381,0 72.8793378258526,19.0507607317382,0 72.8794939223308,19.0509647066498,0 72.8796369373447,19.0511767350979,0 72.87991530976289,19.0516590634088,0 72.880084969941,19.0519461327771,0 72.8801204181179,19.0519961963698,0 72.8801567318131,19.0520456958733,0 72.8801939011021,19.0520946177583,0 72.880231915827,19.0521429486539,0 72.8802707655987,19.0521906753506,0 72.8803104397994,19.0522377848039,0 72.88035092758661,19.052284264138,0 72.88039221789511,19.0523301006493,0 72.8804342994401,19.0523752818102,0 72.8804771607209,19.0524197952716,0 72.8805207900236,19.0524636288674,0 72.8805651754241,19.0525067706172,0 72.8806067207836,19.0525453757714,0 72.88064940397349,19.0525828417455,0 72.88069319046259,19.0526191382285,0 72.8807380448274,19.0526542358554,0 72.8807839307802,19.0526881062313,0 72.88083081119861,19.0527207219538,0 72.8808786481556,19.052752056636,0 72.8809274029506,19.052782084927,0 72.8809770361399,19.0528107825329,0 72.8810275075693,19.0528381262366,0 72.8810787764063,19.0528640939158,0 72.8811308011733,19.0528886645619,0 72.8814452303412,19.0530319006682,0 72.881934747035,19.0532326107145,0 72.8822980781103,19.0533813319047,0 72.8822856487607,19.0534087531217,0 72.882822873942,19.0536316781411,0 72.8828801399863,19.0536559045722,0 72.88293721351219,19.0536805383942,0 72.8829940913144,19.0537055782238,0 72.88305077019891,19.0537310226549,0 72.8831072469828,19.0537568702587,0 72.8831635184944,19.0537831195838,0 72.8832195815738,19.0538097691562,0 72.8832754330725,19.0538368174794,0 72.88333106985419,19.0538642630344,0 72.8833864887941,19.0538921042802,0 72.8834416867804,19.0539203396534,0 72.88349666071311,19.0539489675684,0 72.8835515632731,19.0539777212892,0 72.88360626473749,19.0540068195255,0 72.88366076271549,19.0540362610055,0 72.883715054825,19.0540660444425,0 72.8837691386934,19.0540961685349,0 72.8838230119564,19.0541266319662,0 72.8838766722597,19.054157433405,0 72.88393011725771,19.0541885715051,0 72.88398334461471,19.0542200449057,0 72.8840363520042,19.0542518522313,0 72.8840891371093,19.0542839920918,0 72.88414169762289,19.0543164630826,0 72.88415664425421,19.0542938341274,0 72.88418783152871,19.0543127932597,0 72.88421891272741,19.0543319092591,0 72.8842498869774,19.0543511815889,0 72.8842807534094,19.0543706097081,0 72.8843115111567,19.0543901930713,0 72.8843421593556,19.0544099311288,0 72.88437269714591,19.0544298233264,0 72.8844031236701,19.0544498691057,0 72.8844334380741,19.0544700679039,0 72.88446363950651,19.0544904191539,0 72.8844937271198,19.0545109222845,0 72.8845237000691,19.0545315767201,0 72.8845577916503,19.05455504262,0 72.8845917560523,19.0545786746961,0 72.88462559237919,19.0546024723252,0 72.8846592997387,19.0546264348797,0 72.8846928772417,19.0546505617276,0 72.8847263240024,19.0546748522326,0 72.88475963913891,19.0546993057541,0 72.8847928217721,19.054723921647,0 72.8848258710271,19.0547486992623,0 72.8848587860321,19.0547736379464,0 72.88489156591881,19.0547987370416,0 72.8849242098227,19.054823995886,0 72.88506432711949,19.0549329840598,0 72.8876725580497,19.0569785900508,0 72.8902499353029,19.0589999360655,0 72.8902298999849,19.0590230347763,0 72.890772969354,19.0594489362576,0 72.89105628252951,19.0596711204896,0 72.8913521919599,19.059903158532,0 72.89157679979761,19.0600770107602,0 72.8917408326181,19.0601987040208,0 72.8918933510748,19.0603143132369,0 72.8919142148206,19.0602883362789,0 72.89226029016081,19.0605170799762,0 72.8932675613781,19.0611691516104,0 72.89420284393231,19.0617745409345,0 72.89492406663921,19.0622666379731,0 72.8967576039522,19.0635805417835,0 72.898591730178,19.0648948306202,0 72.8986184435426,19.0649129861997,0 72.8986449326176,19.0649314364999,0 72.89867119380651,19.0649501790163,0 72.8986972235441,19.0649692112041,0 72.89872301829639,19.0649885304797,0 72.8987485745611,19.06500813422,0 72.8987738888687,19.0650280197637,0 72.89879895778221,19.0650481844109,0 72.8988237778982,19.065068625424,0 72.8988483458468,19.065089340028,0 72.89887265829231,19.0651103254106,0 72.8988967119341,19.0651315787225,0 72.8989160310051,19.0651492566012,0 72.8989349119323,19.0651673574123,0 72.89895334447731,19.0651858713409,0 72.8989713186448,19.0652047883473,0 72.8989888246882,19.0652240981741,0 72.8990058531145,19.0652437903504,0 72.89902239468989,19.0652638541979,0 72.8990384404443,19.0652842788372,0 72.899053981677,19.0653050531927,0 72.89906900996,19.0653261659997,0 72.8990835171445,19.0653476058095,0 72.89909749536331,19.0653693609964,0 72.8991038944588,19.0653797021832,0 72.8991101855739,19.0653901030976,0 72.8991163680919,19.0654005627203,0 72.8991224414067,19.0654110800261,0 72.8991284049233,19.0654216539844,0 72.8991342580571,19.0654322835589,0 72.8991400002344,19.0654429677076,0 72.89914563089251,19.0654537053837,0 72.89915114947959,19.0654644955348,0 72.8991565554547,19.0654753371033,0 72.899161848288,19.0654862290266,0 72.89916702746081,19.0654971702375,0 72.89917259386731,19.0655092638625,0 72.8991780214099,19.0655214144186,0 72.8991833094446,19.065533620464,0 72.8991884573439,19.0655458805507,0 72.8991934644971,19.0655581932243,0 72.8991983303103,19.0655705570239,0 72.899203054206,19.0655829704828,0 72.8992076356237,19.0655954321282,0 72.89921207402,19.0656079404817,0 72.899216368868,19.0656204940593,0 72.8992205196586,19.0656330913718,0 72.8992245258989,19.0656457309244,0 72.8992366283143,19.0656853297619,0 72.89924091421,19.0656997005804,0 72.8992451387779,19.0657140878073,0 72.8992493019483,19.065728491206,0 72.89925340365291,19.0657429105394,0 72.8992574438244,19.0657573455706,0 72.8992614223959,19.065771796062,0 72.8992653393023,19.0657862617762,0 72.8992691944789,19.065800742475,0 72.8992729878626,19.0658152379204,0 72.8992767193907,19.0658297478739,0 72.899280389002,19.0658442720971,0 72.899283996636,19.0658588103509,0 72.8993137000701,19.065979606285,0 72.8993355301495,19.0660683832979,0 72.89935812356291,19.0661579370418,0 72.89938797283,19.0662705022919,0 72.8994276341833,19.0664089417391,0 72.8994634667565,19.0665240202294,0 72.899477344772,19.0665660385111,0 72.8995062625894,19.0666518377482,0 72.8995390143139,19.0667447035761,0 72.89950878515759,19.0667543420639,0 72.8995998652816,19.0670091615107,0 72.8997848061867,19.0675253386046,0 72.8999008049191,19.067846819092,0 72.9000345954186,19.0682053776041,0 72.900217731865,19.0686781477364,0 72.9002504738077,19.0686666813971,0 72.9005524047013,19.0694459193478,0 72.9008543400455,19.0702251620666,0 72.90086364137071,19.0702491507916,0 72.9008729529738,19.0702731660177,0 72.9008896745362,19.0703159872384,0 72.9009235481406,19.0704018699193,0 72.9009406254802,19.0704447443568,0 72.9009446296465,19.0704553008766,0 72.90094869376409,19.0704658366646,0 72.9009528177141,19.0704763514129,0 72.9009570013762,19.0704868448144,0 72.90096124462811,19.0704973165625,0 72.900965547346,19.0705077663515,0 72.9009699094039,19.0705181938759,0 72.9009743306748,19.0705285988309,0 72.90097881102921,19.070538980913,0 72.9009833503363,19.0705493398185,0 72.90098794846369,19.070559675245,0 72.9009926052768,19.0705699868905,0 72.9011031831737,19.0708120737734,0 72.9011125881711,19.0708323730255,0 72.90112215479491,19.0708526038835,0 72.90113188249499,19.0708727651843,0 72.9011417707122,19.0708928557682,0 72.90115181887781,19.0709128744802,0 72.901162026414,19.0709328201688,0 72.9011723927341,19.0709526916873,0 72.9011829172419,19.0709724878928,0 72.9011935993322,19.0709922076472,0 72.90120443839091,19.0710118498162,0 72.9012154337948,19.0710314132705,0 72.9012265849115,19.0710508968851,0 72.9014125627118,19.0713729287654,0 72.90165370192619,19.0717820599995,0 72.90162682186281,19.071794203385,0 72.9017136952301,19.0719573645286,0 72.9020458742249,19.0726009902551,0 72.90221973950079,19.0729406002723,0 72.90239358736849,19.0732801751864,0 72.9025674358895,19.0736197499926,0 72.902597424524,19.0736058708917,0 72.90262501155399,19.0736597559331,0 72.9026394283532,19.0736876883877,0 72.90265439845609,19.0737153564776,0 72.902669916503,19.0737427502955,0 72.90268597693751,19.0737698600331,0 72.9027025740094,19.0737966759834,0 72.90271970177631,19.0738231885446,0 72.9027373541054,19.0738493882238,0 72.90275552467681,19.0738752656396,0 72.9027742069843,19.0739008115265,0 72.9027933943388,19.0739260167374,0 72.9028130798702,19.0739508722474,0 72.9028332565303,19.0739753691567,0 72.90285776929301,19.0740037665521,0 72.9028830755632,19.0740315275996,0 72.9029091570755,19.0740586322611,0 72.9029359950046,19.0740850609724,0 72.90296356997931,19.0741107946572,0 72.9029918620962,19.0741358147409,0 72.9030208509344,19.074160103164,0 72.90305051557,19.0741836423949,0 72.90308083459141,19.074206415443,0 72.90311178611439,19.0742284058705,0 72.9031433477986,19.0742495978046,0 72.9031754968627,19.0742699759491,0 72.9032296556972,19.0743017372979,0 72.9032852247056,19.0743312144929,0 72.903342097391,19.0743583510409,0 72.9034001647579,19.0743830949348,0 72.90345931552091,19.0744053987526,0 72.90351943631811,19.0744252197488,0 72.9035804119286,19.0744425199364,0 72.90364212549279,19.0744572661592,0 72.9037044587368,19.0744694301558,0 72.90376729219921,19.0744789886137,0 72.9038305054594,19.0744859232137,0 72.90389397736941,19.0744902206653,0 72.9041659238567,19.0745029521314,0 72.9047718086935,19.0745205872203,0 72.9054251143187,19.0745396102622,0 72.90546323028561,19.0745403726553,0 72.9055013397858,19.0745413860298,0 72.90553944099091,19.074542650337,0 72.90557753207349,19.0745441655165,0 72.9056156112062,19.0745459314953,0 72.90565367656249,19.0745479481889,0 72.90569172631631,19.0745502155006,0 72.90572975864259,19.0745527333216,0 72.9057677717169,19.0745555015312,0 72.90580576371571,19.0745585199965,0 72.90584373281661,19.0745617885728,0 72.9058816771983,19.0745653071034,0 72.9059706235508,19.0745758634144,0 72.9060592098475,19.0745888719463,0 72.9061473613185,19.0746043217199,0 72.9062350035604,19.0746221996953,0 72.9063220626,19.0746424907832,0 72.9064084649557,19.0746651778576,0 72.90649413770061,19.0746902417701,0 72.9065790085232,19.0747176613661,0 72.9066630057889,19.0747474135029,0 72.90674605860001,19.0747794730687,0 72.9068280968562,19.0748138130043,0 72.90690905131299,19.074850404326,0 72.9069888544023,19.0748892165329,0 72.9070674379811,19.0749302165248,0 72.9071447357193,19.0749733696955,0 72.9072206823717,19.0750186396215,0 72.90729521383381,19.0750659880924,0 72.9073682671949,19.0751153751438,0 72.9074397807922,19.0751667590899,0 72.907509694262,19.07522009656,0 72.9075779485912,19.0752753425339,0 72.9076444861671,19.0753324503808,0 72.90770925082551,19.0753913718981,0 72.9077721878988,19.0754520573524,0 72.90788425613211,19.0755651378164,0 72.9080534266395,19.0757598202167,0 72.9088720467667,19.0767125552927,0 72.9089344516064,19.0767851900571,0 72.9090387777302,19.0769083472702,0 72.9092763759364,19.0772032894937,0 72.9097016063218,19.0778984417779,0 72.91002197731321,19.0787384334687,0 72.9104775804406,19.0796174143949,0 72.9109249145793,19.0805436497231,0 72.91115598761461,19.0808152778597,0 72.9112553703351,19.0809294126553,0 72.91132583745331,19.0810083229513,0 72.9117956436524,19.0815235767298,0 72.9117703989221,19.0815452845277,0 72.912594275407,19.0824603341512,0 72.9131554409193,19.0830904111459,0 72.9131794757427,19.0830710628528,0 72.9133403018111,19.0832516438177,0 72.9136249161925,19.083570748456,0 72.9141839326019,19.0841653610073,0 72.9144973905256,19.084461917485,0 72.9148099184761,19.0847593604407,0 72.9151215136763,19.0850576872368,0 72.9154321733571,19.0853568952277,0 72.9157418947576,19.08565698176,0 72.91605067512531,19.0859579441727,0 72.9163585117158,19.0862597797967,0 72.9166654017933,19.0865624859552,0 72.91697134263011,19.0868660599639,0 72.9172763315072,19.0871704991305,0 72.9175803657136,19.0874758007552,0 72.9178834425469,19.0877819621304,0 72.9179167375862,19.0878136189065,0 72.9179487895204,19.0878464148498,0 72.9179795552563,19.0878803058683,0 72.91800899343041,19.0879152463972,0 72.9180370644637,19.0879511894608,0 72.9180637306151,19.0879880867357,0 72.91808895603251,19.0880258886153,0 72.9181127068004,19.0880645442771,0 72.9181349509859,19.0881040017503,0 72.9181556586818,19.0881442079863,0 72.9181748020463,19.0881851089299,0 72.91819235534091,19.0882266495913,0 72.9181986573636,19.0882451125642,0 72.91820453521019,19.0882637015656,0 72.91820998609541,19.0882824077888,0 72.9182150074366,19.0883012223709,0 72.9182195968548,19.0883201363984,0 72.91822375217551,19.0883391409101,0 72.9182274714298,19.0883582269023,0 72.91823075285539,19.0883773853326,0 72.9182335948977,19.088396607124,0 72.9182359962098,19.08841588317,0 72.91823795565421,19.0884352043379,0 72.91823947230201,19.0884545614739,0 72.9182405381293,19.0884750961406,0 72.91824132492,19.0884956421808,0 72.9182418325429,19.0885161961676,0 72.9182420609133,19.0885367546729,0 72.9182420099929,19.0885573142675,0 72.91824167979,19.0885778715223,0 72.9182410703598,19.0885984230083,0 72.9182401818036,19.0886189652979,0 72.9182390142698,19.0886394949648,0 72.9182375679528,19.0886600085845,0 72.9182358430937,19.0886805027356,0 72.9182338399803,19.0887009739999,0 72.918204134636,19.0886979096377,0 72.9180888350225,19.0897081068925,0 72.9179735333728,19.090718303839,0 72.9180048444732,19.0907215338849,0 72.9179444623793,19.0912505555554,0 72.9178337816641,19.0921635855956,0 72.9178195539087,19.0922330693315,0 72.9178043380432,19.0923023635955,0 72.9177881368549,19.0923714556883,0 72.9177709533115,19.0924403329478,0 72.9177527905612,19.0925089827512,0 72.9177336519313,19.0925773925174,0 72.91771354092811,19.0926455497095,0 72.917692461236,19.0927134418363,0 72.9176704167172,19.0927810564559,0 72.9176474114105,19.0928483811766,0 72.91762344953079,19.0929154036601,0 72.9175985354685,19.0929821116235,0 72.91757260794959,19.0930476897877,0 72.9175450888481,19.0931126791386,0 72.9175159929429,19.0931770447708,0 72.9174853358594,19.0932407521136,0 72.9174531340618,19.0933037669498,0 72.917419404844,19.0933660554344,0 72.9173841663203,19.0934275841122,0 72.9173474374158,19.0934883199363,0 72.9173092378561,19.0935482302855,0 72.9172695881568,19.0936072829819,0 72.9172285096123,19.0936654463083,0 72.9171860242846,19.093722689025,0 72.916994308982,19.093974744732,0 72.91696922577761,19.0939568333369,0 72.91632009136821,19.0947641711918,0 72.915681270565,19.0955788229304,0 72.9157076486016,19.0955971272688,0 72.9156169773145,19.0957239538277,0 72.9155525514651,19.0958242042008,0 72.9154973451499,19.0959293086167,0 72.91545175991661,19.0960385026218,0 72.91541612733771,19.0961509920169,0 72.9153907065994,19.0962659586325,0 72.9153756826158,19.0963825662806,0 72.9153711646827,19.0964999668353,0 72.9153771856828,19.0966173064024,0 72.9153937018455,19.0967337315289,0 72.9154205930648,19.0968483954116,0 72.915457663772,19.0969604640554,0 72.9155046443578,19.0970691223397,0 72.9155112109969,19.0970824431846,0 72.9155179342682,19.0970956932288,0 72.9155248133271,19.0971088708075,0 72.91553184730969,19.0971219742657,0 72.9155390353323,19.0971350019574,0 72.9155463764923,19.097147952246,0 72.9155538698673,19.0971608235049,0 72.915561514516,19.0971736141172,0 72.9155693094786,19.0971863224763,0 72.9155772537754,19.0971989469857,0 72.915585346409,19.0972114860597,0 72.9155935863628,19.0972239381232,0 72.9156075003135,19.0972445325775,0 72.91562157830229,19.0972650260365,0 72.9156358195181,19.0972854173196,0 72.9156502231405,19.0973057052518,0 72.9156647883396,19.0973258886641,0 72.91567951427611,19.0973459663937,0 72.9156944001019,19.0973659372837,0 72.91570944495911,19.0973858001835,0 72.91572464798109,19.0974055539486,0 72.91574000829201,19.0974251974408,0 72.9157555250067,19.0974447295284,0 72.91577119723129,19.0974641490859,0 72.9162370358557,19.0980368565,0 72.9169120195925,19.0988179137163,0 72.9179920337856,19.1001412059237,0 72.91901887495079,19.1015155225067,0 72.92002557038219,19.102839115748,0 72.9200027820651,19.1028549460985,0 72.9202097367568,19.1031241672386,0 72.9207880986701,19.103934895956,0 72.92118857255061,19.1045260074361,0 72.9212167654632,19.1045087474191,0 72.9212387446707,19.1045430806808,0 72.92126118675751,19.104577142277,0 72.9212840880088,19.1046109265689,0 72.9213074446332,19.1046444279634,0 72.9213312527647,19.1046776409145,0 72.9213555084617,19.1047105599235,0 72.9213802077094,19.1047431795408,0 72.92140534641889,19.1047754943663,0 72.92143092042871,19.1048074990501,0 72.9214569255053,19.1048391882937,0 72.9214833573438,19.1048705568511,0 72.9215102115687,19.1049015995291,0 72.9215978532669,19.1050025963332,0 72.9216841266586,19.105104652228,0 72.9217690175805,19.1052077504621,0 72.9218525120956,19.1053118741132,0 72.9219345964961,19.1054170060904,0 72.922015257306,19.1055231291373,0 72.9220944812821,19.1056302258347,0 72.92217225541791,19.1057382786039,0 72.92224856694411,19.1058472697087,0 72.9223234033317,19.1059571812594,0 72.92239675229381,19.1060679952147,0 72.9224686017874,19.1061796933853,0 72.92250714365891,19.1062401412121,0 72.9225460021615,19.106300405589,0 72.92258517632909,19.1063604850174,0 72.9226246651879,19.1064203780032,0 72.92266446775641,19.106480083057,0 72.9227045830449,19.1065395986942,0 72.9227450100565,19.1065989234346,0 72.9227857477859,19.106658055803,0 72.9228267952206,19.1067169943289,0 72.9228681513402,19.1067757375467,0 72.9229098151167,19.1068342839954,0 72.9229517855141,19.1068926322193,0 72.922998428725,19.1069574861376,0 72.9230447218531,19.1070225663382,0 72.9230906636832,19.1070878711136,0 72.9231362530094,19.10715339875,0 72.9231814886348,19.1072191475278,0 72.9232263693722,19.107285115722,0 72.9232708940432,19.1073513016015,0 72.9233150614791,19.1074177034294,0 72.9233588705205,19.1074843194634,0 72.9234023200173,19.1075511479554,0 72.9234454088289,19.1076181871519,0 72.9234881358241,19.1076854352936,0 72.9238424479621,19.1082367976938,0 72.9238107994161,19.1082543866285,0 72.924343727151,19.1091292776909,0 72.9248819277266,19.110012815088,0 72.9249089192426,19.1099979583347,0 72.92492261246071,19.1100205503453,0 72.9249362188158,19.1100431897293,0 72.9249497381264,19.1100658761854,0 72.92496317021229,19.1100886094108,0 72.9249765148944,19.1101113891026,0 72.9249897719949,19.1101342149571,0 72.9250029413369,19.1101570866701,0 72.9250160227447,19.1101800039366,0 72.92502901604411,19.1102029664513,0 72.92504192106181,19.110225973908,0 72.9250547376258,19.1102490259999,0 72.92506746556499,19.1102721224199,0 72.9250856462365,19.11030620306,0 72.92510352184139,19.1103404292095,0 72.9251210910907,19.1103747984011,0 72.9251383527175,19.1104093081568,0 72.92515530547721,19.110443955989,0 72.92517194814749,19.1104787393995,0 72.9251882795283,19.1105136558808,0 72.925204298442,19.1105487029158,0 72.9252200037336,19.1105838779775,0 72.9252353942706,19.1106191785303,0 72.9252504689432,19.1106546020291,0 72.92526522666449,19.1106901459202,0 72.9253218684369,19.1108174647231,0 72.9253765873226,19.1109455411517,0 72.92542937210629,19.1110743489655,0 72.92548021196841,19.1112038617742,0 72.92552909648811,19.1113340530426,0 72.92557601564501,19.111464896097,0 72.9256209598213,19.1115963641297,0 72.9256639198038,19.1117284302049,0 72.9257048867858,19.1118610672643,0 72.9257438523687,19.1119942481327,0 72.9257808085643,19.1121279455231,0 72.9258157477956,19.1122621320429,0 72.92583083377269,19.1123762103055,0 72.92584506410211,19.1124903878679,0 72.92585843805939,19.112604658931,0 72.9258709549634,19.1127190176912,0 72.9258826141765,19.11283345834,0 72.92589341510499,19.1129479750652,0 72.92590335719839,19.1130625620505,0 72.9259124399499,19.113177213476,0 72.9259206628966,19.1132919235185,0 72.9259280256188,19.113406686352,0 72.92593452774091,19.1135214961475,0 72.92594016893079,19.1136363470739,0 72.9259461198762,19.113778418074,0 72.92595108525281,19.1139205232809,0 72.9259550648424,19.1140626565169,0 72.92595805846921,19.1142048116029,0 72.9259600660008,19.1143469823593,0 72.9259610873472,19.1144891626053,0 72.9259611224614,19.1146313461599,0 72.9259601713396,19.1147735268419,0 72.9259582340204,19.1149156984702,0 72.92595531058571,19.1150578548643,0 72.92595140115979,19.115199989844,0 72.9259465059103,19.1153420972301,0 72.92594361839601,19.1154177624414,0 72.9259406943338,19.115493426384,0 72.9259377337242,19.1155690890418,0 72.9259347365679,19.1156447503989,0 72.9259317028652,19.1157204104392,0 72.9259286326171,19.1157960691469,0 72.9259255258238,19.115871726506,0 72.92592238248611,19.1159473825005,0 72.9259192026047,19.1160230371146,0 72.9259159861801,19.1160986903322,0 72.9259127332129,19.1161743421375,0 72.9259094437038,19.1162499925144,0 72.9258979278392,19.1167386998322,0 72.9258568256566,19.1167368749718,0 72.92582667654339,19.1173503241196,0 72.9257704839207,19.1180774876645,0 72.925737195202,19.118484982839,0 72.92571448966071,19.1187516367267,0 72.9257433327102,19.1187540123854,0 72.9257163904407,19.1189857801942,0 72.92567816088641,19.1192429045816,0 72.9255246351258,19.1201065254002,0 72.92539611672321,19.1208234993317,0 72.9253333535906,19.1212029525722,0 72.92523460843719,19.1218582175608,0 72.9251961270646,19.1221263482881,0 72.92515411637,19.122497098169,0 72.92506348139941,19.1236156169557,0 72.9250244970723,19.1253369747156,0 72.92502928060961,19.1257513430091,0 72.9249977562566,19.1257495362643,0 72.9250042001834,19.1262392080741,0 72.9250106424615,19.126728763131,0 72.925012019953,19.127169475101,0 72.9249934919266,19.1277684027986,0 72.9250267162233,19.1277695262485,0 72.925026753569,19.127804514582,0 72.92502704606621,19.1278395018288,0 72.9250275937009,19.1278744863081,0 72.92502839644681,19.127909466339,0 72.9250294542659,19.127944440241,0 72.9250307671072,19.1279794063338,0 72.925032334908,19.1280143629376,0 72.925034157593,19.1280493083727,0 72.9250362350748,19.1280842409604,0 72.92503856725379,19.1281191590223,0 72.9250411540182,19.1281540608809,0 72.9250439952437,19.1281889448592,0 72.9250478007403,19.1282274639507,0 72.92505282834171,19.1282658562452,0 72.92505907346281,19.1283040867226,0 72.92506653040771,19.1283421205105,0 72.9250751923755,19.1283799229155,0 72.9250850514656,19.1284174594555,0 72.9250960986858,19.1284546958909,0 72.9251083239601,19.1284915982557,0 72.9251217161375,19.1285281328888,0 72.9251362630031,19.1285642664641,0 72.9251519512883,19.1285999660218,0 72.9251687666835,19.1286351989978,0 72.9253586159728,19.129017531156,0 72.9260849286277,19.1303657322406,0 72.92681106286091,19.1317135798588,0 72.9267830222831,19.1317272265069,0 72.927269541478,19.1326302894356,0 72.92775606559169,19.1335333514908,0 72.9277815476443,19.1335209500129,0 72.9279565107724,19.133839710659,0 72.928601442255,19.1350965385171,0 72.92943257283591,19.1367146549187,0 72.9300979939914,19.1380154799116,0 72.9300755493727,19.1380258541905,0 72.93043377470011,19.1387216985074,0 72.9306222699803,19.1391239388216,0 72.93067603649151,19.1392474969159,0 72.9309402274922,19.1398635885566,0 72.93096575039959,19.1398537043739,0 72.9311138157812,19.1401990532565,0 72.93126188075151,19.1405443998131,0 72.93127907676021,19.1405842226786,0 72.9312964902381,19.1406239600967,0 72.9313141207152,19.1406636109947,0 72.93133196771601,19.1407031743023,0 72.93135003075869,19.1407426489514,0 72.931368309356,19.1407820338766,0 72.9313868030145,19.1408213280147,0 72.9314055112353,19.1408605303051,0 72.9314244335135,19.1408996396894,0 72.9314435693384,19.1409386551121,0 72.9314629181937,19.1409775755198,0 72.9314824795573,19.141016399862,0 72.931498913086,19.1410481175285,0 72.9315159036853,19.1410795689554,0 72.9315334465817,19.1411107453063,0 72.9315515368468,19.1411416378216,0 72.9315701693981,19.1411722378217,0 72.93158933900099,19.1412025367093,0 72.93160904026981,19.1412325259714,0 72.93162926766961,19.1412621971821,0 72.93165001551731,19.141291542005,0 72.931671277984,19.1413205521953,0 72.931693049096,19.141349219602,0 72.93171532273669,19.1413775361708,0 72.93250742679631,19.1423671299325,0 72.9333995631648,19.1434666129783,0 72.93420675028941,19.1444283811803,0 72.93462444663651,19.1449136922022,0 72.9351119489756,19.1454661963948,0 72.9355272226376,19.1459368534849,0 72.9355029806252,19.145955894597,0 72.9359126038144,19.1464269186211,0 72.9363485203789,19.1469418067868,0 72.9368474845742,19.1475312539676,0 72.9368714857075,19.1475126952558,0 72.9369000508472,19.1475459195077,0 72.9369285736564,19.1475791765952,0 72.936957054093,19.1476124664694,0 72.9369854921154,19.1476457890816,0 72.9370138876819,19.1476791443832,0 72.9370422407508,19.1477125323251,0 72.9370705512808,19.1477459528583,0 72.9370988192301,19.1477794059341,0 72.9371270445572,19.1478128915034,0 72.9371552272211,19.147846409517,0 72.9371833671803,19.1478799599261,0 72.9372114643934,19.1479135426813,0 72.9372316807152,19.1479379386343,0 72.937251731367,19.1479624577653,0 72.9372716155177,19.1479870990578,0 72.93729133234331,19.1480118614908,0 72.93731088102651,19.1480367440381,0 72.93733026075709,19.1480617456685,0 72.9373494707319,19.1480868653459,0 72.9373685101548,19.1481121020292,0 72.93738737823649,19.1481374546726,0 72.9374060741951,19.1481629222254,0 72.9374245972558,19.1481885036323,0 72.93744294665061,19.1482141978331,0 72.9374654316846,19.1482469637727,0 72.9374868606418,19.148280362771,0 72.9375072138033,19.1483143640952,0 72.93752647244,19.1483489364582,0 72.9375446188298,19.1483840480476,0 72.9375616362741,19.1484196665545,0 72.9375775091133,19.1484557592037,0 72.93759222274061,19.1484922927836,0 72.93760576361621,19.1485292336769,0 72.93761811927931,19.1485665478917,0 72.93762927835959,19.148604201092,0 72.93763923058801,19.1486421586303,0 72.93765064527049,19.1486916246338,0 72.9376606870739,19.148741358831,0 72.9376693490501,19.1487913268146,0 72.937676625205,19.1488414940154,0 72.93768251050351,19.1488918257268,0 72.9376870008729,19.1489422871278,0 72.93769009320531,19.148992843308,0 72.9376917853601,19.1490434592914,0 72.93769207616521,19.1490941000604,0 72.9376909654182,19.1491447305802,0 72.9376884538863,19.1491953158234,0 72.93768454330571,19.1492458207936,0 72.9376824971408,19.1492672410127,0 72.93768027391,19.1492886452887,0 72.9376778737504,19.1493100322994,0 72.9376752968103,19.149331400724,0 72.9376725432486,19.1493527492431,0 72.9376696132356,19.1493740765379,0 72.9376665069519,19.1493953812913,0 72.9376632245895,19.1494166621875,0 72.93765976635081,19.1494379179123,0 72.9376561324495,19.149459147153,0 72.9376523231099,19.1494803485983,0 72.9376483385672,19.1495015209389,0 72.937625706115,19.1496207190595,0 72.93760367234511,19.1497400184442,0 72.9375822377603,19.1498594163769,0 72.93756140284989,19.1499789101398,0 72.9375411680895,19.1500984970126,0 72.9375215339408,19.150218174273,0 72.9375025008523,19.1503379391967,0 72.9374840692584,19.1504577890573,0 72.93746623958,19.1505777211264,0 72.93744901222431,19.1506977326738,0 72.93743238758481,19.1508178209675,0 72.93741636604111,19.1509379832738,0 72.93740372703169,19.1510380322821,0 72.9373919666851,19.1511381780069,0 72.9373810858215,19.151238413479,0 72.9373710851997,19.151338731723,0 72.9373619655171,19.1514391257576,0 72.9373537274101,19.1515395885963,0 72.9373463714533,19.151640113248,0 72.9373398981605,19.1517406927169,0 72.9373343079837,19.1518413200035,0 72.93732960131339,19.1519419881052,0 72.93732577847889,19.1520426900162,0 72.93732283974769,19.1521434187287,0 72.9373094000923,19.1526857396498,0 72.9372818443829,19.1526851229171,0 72.9372709136792,19.153126190818,0 72.9372630812987,19.1534422329362,0 72.93725524882581,19.1537582750411,0 72.937244059419,19.1542097637394,0 72.9372314925831,19.1547168221358,0 72.93725728956861,19.1547173211489,0 72.9372550352649,19.1548849126742,0 72.93725590718771,19.1554264395083,0 72.93727931838021,19.1558535253803,0 72.9373135383417,19.1562596438474,0 72.93734454817719,19.1567578353908,0 72.93735592371741,19.157370194257,0 72.9373523780348,19.1591101084094,0 72.93736781788221,19.1604699461168,0 72.937404314212,19.1619517318421,0 72.93742249672251,19.1630329359016,0 72.9374322101424,19.1636641448388,0 72.93743172174889,19.1637384821691,0 72.9374325479028,19.1638128168021,0 72.93743468837241,19.1638871277483,0 72.9374381425551,19.1639613940246,0 72.9374429094775,19.164035594661,0 72.93744898779519,19.1641097087056,0 72.9374563757937,19.1641837152311,0 72.9374650713887,19.1642575933403,0 72.9374750721264,19.1643313221726,0 72.937486375185,19.1644048809092,0 72.9374989773743,19.1644782487794,0 72.9375128751377,19.1645514050666,0 72.93752255543529,19.1645980951212,0 72.9375329739957,19.1646446414685,0 72.9375441284604,19.1646910335679,0 72.9375560163041,19.1647372609141,0 72.9375686348353,19.164783313039,0 72.9375819811972,19.1648291795142,0 72.93759605236841,19.1648748499533,0 72.93761084516279,19.1649203140142,0 72.93762635623141,19.1649655614016,0 72.9376425820623,19.1650105818693,0 72.9376595189817,19.1650553652223,0 72.9376771631549,19.1650999013197,0 72.9377620867058,19.165294662236,0 72.9377269986751,19.165308477724,0 72.93779026871501,19.1654535797045,0 72.9380319511306,19.1660154484456,0 72.93828090910149,19.1666022265819,0 72.9385300278804,19.1671893797865,0 72.93855566584,19.167179557547,0 72.9395221051781,19.1694573402008,0 72.9404884466296,19.1717346921325,0 72.9407805072582,19.172501194404,0 72.94092933052841,19.1729583191252,0 72.9411478320544,19.173722834062,0 72.9411658397317,19.173789317374,0 72.9411854348746,19.1738553941069,0 72.94120660733731,19.1739210300417,0 72.9412293461571,19.1739861911875,0 72.9412536395603,19.1740508437995,0 72.9412794749678,19.1741149543958,0 72.941306839002,19.1741784897753,0 72.9413357174938,19.1742414170349,0 72.9413660954896,19.1743037035863,0 72.9413979572591,19.1743653171729,0 72.9414312863037,19.1744262258867,0 72.94146606536481,19.1744863981845,0 72.941476126685,19.174503875722,0 72.9414863797121,19.1745212523774,0 72.94149682332601,19.1745385262522,0 72.94150745638559,19.1745556954591,0 72.9415182777295,19.1745727581222,0 72.9415292861752,19.1745897123775,0 72.9415404805203,19.1746065563726,0 72.94155185954161,19.1746232882672,0 72.94156342199609,19.1746399062332,0 72.9415751666204,19.174656408455,0 72.9415870921316,19.1746727931295,0 72.94159919722669,19.1746890584669,0 72.94156805,19.1747075595008,0 72.9416466615928,19.1748270518544,0 72.9417252860318,19.1749465635458,0 72.9420338865653,19.175405557465,0 72.94242002123249,19.1759751563258,0 72.94272303935441,19.1764221443722,0 72.94274953637731,19.1764059265557,0 72.9427980812757,19.1764796544203,0 72.9428468121877,19.1765532714246,0 72.94289572883309,19.1766267771449,0 72.9429448309307,19.1767001711583,0 72.9429941181981,19.1767734530422,0 72.9430435903521,19.176846622375,0 72.9430932471081,19.1769196787357,0 72.94314308818051,19.1769926217037,0 72.943193113283,19.1770654508593,0 72.9432433221277,19.1771381657834,0 72.9432937144262,19.1772107660574,0 72.9433442898885,19.1772832512636,0 72.9433756409876,19.1773261175852,0 72.94340767388781,19.1773685263708,0 72.9434403811951,19.1774104678306,0 72.9434737553599,19.1774519322826,0 72.9435077886783,19.1774929101552,0 72.9435424732947,19.1775333919886,0 72.94357780120291,19.1775733684382,0 72.9436137642481,19.1776128302753,0 72.94365035412891,19.1776517683906,0 72.94368756239931,19.1776901737954,0 72.9437253804705,19.1777280376241,0 72.9437637996128,19.1777653511359,0 72.9438033649155,19.1778021311394,0 72.9438430079572,19.1778388354993,0 72.9438827285779,19.1778754640675,0 72.9439225266171,19.1779120166958,0 72.94396240191411,19.1779484932365,0 72.9440023543077,19.1779848935424,0 72.9440423836367,19.1780212174661,0 72.9440824897392,19.178057464861,0 72.94412267245311,19.1780936355805,0 72.9441629316164,19.1781297294785,0 72.9442032670661,19.1781657464091,0 72.94424367863959,19.1782016862268,0 72.9442868316154,19.1782398011784,0 72.9443298346406,19.1782780688459,0 72.9443726871165,19.178316488697,0 72.9444153884467,19.1783550601966,0 72.94445793803639,19.178393782808,0 72.9445003352934,19.1784326559922,0 72.9445425796275,19.178471679208,0 72.9445846704506,19.1785108519124,0 72.9446266071764,19.1785501735601,0 72.94466838922131,19.1785896436037,0 72.9447100160036,19.178629261494,0 72.9447514869437,19.1786690266793,0 72.9447904777617,19.1787100368904,0 72.94482840861841,19.1787519349817,0 72.9448652571263,19.1787946962252,0 72.94490100153701,19.1788382953836,0 72.9449356207531,19.178882706725,0 72.9449690943419,19.178927904038,0 72.9450014025461,19.1789738606474,0 72.9450325262967,19.17902054943,0 72.94506244722341,19.1790679428301,0 72.94509114766601,19.1791160128763,0 72.9451186106843,19.1791647311981,0 72.94514482006871,19.1792140690417,0 72.94563543242489,19.1801116607889,0 72.94568318619101,19.1801994285627,0 72.94573098746039,19.1802871730021,0 72.9457788362205,19.1803748940839,0 72.9458267324586,19.1804625917848,0 72.94587467616221,19.1805502660817,0 72.9459226673187,19.1806379169514,0 72.9459707059156,19.1807255443707,0 72.94601879194001,19.1808131483164,0 72.9460669253795,19.1809007287655,0 72.9461151062215,19.1809882856947,0 72.9461633344532,19.1810758190809,0 72.94621161006199,19.181163328901,0 72.9462484262678,19.1812274546118,0 72.9462857635818,19.181291307737,0 72.9463236197692,19.1813548844535,0 72.94636199256411,19.1814181809551,0 72.9464008796699,19.1814811934521,0 72.9464402787587,19.1815439181718,0 72.9464801874725,19.1816063513589,0 72.9465206034226,19.1816684892754,0 72.94656152418961,19.1817303282011,0 72.94660294732439,19.1817918644336,0 72.9466448703472,19.1818530942885,0 72.946687290749,19.1819140141001,0 72.9467338576271,19.1819744982101,0 72.94678047626159,19.1820349463291,0 72.9468271466217,19.182095358417,0 72.9468738686768,19.1821557344341,0 72.9469206423959,19.1822160743402,0 72.9469674677482,19.1822763780955,0 72.9470143447026,19.1823366456602,0 72.9470612732285,19.1823968769944,0 72.9471082532948,19.1824570720583,0 72.94715528487041,19.182517230812,0 72.94720236792431,19.1825773532158,0 72.94724950242551,19.1826374392299,0 72.9472772109298,19.1826720667467,0 72.9473055807656,19.1827062073966,0 72.94733460245909,19.1827398497789,0 72.9473642663193,19.1827729826587,0 72.94739456244081,19.1828055949717,0 72.9474254807066,19.1828376758272,0 72.94745701079231,19.182869214512,0 72.9474891421691,19.1829002004942,0 72.9475218641071,19.1829306234259,0 72.9475551656797,19.1829604731478,0 72.9475890357663,19.1829897396917,0 72.9476234630564,19.1830184132842,0 72.94765815093319,19.1830462252605,0 72.9476933985549,19.1830733944686,0 72.9477291927309,19.1830999107407,0 72.9477655200657,19.1831257641533,0 72.9478023669645,19.1831509450309,0 72.9478397196378,19.1831754439496,0 72.9478775641069,19.1831992517411,0 72.9479158862091,19.1832223594953,0 72.9479546716028,19.1832447585642,0 72.9479939057732,19.1832664405652,0 72.9480335740373,19.1832873973839,0 72.9480736615499,19.1833076211773,0 72.9481180668697,19.1833288363278,0 72.9481630176341,19.1833489878172,0 72.9482084856265,19.1833680629957,0 72.9482544423056,19.1833860498892,0 72.9483008588233,19.1834029372069,0 72.948347706043,19.1834187143479,0 72.9483949545575,19.1834333714086,0 72.9484425747075,19.1834468991879,0 72.948490536601,19.1834592891943,0 72.9485388101308,19.18347053365,0 72.9485873649942,19.1834806254965,0 72.94863617071241,19.1834895583987,0 72.94866957440929,19.1834951056221,0 72.9487030319853,19.1835003515334,0 72.94873654042971,19.1835052956605,0 72.9487700967274,19.1835099375584,0 72.94880369785901,19.1835142768096,0 72.94883734080091,19.1835183130234,0 72.94887102252569,19.1835220458368,0 72.9489047400028,19.1835254749138,0 72.9489384901981,19.1835285999458,0 72.94897227007471,19.1835314206515,0 72.94900607659309,19.1835339367773,0 72.94903990671111,19.1835361480966,0 72.94951147496271,19.1835648372402,0 72.9498356898185,19.183584246103,0 72.9498340036436,19.1836081971159,0 72.95049181177821,19.183652037804,0 72.9509262923963,19.1836942531764,0 72.951134754026,19.1837213086402,0 72.9519366293526,19.1838278839096,0 72.9519405392634,19.1838029263818,0 72.95213716970029,19.1838300431796,0 72.9521825839099,19.1838385350334,0 72.95222795112051,19.1838472507484,0 72.9522732701102,19.1838561900897,0 72.9523185396578,19.1838653528167,0 72.9523637585438,19.1838747386823,0 72.9524089255498,19.1838843474338,0 72.9524540394591,19.1838941788123,0 72.9524990990562,19.1839042325531,0 72.952544103127,19.1839145083852,0 72.9525890504592,19.1839250060317,0 72.9526339398417,19.18393572521,0 72.95267877006521,19.1839466656311,0 72.9527132772935,19.183955404279,0 72.95274766269129,19.1839645662295,0 72.95278192050731,19.1839741499504,0 72.95281604501081,19.1839841538386,0 72.9528500304944,19.1839945762206,0 72.952883871273,19.1840054153534,0 72.95291756168611,19.1840166694239,0 72.9529510960987,19.1840283365495,0 72.95298446890131,19.1840404147789,0 72.9530176745116,19.1840529020918,0 72.9530507073755,19.1840657963993,0 72.9530835619675,19.1840790955449,0 72.9534318861087,19.1842226282163,0 72.9538230058635,19.1843926733685,0 72.95413713168141,19.1845292815944,0 72.954292383816,19.1845974370917,0 72.95462202322609,19.1847614917839,0 72.95463844323071,19.1847719262724,0 72.9546548467256,19.1847823841783,0 72.95467123367401,19.1847928654782,0 72.9546876040389,19.1848033701484,0 72.95470395778349,19.1848138981652,0 72.9547202948707,19.1848244495049,0 72.9547366152638,19.1848350241437,0 72.95475291892591,19.1848456220577,0 72.9547692058203,19.184856243223,0 72.9547854759103,19.1848668876158,0 72.954801729159,19.184877555212,0 72.95481796553,19.1848882459875,0 72.9548456550779,19.1849068685124,0 72.9548729791,19.1849259722362,0 72.9548999283345,19.1849455506834,0 72.9549264936462,19.1849655972175,0 72.95495266603039,19.1849861050437,0 72.95497843661541,19.1850070672105,0 72.95500379666569,19.1850284766124,0 72.9550287375851,19.1850503259926,0 72.95505325091921,19.1850726079448,0 72.9550773283588,19.1850953149162,0 72.9551009617421,19.18511843921,0 72.9551241430582,19.185141972988,0 72.9551551717427,19.1851736024244,0 72.95518667442001,19.1852048060178,0 72.95521864461681,19.1852355773563,0 72.95525107576439,19.185265910117,0 72.955283961199,19.1852957980672,0 72.95531729416351,19.1853252350651,0 72.95535106780881,19.1853542150622,0 72.9553852751953,19.1853827321034,0 72.95541990929431,19.1854107803292,0 72.95545496298929,19.1854383539759,0 72.9554904290775,19.1854654473778,0 72.9555263002716,19.1854920549674,0 72.95553980435651,19.185501869867,0 72.9555533636118,19.1855116158593,0 72.9555669776481,19.1855212926642,0 72.95558064607459,19.185530900004,0 72.9555943684983,19.1855404376026,0 72.9556081445253,19.1855499051861,0 72.9556219737598,19.1855593024824,0 72.9556358558046,19.1855686292217,0 72.95564979026091,19.1855778851361,0 72.9556637767285,19.1855870699596,0 72.9556778148057,19.1855961834284,0 72.95569190408921,19.1856052252808,0 72.9557316037298,19.1856296857367,0 72.95577210997369,19.1856529217213,0 72.95581338100131,19.1856749092448,0 72.9558553742029,19.1856956256064,0 72.9558980462236,19.1857150494178,0 72.9559413530073,19.1857331606249,0 72.9559852498426,19.1857499405287,0 72.9560296914088,19.1857653718051,0 72.9560746318231,19.1857794385221,0 72.956120024687,19.1857921261564,0 72.95616582313551,19.1858034216088,0 72.9562119798842,19.1858133132173,0 72.95631598061971,19.1858339385447,0 72.95641938594051,19.1858498167395,0 72.9565698491955,19.1858667849676,0 72.956725297425,19.1858807062562,0 72.9570674133725,19.1859093221889,0 72.95732502461731,19.1859321147561,0 72.9573713172652,19.1859366378393,0 72.95741758568541,19.185941379459,0 72.9574638287352,19.1859463394983,0 72.9575100452724,19.1859515178345,0 72.9575562341557,19.1859569143397,0 72.9576023942444,19.1859625288808,0 72.9576485243982,19.1859683613191,0 72.95769462347791,19.1859744115106,0 72.95774069034501,19.1859806793058,0 72.9577867238619,19.1859871645499,0 72.9578327228914,19.1859938670829,0 72.95787868629751,19.1860007867391,0 72.95792110554039,19.1860073634473,0 72.9579634928901,19.1860141232569,0 72.9580058474712,19.1860210660284,0 72.95804816840899,19.1860281916182,0 72.9580904548294,19.1860354998794,0 72.9581327058589,19.1860429906609,0 72.9581749206252,19.1860506638082,0 72.958217098256,19.1860585191627,0 72.9582592378805,19.1860665565621,0 72.9583013386283,19.1860747758405,0 72.9583433996298,19.1860831768282,0 72.9583854200163,19.1860917593517,0 72.958410143243,19.1860960191292,0 72.9584348285242,19.1861004731457,0 72.9584594741694,19.1861051210962,0 72.958484078491,19.1861099626624,0 72.95850863980419,19.1861149975128,0 72.95853315642719,19.1861202253025,0 72.9585576266808,19.1861256456736,0 72.9585820488898,19.1861312582551,0 72.9586064213815,19.1861370626625,0 72.9586307424871,19.1861430584984,0 72.95865501054119,19.1861492453522,0 72.9586792238818,19.1861556228003,0 72.9586793136406,19.1861556466555,0 72.9586794034897,19.1861556702019,0 72.9586794934278,19.1861556934394,0 72.9586795834537,19.1861557163675,0 72.95867967356649,19.1861557389861,0 72.95867976376471,19.1861557612948,0 72.9586798540473,19.1861557832932,0 72.95867994441311,19.1861558049812,0 72.95868003486081,19.1861558263584,0 72.95868012538941,19.1861558474246,0 72.9586802159976,19.1861558681794,0 72.9586803066843,19.1861558886227,0 72.9591299635613,19.1862564442082,0 72.959165451529,19.1862629732327,0 72.95920088879321,19.1862697463217,0 72.9592362734948,19.1862767631198,0 72.9592716037772,19.186284023259,0 72.9593068777866,19.1862915263582,0 72.9593420936724,19.186299272024,0 72.95937724958711,19.1863072598498,0 72.9594123436858,19.1863154894167,0 72.95944737412761,19.1863239602928,0 72.9594823390744,19.1863326720337,0 72.9595172366917,19.1863416241825,0 72.9595520651485,19.1863508162693,0 72.95957673683731,19.1863573506515,0 72.9596014454993,19.1863637576802,0 72.9596261904061,19.1863700371665,0 72.95965097082851,19.1863761889256,0 72.9596757860362,19.186382212776,0 72.95970063529769,19.1863881085401,0 72.9597255178807,19.1863938760443,0 72.95975043305199,19.1863995151185,0 72.9597753800772,19.1864050255965,0 72.9598003582209,19.1864104073159,0 72.9598253667472,19.1864156601182,0 72.959850404919,19.1864207838484,0 72.95988467983641,19.1864280518398,0 72.95991879227709,19.18643597993,0 72.9599527281605,19.1864445648468,0 72.95998647347881,19.1864538030462,0 72.9600200143029,19.1864636907155,0 72.96005333678789,19.186474223773,0 72.96008642717931,19.1864853978711,0 72.9601192718182,19.1864972083975,0 72.9601518571472,19.1865096504772,0 72.960184169716,19.1865227189745,0 72.96021619618659,19.186536408495,0 72.96024792333949,19.1865507133881,0 72.9604527732775,19.1866455086503,0 72.9607225051987,19.1868008680298,0 72.9607079116925,19.1868216365799,0 72.96106949680549,19.1870510023351,0 72.9613462194768,19.1872265360827,0 72.9616624747064,19.1874271456307,0 72.96197873073371,19.1876277546996,0 72.96248684867859,19.1879500644947,0 72.9625023456705,19.1879280098577,0 72.9625928690577,19.1879858041127,0 72.9626765268726,19.1880522850799,0 72.96275239967579,19.1881267221102,0 72.9628196535845,19.1882082971136,0 72.96287754943759,19.188296113549,0 72.9629254509193,19.1883892062781,0 72.9629628315536,19.1884865521719,0 72.9629892804912,19.1885870813552,0 72.96300450702501,19.188689688965,0 72.9630083437866,19.1887932472933,0 72.96300074858679,19.1888966181807,0 72.9629818048796,19.1889986655265,0 72.9626109661351,19.1915770769914,0 72.9625837047964,19.1915735310848,0 72.9625564716445,19.1917625290811,0 72.9624905541246,19.1922199940143,0 72.96243990403031,19.1925715012589,0 72.9624002901371,19.192846416793,0 72.962348710302,19.1932043726003,0 72.9622936998223,19.1935861341787,0 72.9623209678155,19.1935896809821,0 72.9622132548263,19.1943371811003,0 72.96205727120331,19.1954462955521,0 72.96203953667749,19.1956718344296,0 72.96202983551009,19.1958978139131,0 72.9620281788184,19.1961239757962,0 72.9620345685284,19.1963500616629,0 72.96204899737219,19.1965758131832,0 72.9620714488961,19.1968009724081,0 72.9621018974794,19.197025282064,0 72.9621403083632,19.1972484858474,0 72.96218663769071,19.1974703287171,0 72.96224083255611,19.1976905571859,0 72.962302831066,19.1979089196102,0 72.9623725624092,19.1981251664778,0 72.9624506103257,19.1983391447769,0 72.9625373358374,19.1985500858437,0 72.9626326084433,19.1987576721795,0 72.9627362847765,19.1989615913341,0 72.9628482088193,19.1991615363753,0 72.96296821213831,19.1993572063513,0 72.9630961141373,19.1995483067442,0 72.9632317223296,19.1997345499125,0 72.963374832627,19.1999156555247,0 72.9635252296471,19.2000913509814,0 72.9636826870376,19.2002613718251,0 72.96384696781659,19.200425462139,0 72.9640212675958,19.2005881217763,0 72.96399874922641,19.2006099012154,0 72.9644901904316,19.2010685204462,0 72.96462132696131,19.2011994759561,0 72.96552427225809,19.2020335269773,0 72.9655471546748,19.2020116713211,0 72.9674711347559,19.2038101638138,0 72.96939761221429,19.2056065144012,0 72.9693786139041,19.2056248897514,0 72.9696666139839,19.2058936322219,0 72.9700057598218,19.206210098901,0 72.9703742795348,19.2065542132547,0 72.97061178557919,19.2067793781164,0 72.97089423236849,19.2070516888352,0 72.97091929385159,19.2070282284324,0 72.9711729289325,19.2072618350734,0 72.97193660803571,19.2079954817348,0 72.97321403077839,19.2092968563175,0 72.9745696425374,19.2106777800126,0 72.9748435334964,19.2109486278336,0 72.9748242955876,19.210966184738,0 72.9751000388091,19.211238701543,0 72.9753636081353,19.2114991715201,0 72.97559422925541,19.2117270798079,0 72.97582485100941,19.2119549878581,0 72.9759566351534,19.212085220923,0 72.9761317741491,19.2122582981231,0 72.9763069135105,19.212431375186,0 72.9763286983174,19.212411480936,0 72.9763847704907,19.2124669692322,0 72.97640341093739,19.2124852925972,0 72.9764218708677,19.2125037801544,0 72.9764401486792,19.2125224302991,0 72.9764582427848,19.212541241412,0 72.97647615161409,19.2125602118605,0 72.9764938736121,19.2125793399975,0 72.97651140724049,19.2125986241626,0 72.9765287509769,19.2126180626817,0 72.9765459033159,19.2126376538674,0 72.9765628627683,19.2126573960191,0 72.9765796278618,19.2126772874229,0 72.97659619714091,19.212697326352,0 72.9766212977607,19.2127286396606,0 72.9766457104308,19.2127604400328,0 72.97666942468131,19.212792713831,0 72.9766924303418,19.2128254472143,0 72.97671471754561,19.212858626145,0 72.9767362767342,19.2128922363939,0 72.9767570986614,19.2129262635471,0 72.9767771743971,19.212960693012,0 72.9767964953312,19.2129955100229,0 72.97681505317731,19.2130306996487,0 72.976832839976,19.2130662467977,0 72.97684984809911,19.2131021362255,0 72.97686741483081,19.2131410492136,0 72.9768843624648,19.213180209196,0 72.9769006871539,19.2132196072841,0 72.9769163851923,19.2132592345357,0 72.97693145301631,19.2132990819563,0 72.9769458872056,19.2133391405014,0 72.9769596844834,19.2133794010785,0 72.9769728417174,19.2134198545496,0 72.9769853559209,19.2134604917324,0 72.9769972242529,19.2135013034033,0 72.97700844401901,19.2135422802989,0 72.9770190126722,19.2135834131184,0 72.97718862095231,19.214265793954,0 72.97731040533211,19.214956909997,0 72.9773124006967,19.2149711699548,0 72.9773301759182,19.2151041462547,0 72.97734541280479,19.2152226753773,0 72.9773651039236,19.2153740661828,0 72.97739179589691,19.2155577207717,0 72.9774018101196,19.215619507496,0 72.9774272421336,19.2157558875554,0 72.9774551782612,19.2158845473252,0 72.97747717689541,19.2159755490575,0 72.9775368760676,19.2161993866772,0 72.9776200107695,19.2164973922746,0 72.9776806105094,19.2167143425274,0 72.9777292833956,19.2168939626968,0 72.9777752087076,19.2170991812591,0 72.9777970814045,19.2172739726978,0 72.97780087737731,19.217375782364,0 72.9777971934821,19.217498509368,0 72.9777818235014,19.2176668041105,0 72.97775938153271,19.2178419933389,0 72.9776072817067,19.2189750363221,0 72.9774551441546,19.2201083385745,0 72.9774515523491,19.2201387969337,0 72.97744793674841,19.2201692527523,0 72.97744429735469,19.2201997060134,0 72.9774406341699,19.2202301567002,0 72.9774369471961,19.2202606047961,0 72.9774332364352,19.2202910502842,0 72.9774295018894,19.2203214931478,0 72.9774257435606,19.22035193337,0 72.9774219614509,19.2203823709343,0 72.9774181555623,19.2204128058237,0 72.977414325897,19.2204432380214,0 72.977410472457,19.2204736675109,0 72.9774080523429,19.2204933743543,0 72.9774057965361,19.2205130987798,0 72.97740370517811,19.2205328395511,0 72.97740177839989,19.220552595431,0 72.97740001632231,19.2205723651815,0 72.9773984190559,19.2205921475635,0 72.9773969867009,19.2206119413371,0 72.977395719347,19.220631745262,0 72.9773946170738,19.2206515580969,0 72.9773936799503,19.2206713786001,0 72.9773929080354,19.2206912055295,0 72.97739230137741,19.2207110376425,0 72.97738438466401,19.2210106880514,0 72.9773933341352,19.2214072328683,0 72.97740036428969,19.2216468320381,0 72.9774017624674,19.2218497489093,0 72.9773987454797,19.2219784317111,0 72.9773923632597,19.2221071353837,0 72.9773848371301,19.222216755697,0 72.9773634771208,19.2224356068811,0 72.9773372721575,19.2224331334101,0 72.9772233451543,19.2234434136119,0 72.9771096043571,19.2244520244768,0 72.9771362568719,19.2244549113496,0 72.9768016557223,19.2273284604828,0 72.9764669797114,19.2302017363631,0 72.9764400081058,19.2301989017146,0 72.9764188409863,19.2303800145795,0 72.976395696186,19.2305631351382,0 72.97635882979991,19.2308934869703,0 72.9763378456545,19.2310730320559,0 72.97631686144401,19.2312525771317,0 72.9763019094346,19.2313908317161,0 72.97628538500599,19.2315218947267,0 72.9762539084213,19.2317912122996,0 72.9762037523893,19.2322203509085,0 72.9762317869576,19.2322233071767,0 72.97623076926151,19.2322334501584,0 72.97622969110979,19.2322435875031,0 72.97622855253729,19.2322537188858,0 72.9762273535803,19.2322638439816,0 72.97622609427739,19.2322739624656,0 72.97622477466891,19.2322840740135,0 72.9762233947971,19.2322941783009,0 72.9762219547063,19.2323042750039,0 72.9762204544426,19.2323143637984,0 72.9762188940542,19.2323244443611,0 72.976217273591,19.2323345163687,0 72.976215593105,19.2323445794981,0 72.97621141785579,19.2323687524481,0 72.9762072642401,19.2323929287603,0 72.97620313226101,19.2324171084175,0 72.9761990219216,19.232441291402,0 72.97619493322461,19.2324654776965,0 72.9761908661732,19.2324896672834,0 72.9761868207702,19.2325138601454,0 72.97618279701869,19.2325380562648,0 72.9761787949215,19.2325622556243,0 72.9761748144815,19.2325864582064,0 72.9761708557016,19.2326106639934,0 72.9761669185847,19.2326348729681,0 72.9761613754625,19.2326674771591,0 72.9761553341145,19.232700001394,0 72.9761487958164,19.2327324388037,0 72.9761417619487,19.2327647825381,0 72.9761342339965,19.2327970257665,0 72.97612621354941,19.2328291616796,0 72.976117702301,19.2328611834906,0 72.97610870204841,19.2328930844368,0 72.9760992146921,19.2329248577812,0 72.9760892422354,19.2329564968137,0 72.9760787867842,19.2329879948524,0 72.9760678505463,19.2330193452453,0 72.9760564003771,19.2330518630058,0 72.9760452560452,19.233084476491,0 72.97603441843739,19.2331171831056,0 72.97602388841651,19.2331499802472,0 72.97601366682061,19.2331828653058,0 72.97600375446309,19.2332158356647,0 72.975994152133,19.2332488887001,0 72.97598486059471,19.233282021782,0 72.9759758805875,19.2333152322738,0 72.9759672128266,19.2333485175327,0 72.97595885800141,19.2333818749101,0 72.9759508167773,19.2334153017516,0 72.9759481334109,19.233426566851,0 72.9759453948392,19.2334378199576,0 72.9759426011216,19.2334490608274,0 72.9759397523185,19.2334602892166,0 72.9759368484917,19.2334715048816,0 72.97593388970419,19.233482707579,0 72.9759308760204,19.2334938970661,0 72.9759278075053,19.2335050731,0 72.9759246842256,19.2335162354382,0 72.97592150624919,19.2335273838389,0 72.97591827364479,19.23353851806,0 72.97591498648249,19.2335496378601,0 72.97590770943479,19.2335746177206,0 72.975900754596,19.2335996802569,0 72.9758941230066,19.2336248217194,0 72.97588781565899,19.2336500383466,0 72.9758818334968,19.2336753263658,0 72.9758761774153,19.2337006819939,0 72.9758708482608,19.2337261014373,0 72.9758658468307,19.233751580893,0 72.9758611738736,19.233777116549,0 72.9758568300885,19.233802704585,0 72.9758528161256,19.2338283411726,0 72.97584913258559,19.2338540224766,0 72.9757863258729,19.2343128659303,0 72.9756214800784,19.2357232107362,0 72.97545665688941,19.2371333271686,0 72.9754292479426,19.2371304367672,0 72.9753112003163,19.2381403499505,0 72.97519315062949,19.2391502628219,0 72.9752197517835,19.2391530680677,0 72.97519522091569,19.239407283504,0 72.9751901042258,19.2394753321637,0 72.97518585337809,19.2395434345665,0 72.97518246899411,19.239611580774,0 72.97517995156881,19.2396797608408,0 72.97517830147061,19.2397479648172,0 72.97517751894139,19.2398161827497,0 72.9751776040965,19.2398844046826,0 72.9751785569246,19.2399526206599,0 72.9751803772876,19.2400208207264,0 72.9751830649209,19.2400889949291,0 72.9751866194335,19.2401571333187,0 72.97519104030771,19.2402252259512,0 72.9751932975657,19.2402552093488,0 72.9751956583322,19.2402851855542,0 72.9751981225816,19.2403151542451,0 72.97520069028771,19.2403451150994,0 72.9752033614228,19.2403750677948,0 72.9752061359583,19.2404050120091,0 72.9752090138645,19.2404349474204,0 72.9752119951103,19.2404648737066,0 72.9752150796638,19.2404947905461,0 72.975218267492,19.2405246976171,0 72.97522155856051,19.2405545945979,0 72.9752249528341,19.240584481167,0 72.975231991659,19.2406459103551,0 72.9752389413364,19.2407073486996,0 72.97524580185269,19.2407687960839,0 72.97525257319489,19.2408302523911,0 72.9752592553501,19.2408917175047,0 72.9752658483055,19.2409531913077,0 72.97527235204829,19.2410146736834,0 72.97527876656621,19.241076164515,0 72.9752850918469,19.2411376636856,0 72.9752913278782,19.2411991710785,0 72.9752974746483,19.2412606865767,0 72.97530353214521,19.2413222100635,0 72.9753123318628,19.241404055276,0 72.9753210992116,19.2414859036225,0 72.9753298341904,19.2415677550914,0 72.97533853679791,19.241649609671,0 72.9753472070328,19.2417314673499,0 72.9753558448937,19.2418133281165,0 72.9753644503797,19.2418951919592,0 72.9753730234892,19.2419770588665,0 72.9753815642211,19.2420589288269,0 72.975390072574,19.2421408018288,0 72.97539854854691,19.2422226778605,0 72.9754069921383,19.2423045569107,0 72.97540968355381,19.242334142607,0 72.97541227166541,19.2423637366174,0 72.97541475644471,19.2423933386162,0 72.9754171378643,19.2424229482781,0 72.975419415898,19.2424525652775,0 72.9754215905206,19.2424821892886,0 72.97542366170831,19.2425118199859,0 72.97542562943801,19.2425414570434,0 72.9754274936882,19.2425711001354,0 72.9754292544384,19.2426007489357,0 72.97543091166899,19.2426304031185,0 72.97543246536181,19.2426600623577,0 72.97544599356721,19.2430018578899,0 72.9754375472274,19.2440239391979,0 72.9754127442456,19.2448757824454,0 72.9753985111351,19.2452956292169,0 72.9753852604762,19.2455354600884,0 72.9753537011603,19.2460461335925,0 72.9753481756121,19.2461719698284,0 72.9753373441505,19.2462974945937,0 72.97532122417179,19.2464225061502,0 72.9752998415712,19.2465468035837,0 72.9752732307026,19.2466701871278,0 72.9752414343228,19.2467924584839,0 72.9752045035228,19.2469134211409,0 72.9751624976461,19.2470328806904,0 72.9751154841933,19.2471506451393,0 72.9750635387131,19.2472665252189,0 72.97500674468201,19.2473803346882,0 72.97494519336929,19.2474918906341,0 72.97484730552461,19.2476492819883,0 72.9747985117895,19.2477227004205,0 72.974677319134,19.2478986562733,0 72.97439281431549,19.2483075271418,0 72.9737060770734,19.2493122594161,0 72.97343234598471,19.2497703152653,0 72.9733939771959,19.2497496322174,0 72.9733489714794,19.2498237237399,0 72.9733043068225,19.2498980012069,0 72.9732599840775,19.2499724632024,0 72.97321600408959,19.2500471083064,0 72.9731723676981,19.2501219350959,0 72.9731290757353,19.250196942144,0 72.9730861290272,19.2502721280204,0 72.97304352839311,19.2503474912917,0 72.9730012746456,19.2504230305208,0 72.97295936859091,19.2504987442676,0 72.9729178110285,19.2505746310882,0 72.9728766027512,19.2506506895357,0 72.9728357159449,19.2507269623182,0 72.9727951811378,19.2508034043941,0 72.9727549991073,19.2508800142982,0 72.9727151706243,19.2509567905616,0 72.9726756964527,19.2510337317127,0 72.9726365773498,19.2511108362765,0 72.97259781406579,19.2511881027748,0 72.97255940734441,19.2512655297265,0 72.9725213579223,19.2513431156471,0 72.9724836665294,19.2514208590495,0 72.9724463338889,19.2514987584433,0 72.9724093607166,19.251576812335,0 72.9724382277398,19.2515893810114,0 72.9723483865583,19.2517815170351,0 72.9722600991519,19.2519743016753,0 72.9721733707166,19.252167723597,0 72.9720882063567,19.2523617714284,0 72.9720046110847,19.2525564337604,0 72.97192258982069,19.2527516991483,0 72.97184214739239,19.2529475561112,0 72.971763288535,19.253143993134,0 72.97168601789021,19.2533409986671,0 72.97161034000671,19.2535385611275,0 72.9715362593394,19.2537366688995,0 72.97146378024971,19.2539353103352,0 72.9714266728102,19.2540373455263,0 72.971388978992,19.2541391866657,0 72.9713506999189,19.2542408307142,0 72.9713118367324,19.2543422746382,0 72.9712723905912,19.2544435154099,0 72.9712323626717,19.2545445500078,0 72.97119175416729,19.2546453754167,0 72.9711505662893,19.2547459886271,0 72.9711088002656,19.2548463866366,0 72.97106645734191,19.2549465664483,0 72.9710235387809,19.2550465250727,0 72.9709800458626,19.2551462595261,0 72.9709529278727,19.2552092445307,0 72.97092677184421,19.2552725954241,0 72.9709015832492,19.255336298955,0 72.9708773673575,19.2554003417985,0 72.97085412923561,19.2554647105586,0 72.9708318737454,19.2555293917711,0 72.97081060554309,19.2555943719065,0 72.9707903290787,19.2556596373726,0 72.9707710485944,19.2557251745179,0 72.9707527681247,19.2557909696335,0 72.9707354914942,19.2558570089569,0 72.9707192223182,19.2559232786745,0 72.9707117886323,19.2559546759074,0 72.97070439810931,19.25598608233,0 72.9706970507618,19.2560174978886,0 72.9706897466023,19.2560489225297,0 72.9706824856432,19.2560803561998,0 72.97067526789699,19.2561117988452,0 72.97066809337601,19.2561432504125,0 72.9706609620924,19.256174710848,0 72.9706538740584,19.2562061800981,0 72.9706468292861,19.2562376581091,0 72.97063982778771,19.2562691448276,0 72.9706328695748,19.2563006401996,0 72.9706267893997,19.2563281789134,0 72.9706206788475,19.256355711562,0 72.9706145379248,19.2563832381153,0 72.9706083666385,19.2564107585429,0 72.9706021649951,19.2564382728147,0 72.9705959330017,19.2564657809005,0 72.97058967066479,19.2564932827701,0 72.9705833779916,19.2565207783934,0 72.97057705498879,19.25654826774,0 72.97057070166331,19.2565757507799,0 72.970564318022,19.2566032274828,0 72.97055790407219,19.2566306978187,0 72.97055441093551,19.2566455031256,0 72.9705508649911,19.2566602971053,0 72.9705472662797,19.2566750795879,0 72.9705436148426,19.2566898504036,0 72.9705399107216,19.2567046093828,0 72.9705361539594,19.2567193563559,0 72.97053234459911,19.2567340911537,0 72.9705284826844,19.256748813607,0 72.97052456825961,19.2567635235467,0 72.9705206013696,19.2567782208039,0 72.9705165820602,19.2567929052096,0 72.97051251037721,19.2568075765955,0 72.97050288643619,19.2568414420962,0 72.970492962816,19.2568752294965,0 72.9704827402187,19.2569089364046,0 72.97047221936801,19.2569425604344,0 72.97046140100851,19.2569760992054,0 72.9704502859057,19.2570095503435,0 72.97043887484649,19.2570429114806,0 72.9704271686384,19.257076180255,0 72.97041516810999,19.2571093543115,0 72.9704028741106,19.2571424313016,0 72.9703902875105,19.2571754088839,0 72.9703774092003,19.2572082847237,0 72.9702892791606,19.2574301811712,0 72.970263621165,19.2574209110972,0 72.9699913828107,19.2581005443523,0 72.96980539206891,19.2585648595963,0 72.9695065956055,19.2593107811546,0 72.9695323297223,19.2593200787752,0 72.9680952501797,19.2629075190287,0 72.9666582980513,19.2664953501283,0 72.96663215230051,19.2664862735788,0 72.9665418035582,19.2667116656029,0 72.96644887132101,19.2669435018548,0 72.9663645708643,19.2671535806105,0 72.9661836693026,19.2675852854525,0 72.9660331665671,19.2679083194336,0 72.96581601258281,19.2683268000086,0 72.9658383305413,19.2683372453023,0 72.965748579698,19.268493164543,0 72.9652593338386,19.2693428079187,0 72.9645730949462,19.270515615528,0 72.9645341300858,19.2705780166478,0 72.9644933117419,19.2706393399137,0 72.96445067295009,19.2706995356919,0 72.9644062482199,19.2707585552611,0 72.9643600735061,19.2708163508516,0 72.96431218618019,19.2708728756848,0 72.9642626249999,19.2709280840103,0 72.964211430078,19.2709819311433,0 72.9641586428493,19.2710343735009,0 72.96410430603829,19.2710853686368,0 72.964048463623,19.2711348752762,0 72.9639911608005,19.2711828533492,0 72.9636399335734,19.2714685962265,0 72.9621148260691,19.272658533562,0 72.9619584015087,19.2727720612449,0 72.96180277550231,19.2728865744554,0 72.9616479549361,19.2730020681276,0 72.9614939466602,19.2731185371521,0 72.9613407574889,19.2732359763764,0 72.96118839420051,19.273354380605,0 72.96103686353681,19.2734737445999,0 72.96088617220251,19.2735940630802,0 72.9607363268655,19.2737153307232,0 72.9605873341563,19.2738375421641,0 72.96043920066759,19.2739606919963,0 72.96029193295431,19.2740847747716,0 72.960251777091,19.2741189791162,0 72.96021177161209,19.2741533420115,0 72.9601719172118,19.2741878628614,0 72.96013221458161,19.2742225410667,0 72.9600926644106,19.2742573760258,0 72.96005326738511,19.2742923671342,0 72.96001402418879,19.2743275137848,0 72.9599749355029,19.2743628153676,0 72.95993600200551,19.2743982712702,0 72.9598972243723,19.2744338808771,0 72.9598586032764,19.2744696435707,0 72.959820139388,19.2745055587302,0 72.9597818205185,19.2745418343857,0 72.9597438700674,19.2745784576369,0 72.9597062915314,19.2746154251099,0 72.95966908837271,19.2746527333985,0 72.95963226401901,19.274690379066,0 72.9595958218631,19.2747283586437,0 72.9595597652627,19.2747666686329,0 72.9595240975398,19.2748053055039,0 72.9594888219808,19.2748442656972,0 72.9594539418358,19.2748835456234,0 72.9594194603185,19.2749231416637,0 72.9593853806059,19.2749630501699,0 72.9591517409048,19.2752393495878,0 72.95884370073141,19.2756101526441,0 72.95854333614111,19.2759717146479,0 72.9585185809553,19.2759531698466,0 72.95785583207341,19.2767509415863,0 72.95719307661891,19.277548710265,0 72.9572187836941,19.2775679683032,0 72.9564486081578,19.2784950265114,0 72.95632242037421,19.2786514919618,0 72.95619997855481,19.278810618598,0 72.9560813449251,19.2789723255645,0 72.95596657977551,19.2791365306941,0 72.95585574143161,19.2793031505501,0 72.955748886224,19.2794721004686,0 72.9556460684601,19.2796432946016,0 72.95554734039619,19.2798166459606,0 72.9554527522109,19.2799920664606,0 72.9553623519799,19.280169466965,0 72.9552761856513,19.2803487573308,0 72.955194297022,19.2805298464548,0 72.9549780534705,19.2810335416724,0 72.95492445587649,19.2811680931181,0 72.9548630546271,19.2812996031985,0 72.9547940400718,19.2814276641831,0 72.9547176261656,19.2815518790341,0 72.9546340498061,19.2816718626372,0 72.95454357009891,19.2817872429964,0 72.9544464675547,19.2818976623868,0 72.9543430432191,19.2820027784638,0 72.9542336177399,19.2821022653249,0 72.9541185303729,19.2821958145202,0 72.9539981379295,19.2822831360087,0 72.9538728136712,19.2823639590577,0 72.9537356723845,19.2824407847194,0 72.9536156885745,19.2825021301652,0 72.9533643766667,19.2826240351,0 72.9531481583973,19.2827306956833,0 72.9529263561756,19.2828512299913,0 72.9528075906931,19.2829224171726,0 72.9526400904919,19.2830306349774,0 72.9524512592577,19.2831593341372,0 72.9524194832288,19.2831839053622,0 72.9523872383291,19.2832079195092,0 72.9523545353881,19.2832313685123,0 72.9523213853897,19.2832542444959,0 72.9522877994675,19.283276539777,0 72.952253788902,19.2832982468671,0 72.9522193651158,19.2833193584757,0 72.9521845396708,19.2833398675121,0 72.9521493242632,19.2833597670882,0 72.952113730721,19.2833790505202,0 72.9520777709986,19.2833977113316,0 72.95204145717371,19.2834157432548,0 72.9520034900973,19.2834336663051,0 72.95196510606949,19.2834507698568,0 72.9519263247047,19.2834670451701,0 72.9518871658203,19.2834824839283,0 72.9518476494265,19.283497078242,0 72.95180779571651,19.2835108206537,0 72.95176762505579,19.2835237041409,0 72.9517271579715,19.2835357221201,0 72.9516864151427,19.2835468684501,0 72.9516454173891,19.2835571374352,0 72.951604185661,19.2835665238279,0 72.9515627410278,19.2835750228317,0 72.95154821723681,19.283577800461,0 72.9515336781713,19.2835805050787,0 72.9515191242383,19.2835831366093,0 72.9515045558455,19.2835856949789,0 72.9514899734004,19.283588180116,0 72.9514753773116,19.283590591951,0 72.9514607679876,19.2835929304164,0 72.95144614583739,19.2835951954466,0 72.9514315112705,19.2835973869783,0 72.9514168646967,19.2835995049502,0 72.9514022065258,19.2836015493029,0 72.9513875371684,19.2836035199792,0 72.951223015587,19.2836252002476,0 72.94873607828831,19.2839414151863,0 72.9487318935608,19.2839117381777,0 72.94854333650829,19.283935711825,0 72.9467991821015,19.2841574585747,0 72.9466106246862,19.2841814301716,0 72.9466148090185,19.2842111071143,0 72.9429068514028,19.2846824639363,0 72.942971314069,19.2851340083511,0 72.9448376569391,19.284896768568,0 72.9466784892834,19.2846627519284,0 72.9466826736428,19.2846924289503,0 72.94774331195811,19.284557585994,0 72.9488039491541,19.2844227367111,0 72.9487997644096,19.2843930597065,0 72.95004397449689,19.2842348627284,0 72.95014693809181,19.2842181027958,0 72.95025001697719,19.2842019945432,0 72.9503532065789,19.2841865386854,0 72.9504565023181,19.2841717359085,0 72.95055989961121,19.2841575868693,0 72.9506633938699,19.2841440921959,0 72.9507669805018,19.2841312524872,0 72.9508706549104,19.2841190683131,0 72.9509744124951,19.2841075402143,0 72.9510782486519,19.2840966687026,0 72.95118215877331,19.2840864542603,0 72.95128613824809,19.2840768973409,0 72.9513047978689,19.2840751687202,0 72.95132344197261,19.284073295208,0 72.95134206931181,19.28407127693,0 72.9513606786396,19.2840691140209,0 72.9513792687106,19.2840668066256,0 72.9513978382807,19.2840643548986,0 72.951416386107,19.2840617590039,0 72.95143491094829,19.2840590191152,0 72.9514534115649,19.2840561354159,0 72.9514718867183,19.284053108099,0 72.9514903351723,19.2840499373671,0 72.9515087556921,19.2840466234324,0 72.9515168928357,19.2840451410681,0 72.9515250355024,19.2840436863073,0 72.9515331835886,19.2840422591688,0 72.9515413369902,19.2840408596707,0 72.9515494956032,19.284039487831,0 72.9515576593236,19.284038143667,0 72.95156582804729,19.2840368271959,0 72.9515740016702,19.2840355384345,0 72.9515821800878,19.2840342773993,0 72.951590363196,19.2840330441062,0 72.9515985508904,19.2840318385712,0 72.95160674306651,19.2840306608095,0 72.9516365755553,19.2840261881456,0 72.9516663276127,19.2840212560165,0 72.95169599139111,19.2840158657228,0 72.95172555906611,19.2840100186865,0 72.9517550228384,19.2840037164499,0 72.95178437493649,19.2839969606751,0 72.95181360761789,19.2839897531443,0 72.951842713172,19.2839820957585,0 72.9518716839217,19.2839739905375,0 72.9519005122251,19.2839654396193,0 72.9519291904782,19.2839564452591,0 72.95195771111661,19.2839470098297,0 72.9519708043855,19.2839425237987,0 72.9519838699225,19.2839379654471,0 72.9519969072845,19.2839333349296,0 72.9520099160294,19.2839286324032,0 72.9520228957162,19.2839238580272,0 72.9520358459047,19.2839190119637,0 72.9520487661558,19.2839140943769,0 72.9520616560314,19.2839091054335,0 72.9520745150945,19.2839040453027,0 72.9520873429089,19.2838989141562,0 72.9521001390399,19.2838937121678,0 72.9521129030534,19.2838884395141,0 72.952126266207,19.2838828290716,0 72.9521395929963,19.283877141174,0 72.9521528829234,19.2838713760339,0 72.95216613549189,19.2838655338666,0 72.95217935020651,19.2838596148904,0 72.9521925265737,19.2838536193264,0 72.952205664101,19.2838475473985,0 72.95221876229761,19.2838413993338,0 72.9522318206743,19.2838351753618,0 72.9522448387431,19.2838288757151,0 72.95225781601761,19.2838225006291,0 72.95227075201311,19.2838160503418,0 72.9522927209848,19.2838048743784,0 72.95231456558859,19.2837934807267,0 72.9523362834324,19.2837818706342,0 72.9523578721377,19.2837700453725,0 72.9523793293405,19.2837580062365,0 72.9524006526908,19.2837457545448,0 72.9524218398537,19.2837332916389,0 72.9524428885089,19.2837206188837,0 72.9524637963514,19.283707737667,0 72.9524845610914,19.2836946493994,0 72.9525051804553,19.2836813555142,0 72.9525256521847,19.2836678574674,0 72.9525455822333,19.2836545549644,0 72.95256549808499,19.2836412333052,0 72.9525853997193,19.2836278925033,0 72.9526052871157,19.2836145325724,0 72.952625160254,19.2836011535263,0 72.9526450191137,19.2835877553786,0 72.9526648636746,19.2835743381431,0 72.9526846939161,19.2835609018334,0 72.95270450981801,19.2835474464636,0 72.95272431136,19.2835339720473,0 72.9527440985219,19.2835204785982,0 72.9527638712831,19.2835069661303,0 72.95287810270381,19.2834290654897,0 72.9529024257848,19.2834126269816,0 72.9529268440465,19.2833963162059,0 72.95295135674471,19.2833801336596,0 72.9529759631327,19.2833640798357,0 72.9530006624608,19.2833481552232,0 72.95302545397659,19.2833323603073,0 72.9530503369247,19.2833166955693,0 72.95307531054701,19.2833011614862,0 72.95310037408279,19.2832857585316,0 72.9531255267683,19.2832704871745,0 72.9531507678374,19.2832553478801,0 72.95317609652091,19.2832403411099,0 72.9531891884687,19.2832326769922,0 72.95320232253781,19.2832250781348,0 72.9532154983673,19.2832175447464,0 72.9532287155955,19.2832100770339,0 72.95324197385909,19.2832026752026,0 72.953255272794,19.2831953394557,0 72.953268612035,19.2831880699947,0 72.95328199121541,19.2831808670192,0 72.95329540996801,19.2831737307272,0 72.95330886792409,19.2831666613147,0 72.9533223647139,19.2831596589758,0 72.9533358999669,19.2831527239029,0 72.9534988027626,19.283070555058,0 72.9537953043788,19.2829272179288,0 72.95381690588739,19.2829170324299,0 72.9538384335419,19.2829067069066,0 72.95385988633549,19.2828962418415,0 72.9538812632652,19.2828856377241,0 72.9539025633315,19.2828748950502,0 72.95392378553819,19.2828640143221,0 72.95394492889319,19.2828529960487,0 72.9539659924077,19.282841840745,0 72.9539869750967,19.2828305489329,0 72.9540078759793,19.2828191211401,0 72.95402869407801,19.2828075579011,0 72.9540494284194,19.2827958597566,0 
					</coordinates>
				</LinearRing>
			</outerBoundaryIs>
		</Polygon>
	</Placemark>
	<Placemark>
		<name>BHAKTI PARK (M) STATION</name>
		<LookAt>
			<longitude>72.87968857454405</longitude>
			<latitude>19.03022310134822</latitude>
			<altitude>0</altitude>
			<heading>-0.01571847837330773</heading>
			<tilt>0</tilt>
			<range>698.4681447243592</range>
			<gx:altitudeMode>relativeToSeaFloor</gx:altitudeMode>
		</LookAt>
		<styleUrl>#msn_ylw-pushpin3</styleUrl>
		<Point>
			<gx:drawOrder>1</gx:drawOrder>
			<coordinates>72.8781663935832,19.03012961499672,0</coordinates>
		</Point>
	</Placemark>
	<Placemark>
		<name>WADALA TT(M) STATION</name>
		<LookAt>
			<longitude>72.8819557712613</longitude>
			<latitude>19.03823265430567</latitude>
			<altitude>0</altitude>
			<heading>-0.01497899444209595</heading>
			<tilt>0</tilt>
			<range>1303.684756921118</range>
			<gx:altitudeMode>relativeToSeaFloor</gx:altitudeMode>
		</LookAt>
		<styleUrl>#msn_ylw-pushpin4</styleUrl>
		<Point>
			<gx:drawOrder>1</gx:drawOrder>
			<coordinates>72.8800267804473,19.03845207716374,0</coordinates>
		</Point>
	</Placemark>
	<Placemark>
		<name>ANIK BUS STOP (M) STATION</name>
		<LookAt>
			<longitude>72.88091714365578</longitude>
			<latitude>19.04620685038244</latitude>
			<altitude>0</altitude>
			<heading>-0.01531763253228452</heading>
			<tilt>0</tilt>
			<range>1667.375494992801</range>
			<gx:altitudeMode>relativeToSeaFloor</gx:altitudeMode>
		</LookAt>
		<styleUrl>#msn_ylw-pushpin4</styleUrl>
		<Point>
			<gx:drawOrder>1</gx:drawOrder>
			<coordinates>72.87839229825953,19.04673438395898,0</coordinates>
		</Point>
	</Placemark>
	<Placemark>
		<name>SUMAN NAGAR(M) STATION</name>
		<LookAt>
			<longitude>72.88464353809954</longitude>
			<latitude>19.05269542532024</latitude>
			<altitude>0</altitude>
			<heading>-0.01410122945039005</heading>
			<tilt>0</tilt>
			<range>1080.258901716053</range>
			<gx:altitudeMode>relativeToSeaFloor</gx:altitudeMode>
		</LookAt>
		<styleUrl>#msn_ylw-pushpin4</styleUrl>
		<Point>
			<gx:drawOrder>1</gx:drawOrder>
			<coordinates>72.88330264656088,19.05351113795535,0</coordinates>
		</Point>
	</Placemark>
	<Placemark>
		<name>SIDDARTH NAGAR (M) STATION</name>
		<LookAt>
			<longitude>72.89320979566352</longitude>
			<latitude>19.05810468349835</latitude>
			<altitude>0</altitude>
			<heading>-0.01130454308318798</heading>
			<tilt>0</tilt>
			<range>2676.185683187359</range>
			<gx:altitudeMode>relativeToSeaFloor</gx:altitudeMode>
		</LookAt>
		<styleUrl>#msn_ylw-pushpin4</styleUrl>
		<Point>
			<gx:drawOrder>1</gx:drawOrder>
			<coordinates>72.89196902912948,19.06002364524039,0</coordinates>
		</Point>
	</Placemark>
	<Placemark>
		<name>AMAR MAHAL JUNCTION(M) STATION</name>
		<LookAt>
			<longitude>72.90060008306466</longitude>
			<latitude>19.06917957052912</latitude>
			<altitude>0</altitude>
			<heading>-0.00889062966340785</heading>
			<tilt>0</tilt>
			<range>795.1582348777238</range>
			<gx:altitudeMode>relativeToSeaFloor</gx:altitudeMode>
		</LookAt>
		<styleUrl>#msn_ylw-pushpin4</styleUrl>
		<Point>
			<gx:drawOrder>1</gx:drawOrder>
			<coordinates>72.90021896249375,19.06797630615731,0</coordinates>
		</Point>
	</Placemark>
	<Placemark>
		<name>GARODIA NAGAR (M) STATION</name>
		<LookAt>
			<longitude>72.90146575087445</longitude>
			<latitude>19.07177647717635</latitude>
			<altitude>0</altitude>
			<heading>-0.008607791243071207</heading>
			<tilt>0</tilt>
			<range>1486.067422263297</range>
			<gx:altitudeMode>relativeToSeaFloor</gx:altitudeMode>
		</LookAt>
		<styleUrl>#msn_ylw-pushpin4</styleUrl>
		<Point>
			<gx:drawOrder>1</gx:drawOrder>
			<coordinates>72.90220706159069,19.07229856076292,0</coordinates>
		</Point>
	</Placemark>
	<Placemark>
		<name>PANT NAGAR STATION (M) STATION</name>
		<LookAt>
			<longitude>72.91219339681177</longitude>
			<latitude>19.08168748224489</latitude>
			<altitude>0</altitude>
			<heading>-0.005101876016642289</heading>
			<tilt>0</tilt>
			<range>1904.552950364324</range>
			<gx:altitudeMode>relativeToSeaFloor</gx:altitudeMode>
		</LookAt>
		<styleUrl>#msn_ylw-pushpin4</styleUrl>
		<Point>
			<gx:drawOrder>1</gx:drawOrder>
			<coordinates>72.91300492102961,19.08247470589719,0</coordinates>
		</Point>
	</Placemark>
	<Placemark>
		<name>LAXMI NAGAR (M) STATION</name>
		<LookAt>
			<longitude>72.9163375287331</longitude>
			<latitude>19.0872069032028</latitude>
			<altitude>0</altitude>
			<heading>-0.003747017662210815</heading>
			<tilt>0</tilt>
			<range>1872.484014553577</range>
			<gx:altitudeMode>relativeToSeaFloor</gx:altitudeMode>
		</LookAt>
		<styleUrl>#msn_ylw-pushpin4</styleUrl>
		<Point>
			<gx:drawOrder>1</gx:drawOrder>
			<coordinates>72.91826670286521,19.09021217862829,0</coordinates>
		</Point>
	</Placemark>
	<Placemark>
		<name>SHREYAS CINEMA (M) STATION</name>
		<LookAt>
			<longitude>72.91877365863047</longitude>
			<latitude>19.09427652904295</latitude>
			<altitude>0</altitude>
			<heading>-0.002950155017534858</heading>
			<tilt>0</tilt>
			<range>1871.875090838179</range>
			<gx:altitudeMode>relativeToSeaFloor</gx:altitudeMode>
		</LookAt>
		<styleUrl>#msn_ylw-pushpin4</styleUrl>
		<Point>
			<gx:drawOrder>1</gx:drawOrder>
			<coordinates>72.91649678376831,19.09497958604027,0</coordinates>
		</Point>
	</Placemark>
	<Placemark>
		<name>GODREJ COLONY (M) STATION</name>
		<LookAt>
			<longitude>72.9228444913948</longitude>
			<latitude>19.10089064011042</latitude>
			<altitude>0</altitude>
			<heading>-0.001618110227681599</heading>
			<tilt>0</tilt>
			<range>1866.325214031028</range>
			<gx:altitudeMode>relativeToSeaFloor</gx:altitudeMode>
		</LookAt>
		<styleUrl>#msn_ylw-pushpin4</styleUrl>
		<Point>
			<gx:drawOrder>1</gx:drawOrder>
			<coordinates>72.92049978012678,19.10311829343171,0</coordinates>
		</Point>
	</Placemark>
	<Placemark>
		<name>VIKHROLI (M) STATION</name>
		<LookAt>
			<longitude>72.92679773778514</longitude>
			<latitude>19.10825767719772</latitude>
			<altitude>0</altitude>
			<heading>-0.0003238802332486607</heading>
			<tilt>0</tilt>
			<range>1863.12705246988</range>
			<gx:altitudeMode>relativeToSeaFloor</gx:altitudeMode>
		</LookAt>
		<styleUrl>#msn_ylw-pushpin4</styleUrl>
		<Point>
			<gx:drawOrder>1</gx:drawOrder>
			<coordinates>72.92448640445542,19.10879077674071,0</coordinates>
		</Point>
	</Placemark>
	<Placemark>
		<name>SURYA NAGAR(M) STATION</name>
		<LookAt>
			<longitude>72.92872570804715</longitude>
			<latitude>19.11675166904611</latitude>
			<altitude>0</altitude>
			<heading>0.0003078586000350012</heading>
			<tilt>0</tilt>
			<range>1872.324651818014</range>
			<gx:altitudeMode>relativeToSeaFloor</gx:altitudeMode>
		</LookAt>
		<styleUrl>#msn_ylw-pushpin4</styleUrl>
		<Point>
			<gx:drawOrder>1</gx:drawOrder>
			<coordinates>72.92606562149851,19.11778727547254,0</coordinates>
		</Point>
	</Placemark>
	<Placemark>
		<name>GANDHI NAGAR (M) STATION</name>
		<LookAt>
			<longitude>72.92980463351371</longitude>
			<latitude>19.12467211405127</latitude>
			<altitude>0</altitude>
			<heading>0.0006622098968088178</heading>
			<tilt>0</tilt>
			<range>2390.716029715218</range>
			<gx:altitudeMode>relativeToSeaFloor</gx:altitudeMode>
		</LookAt>
		<styleUrl>#msn_ylw-pushpin4</styleUrl>
		<Point>
			<gx:drawOrder>1</gx:drawOrder>
			<coordinates>72.92519554566624,19.126584524204,0</coordinates>
		</Point>
	</Placemark>
	<Placemark>
		<name>NAVAL HOUSING (M) STATION</name>
		<LookAt>
			<longitude>72.93053836859167</longitude>
			<latitude>19.13322923276201</latitude>
			<altitude>0</altitude>
			<heading>0.0009030794211422536</heading>
			<tilt>0</tilt>
			<range>1295.357166010456</range>
			<gx:altitudeMode>relativeToSeaFloor</gx:altitudeMode>
		</LookAt>
		<styleUrl>#msn_ylw-pushpin4</styleUrl>
		<Point>
			<gx:drawOrder>1</gx:drawOrder>
			<coordinates>72.92766290937806,19.13296246498987,0</coordinates>
		</Point>
	</Placemark>
	<Placemark>
		<name>BHANDUP MAHAPALIKA (M) STATION</name>
		<LookAt>
			<longitude>72.93190649614105</longitude>
			<latitude>19.13803315732151</latitude>
			<altitude>0</altitude>
			<heading>0.001351533323331573</heading>
			<tilt>0</tilt>
			<range>1661.337866394163</range>
			<gx:altitudeMode>relativeToSeaFloor</gx:altitudeMode>
		</LookAt>
		<styleUrl>#msn_ylw-pushpin4</styleUrl>
		<Point>
			<gx:drawOrder>1</gx:drawOrder>
			<coordinates>72.93056831623366,19.13852332409509,0</coordinates>
		</Point>
	</Placemark>
	<Placemark>
		<name>BHANDUP (M) STATION</name>
		<LookAt>
			<longitude>72.93291819493173</longitude>
			<latitude>19.14532343517411</latitude>
			<altitude>0</altitude>
			<heading>0.001683141342106739</heading>
			<tilt>0</tilt>
			<range>2100.457713743559</range>
			<gx:altitudeMode>relativeToSeaFloor</gx:altitudeMode>
		</LookAt>
		<styleUrl>#msn_ylw-pushpin4</styleUrl>
		<Point>
			<gx:drawOrder>1</gx:drawOrder>
			<coordinates>72.93630494287523,19.14648259205364,0</coordinates>
		</Point>
	</Placemark>
	<Placemark>
		<name>SHANGRILA (M) STATION</name>
		<LookAt>
			<longitude>72.93477345418201</longitude>
			<latitude>19.15277290102901</latitude>
			<altitude>0</altitude>
			<heading>0.002291272695792396</heading>
			<tilt>0</tilt>
			<range>2075.163186596544</range>
			<gx:altitudeMode>relativeToSeaFloor</gx:altitudeMode>
		</LookAt>
		<styleUrl>#msn_ylw-pushpin4</styleUrl>
		<Point>
			<gx:drawOrder>1</gx:drawOrder>
			<coordinates>72.93754301390317,19.15393058151935,0</coordinates>
		</Point>
	</Placemark>
	<Placemark>
		<name>SONAPUR (M) STATION</name>
		<LookAt>
			<longitude>72.93964822298607</longitude>
			<latitude>19.16669934823983</latitude>
			<altitude>0</altitude>
			<heading>0.003891709869970721</heading>
			<tilt>0</tilt>
			<range>1047.29299337143</range>
			<gx:altitudeMode>relativeToSeaFloor</gx:altitudeMode>
		</LookAt>
		<styleUrl>#msn_ylw-pushpin4</styleUrl>
		<Point>
			<gx:drawOrder>1</gx:drawOrder>
			<coordinates>72.93844264735714,19.16643319408614,0</coordinates>
		</Point>
	</Placemark>
	<Placemark>
		<name>MULUND FIRE STATION (M) STATION</name>
		<LookAt>
			<longitude>72.94302833213051</longitude>
			<latitude>19.17461214435358</latitude>
			<altitude>0</altitude>
			<heading>0.005001772952864106</heading>
			<tilt>0</tilt>
			<range>1685.058630320565</range>
			<gx:altitudeMode>relativeToSeaFloor</gx:altitudeMode>
		</LookAt>
		<styleUrl>#msn_ylw-pushpin4</styleUrl>
		<Point>
			<gx:drawOrder>1</gx:drawOrder>
			<coordinates>72.94231559113098,19.17529277427543,0</coordinates>
		</Point>
	</Placemark>
	<Placemark>
		<name>MULUND NAKA(M) STATION</name>
		<LookAt>
			<longitude>72.94938894699632</longitude>
			<latitude>19.18078879564259</latitude>
			<altitude>0</altitude>
			<heading>0.007091517140256343</heading>
			<tilt>0</tilt>
			<range>1684.242808098056</range>
			<gx:altitudeMode>relativeToSeaFloor</gx:altitudeMode>
		</LookAt>
		<styleUrl>#msn_ylw-pushpin4</styleUrl>
		<Point>
			<gx:drawOrder>1</gx:drawOrder>
			<coordinates>72.95050566789762,19.18333342365553,0</coordinates>
		</Point>
	</Placemark>
	<Placemark>
		<name>TEEN HAATH NAKA (M) STATION</name>
		<LookAt>
			<longitude>72.960462727528</longitude>
			<latitude>19.18653346603217</latitude>
			<altitude>0</altitude>
			<heading>0.01073004756157266</heading>
			<tilt>0</tilt>
			<range>1693.074922410892</range>
			<gx:altitudeMode>relativeToSeaFloor</gx:altitudeMode>
		</LookAt>
		<styleUrl>#msn_ylw-pushpin4</styleUrl>
		<Point>
			<gx:drawOrder>1</gx:drawOrder>
			<coordinates>72.96144358607874,19.18678847786407,0</coordinates>
		</Point>
	</Placemark>
	<Placemark>
		<name>RTO THANE (M) STATION</name>
		<LookAt>
			<longitude>72.96198634875354</longitude>
			<latitude>19.1910356756322</latitude>
			<altitude>0</altitude>
			<heading>0.01123070305590802</heading>
			<tilt>0</tilt>
			<range>1690.644619862016</range>
			<gx:altitudeMode>relativeToSeaFloor</gx:altitudeMode>
		</LookAt>
		<styleUrl>#msn_ylw-pushpin4</styleUrl>
		<Point>
			<gx:drawOrder>1</gx:drawOrder>
			<coordinates>72.96278815343374,19.19263873027742,0</coordinates>
		</Point>
	</Placemark>
	<Placemark>
		<name>MAHAPALIKA MARG(M) STATION</name>
		<LookAt>
			<longitude>72.96680651621141</longitude>
			<latitude>19.20106208802514</latitude>
			<altitude>0</altitude>
			<heading>0.01281601974951026</heading>
			<tilt>0</tilt>
			<range>2172.936117757888</range>
			<gx:altitudeMode>relativeToSeaFloor</gx:altitudeMode>
		</LookAt>
		<styleUrl>#msn_ylw-pushpin4</styleUrl>
		<Point>
			<gx:drawOrder>1</gx:drawOrder>
			<coordinates>72.96510760468455,19.20117356762945,0</coordinates>
		</Point>
	</Placemark>
	<Placemark>
		<name>CADBURY Jn (M) STATION</name>
		<LookAt>
			<longitude>72.96849505864124</longitude>
			<latitude>19.20412168743831</latitude>
			<altitude>0</altitude>
			<heading>0.01337131763124615</heading>
			<tilt>0</tilt>
			<range>2193.759576426595</range>
			<gx:altitudeMode>relativeToSeaFloor</gx:altitudeMode>
		</LookAt>
		<styleUrl>#msn_ylw-pushpin4</styleUrl>
		<Point>
			<gx:drawOrder>1</gx:drawOrder>
			<coordinates>72.97025930142573,19.20595495423799,0</coordinates>
		</Point>
	</Placemark>
	<Placemark>
		<name>MAJIWADA (M) STATION</name>
		<LookAt>
			<longitude>72.97706076724697</longitude>
			<latitude>19.21154241161083</latitude>
			<altitude>0</altitude>
			<heading>0.01618942114651336</heading>
			<tilt>0</tilt>
			<range>1198.30751149315</range>
			<gx:altitudeMode>relativeToSeaFloor</gx:altitudeMode>
		</LookAt>
		<styleUrl>#msn_ylw-pushpin4</styleUrl>
		<Point>
			<gx:drawOrder>1</gx:drawOrder>
			<coordinates>72.97572403958819,19.21159781440897,0</coordinates>
		</Point>
	</Placemark>
	<Placemark>
		<name>KAPURBAWDI (M) STATION</name>
		<LookAt>
			<longitude>72.97918028151848</longitude>
			<latitude>19.22241952680207</latitude>
			<altitude>0</altitude>
			<heading>0.01688719267312901</heading>
			<tilt>0</tilt>
			<range>1165.354735825361</range>
			<gx:altitudeMode>relativeToSeaFloor</gx:altitudeMode>
		</LookAt>
		<styleUrl>#msn_ylw-pushpin4</styleUrl>
		<Point>
			<gx:drawOrder>1</gx:drawOrder>
			<coordinates>72.97741384475926,19.22347684865885,0</coordinates>
		</Point>
	</Placemark>
	<Placemark>
		<name>MANPADA (M) STATION</name>
		<LookAt>
			<longitude>72.97974525706232</longitude>
			<latitude>19.22893310484519</latitude>
			<altitude>0</altitude>
			<heading>0.01707360080703311</heading>
			<tilt>0</tilt>
			<range>2384.99984493376</range>
			<gx:altitudeMode>relativeToSeaFloor</gx:altitudeMode>
		</LookAt>
		<styleUrl>#msn_ylw-pushpin4</styleUrl>
		<Point>
			<gx:drawOrder>1</gx:drawOrder>
			<coordinates>72.97652599968743,19.23152449362905,0</coordinates>
		</Point>
	</Placemark>
	<Placemark>
		<name>TIKUJI WADI (M) STATION</name>
		<LookAt>
			<longitude>72.97663596659376</longitude>
			<latitude>19.23752287007702</latitude>
			<altitude>0</altitude>
			<heading>0.01604976056660817</heading>
			<tilt>0</tilt>
			<range>1077.138159778573</range>
			<gx:altitudeMode>relativeToSeaFloor</gx:altitudeMode>
		</LookAt>
		<styleUrl>#msn_ylw-pushpin4</styleUrl>
		<Point>
			<gx:drawOrder>1</gx:drawOrder>
			<coordinates>72.97555015463998,19.23820716371973,0</coordinates>
		</Point>
	</Placemark>
	<Placemark>
		<name>DONGARIPADA (M) STATION</name>
		<LookAt>
			<longitude>72.9761443155133</longitude>
			<latitude>19.2479296227068</latitude>
			<altitude>0</altitude>
			<heading>0.01588775317619739</heading>
			<tilt>0</tilt>
			<range>2152.246353749264</range>
			<gx:altitudeMode>relativeToSeaFloor</gx:altitudeMode>
		</LookAt>
		<styleUrl>#msn_ylw-pushpin4</styleUrl>
		<Point>
			<gx:drawOrder>1</gx:drawOrder>
			<coordinates>72.97306908237161,19.25050973097799,0</coordinates>
		</Point>
	</Placemark>
	<Placemark>
		<name>VIJAY GARDEN(M) STATION</name>
		<LookAt>
			<longitude>72.97119300120589</longitude>
			<latitude>19.25811513103504</latitude>
			<altitude>0</altitude>
			<heading>0.01425593034881892</heading>
			<tilt>0</tilt>
			<range>674.3380734120691</range>
			<gx:altitudeMode>relativeToSeaFloor</gx:altitudeMode>
		</LookAt>
		<styleUrl>#msn_ylw-pushpin4</styleUrl>
		<Point>
			<gx:drawOrder>1</gx:drawOrder>
			<coordinates>72.97015734321191,19.25835418769115,0</coordinates>
		</Point>
	</Placemark>
	<Placemark>
		<name>KASARVADAVLI (M) STATION</name>
		<LookAt>
			<longitude>72.96870231435841</longitude>
			<latitude>19.26659325298648</latitude>
			<altitude>0</altitude>
			<heading>0.0134346766692479</heading>
			<tilt>0</tilt>
			<range>1292.919616705289</range>
			<gx:altitudeMode>relativeToSeaFloor</gx:altitudeMode>
		</LookAt>
		<styleUrl>#msn_ylw-pushpin4</styleUrl>
		<Point>
			<gx:drawOrder>1</gx:drawOrder>
			<coordinates>72.96654594805754,19.2673741024477,0</coordinates>
		</Point>
	</Placemark>
	<Placemark>
		<name>GOWNIPADA (M) STATION</name>
		<LookAt>
			<longitude>72.9621206390884</longitude>
			<latitude>19.2752235946405</latitude>
			<altitude>0</altitude>
			<heading>0.01126318624962863</heading>
			<tilt>0</tilt>
			<range>2456.263681956047</range>
			<gx:altitudeMode>relativeToSeaFloor</gx:altitudeMode>
		</LookAt>
		<styleUrl>#msn_ylw-pushpin4</styleUrl>
		<Point>
			<gx:drawOrder>1</gx:drawOrder>
			<coordinates>72.95803160493108,19.2766914534731,0</coordinates>
		</Point>
	</Placemark>
	<Placemark>
		<name>GAIMUKH (M) STATION</name>
		<LookAt>
			<longitude>72.95271124107434</longitude>
			<latitude>19.28193705519163</latitude>
			<altitude>0</altitude>
			<heading>0.008156966497777508</heading>
			<tilt>0</tilt>
			<range>2075.610475592957</range>
			<gx:altitudeMode>relativeToSeaFloor</gx:altitudeMode>
		</LookAt>
		<styleUrl>#msn_ylw-pushpin4</styleUrl>
		<Point>
			<gx:drawOrder>1</gx:drawOrder>
			<coordinates>72.94694933014021,19.28436259026278,0</coordinates>
		</Point>
	</Placemark>
</Document>
</kml>
