<?xml version="1.0" encoding="UTF-8"?>
<kml xmlns="http://www.opengis.net/kml/2.2" xmlns:gx="http://www.google.com/kml/ext/2.2" xmlns:kml="http://www.opengis.net/kml/2.2" xmlns:atom="http://www.w3.org/2005/Atom">
<Document>
	<name>ML 2B(D.N NAGAR TO MANDALE)</name>
	<open>1</open>
	<Style id="sh_ylw-pushpin">
		<IconStyle>
			<scale>1.3</scale>
			<Icon>
				<href>http://maps.google.com/mapfiles/kml/pushpin/ylw-pushpin.png</href>
			</Icon>
			<hotSpot x="20" y="2" xunits="pixels" yunits="pixels"/>
		</IconStyle>
		<LineStyle>
			<color>ffff0000</color>
			<width>4.2</width>
		</LineStyle>
		<PolyStyle>
			<color>7fff0000</color>
		</PolyStyle>
	</Style>
	<StyleMap id="msn_ylw-pushpin">
		<Pair>
			<key>normal</key>
			<styleUrl>#sn_ylw-pushpin</styleUrl>
		</Pair>
		<Pair>
			<key>highlight</key>
			<styleUrl>#sh_ylw-pushpin</styleUrl>
		</Pair>
	</StyleMap>
	<Style id="sn_ylw-pushpin">
		<IconStyle>
			<scale>1.1</scale>
			<Icon>
				<href>http://maps.google.com/mapfiles/kml/pushpin/ylw-pushpin.png</href>
			</Icon>
			<hotSpot x="20" y="2" xunits="pixels" yunits="pixels"/>
		</IconStyle>
		<LineStyle>
			<color>ffff0000</color>
			<width>4.2</width>
		</LineStyle>
		<PolyStyle>
			<color>7fff0000</color>
		</PolyStyle>
	</Style>
	<Style id="sh_ylw-pushpin0">
		<IconStyle>
			<scale>1.3</scale>
			<Icon>
				<href>http://maps.google.com/mapfiles/kml/pushpin/ylw-pushpin.png</href>
			</Icon>
			<hotSpot x="20" y="2" xunits="pixels" yunits="pixels"/>
		</IconStyle>
		<LabelStyle>
			<color>ff0000ff</color>
		</LabelStyle>
		<LineStyle>
			<color>ffff0000</color>
		</LineStyle>
		<PolyStyle>
			<color>ffff0000</color>
		</PolyStyle>
	</Style>
	<StyleMap id="msn_ylw-pushpin0">
		<Pair>
			<key>normal</key>
			<styleUrl>#sn_ylw-pushpin1</styleUrl>
		</Pair>
		<Pair>
			<key>highlight</key>
			<styleUrl>#sh_ylw-pushpin1</styleUrl>
		</Pair>
	</StyleMap>
	<Style id="sh_ylw-pushpin1">
		<IconStyle>
			<scale>1.3</scale>
			<Icon>
				<href>http://maps.google.com/mapfiles/kml/pushpin/ylw-pushpin.png</href>
			</Icon>
			<hotSpot x="20" y="2" xunits="pixels" yunits="pixels"/>
		</IconStyle>
		<LabelStyle>
			<color>ff0000ff</color>
		</LabelStyle>
	</Style>
	<Style id="sn_ylw-pushpin0">
		<IconStyle>
			<scale>1.1</scale>
			<Icon>
				<href>http://maps.google.com/mapfiles/kml/pushpin/ylw-pushpin.png</href>
			</Icon>
			<hotSpot x="20" y="2" xunits="pixels" yunits="pixels"/>
		</IconStyle>
		<LabelStyle>
			<color>ff0000ff</color>
		</LabelStyle>
		<LineStyle>
			<color>ffff0000</color>
		</LineStyle>
		<PolyStyle>
			<color>ffff0000</color>
		</PolyStyle>
	</Style>
	<StyleMap id="msn_ylw-pushpin1">
		<Pair>
			<key>normal</key>
			<styleUrl>#sn_ylw-pushpin0</styleUrl>
		</Pair>
		<Pair>
			<key>highlight</key>
			<styleUrl>#sh_ylw-pushpin0</styleUrl>
		</Pair>
	</StyleMap>
	<Style id="sn_ylw-pushpin1">
		<IconStyle>
			<scale>1.1</scale>
			<Icon>
				<href>http://maps.google.com/mapfiles/kml/pushpin/ylw-pushpin.png</href>
			</Icon>
			<hotSpot x="20" y="2" xunits="pixels" yunits="pixels"/>
		</IconStyle>
		<LabelStyle>
			<color>ff0000ff</color>
		</LabelStyle>
	</Style>
	<Placemark>
		<styleUrl>#msn_ylw-pushpin</styleUrl>
		<Polygon>
			<outerBoundaryIs>
				<LinearRing>
					<coordinates>
						72.8431360324185,19.0516650363969,0 72.8427467857631,19.0515137831986,0 72.84216365534969,19.0512741895628,0 72.8414018690807,19.0509627446682,0 72.84099829805589,19.0507829598438,0 72.84056392051041,19.0505833341154,0 72.840176090144,19.0504050047798,0 72.84016337550359,19.0503991785365,0 72.8401506443649,19.0503933849644,0 72.84013789682049,19.050387624106,0 72.84012513296339,19.0503818960032,0 72.84011235288671,19.0503762006977,0 72.8400995566835,19.050370538231,0 72.84008674444731,19.0503649086445,0 72.84007391627151,19.0503593119793,0 72.8400610722494,19.0503537482761,0 72.8400482124749,19.0503482175754,0 72.8400353370417,19.0503427199178,0 72.8400224460437,19.0503372553431,0 72.8400150574515,19.0503342064331,0 72.84000765683661,19.0503311840055,0 72.84000024430409,19.0503281881033,0 72.83999281995889,19.0503252187688,0 72.83998538390659,19.0503222760444,0 72.8399779362525,19.0503193599715,0 72.8399704771023,19.0503164705918,0 72.8399630065617,19.0503136079461,0 72.8399555247367,19.050310772075,0 72.8399480317336,19.0503079630186,0 72.8399405276584,19.0503051808171,0 72.83993301261771,19.0503024255096,0 72.8399236946384,19.0502990543757,0 72.8399143547486,19.0502957385233,0 72.839904993311,19.0502924780811,0 72.8398956106893,19.0502892731757,0 72.8398862072477,19.0502861239315,0 72.8398767833514,19.0502830304709,0 72.83986733936629,19.050279992914,0 72.83985787565921,19.0502770113786,0 72.8398483925976,19.0502740859807,0 72.8398388905498,19.0502712168337,0 72.8398293698846,19.0502684040492,0 72.83981983097191,19.0502656477365,0 72.8397288225876,19.050242921625,0 72.8396364237546,19.0502260138955,0 72.8395430453579,19.0502149997333,0 72.8394491026376,19.0502099281158,0 72.83935501334319,19.0502108215947,0 72.83926119587569,19.0502176761958,0 72.8391680674273,19.0502304614368,0 72.83907604212629,19.0502491204626,0 72.8389855291956,19.0502735702984,0 72.83889693113351,19.0503037022184,0 72.8388106419232,19.0503393822292,0 72.8387270452814,19.0503804516665,0 72.8386466955764,19.050426659579,0 72.83856975418181,19.0504778449491,0 72.8384965615498,19.0505337812915,0 72.838427441546,19.0505942210988,0 72.8383627000165,19.0506588969364,0 72.8383026234345,19.0507275226263,0 72.83824747763251,19.0507997945125,0 72.8381975066265,19.050875392805,0 72.8381529315357,19.0509539829951,0 72.83811394960409,19.0510352173348,0 72.8380807333283,19.0511187363756,0 72.83805342969301,19.0512041705598,0 72.8380443939773,19.0512363712912,0 72.8380360060312,19.0512687301063,0 72.8380282689091,19.0513012352229,0 72.8380211854286,19.0513338748055,0 72.838014758169,19.0513666369701,0 72.83800898947101,19.0513995097876,0 72.8380038814355,19.0514324812887,0 72.8379994359226,19.0514655394684,0 72.83799565455141,19.0514986722899,0 72.8379925386991,19.0515318676893,0 72.83799008950071,19.0515651135799,0 72.83798830784821,19.0515983978566,0 72.83795354763031,19.0519200321416,0 72.8379053791075,19.0523046467664,0 72.8378538094348,19.0526547396832,0 72.8377532584195,19.0526385303373,0 72.8375659272435,19.0536892961507,0 72.83737859300319,19.0547400614295,0 72.8374602026489,19.0547532173935,0 72.8374290485981,19.0549040665508,0 72.83742756285029,19.0549106628231,0 72.8374260600233,19.0549172555962,0 72.83742454012609,19.0549238448299,0 72.837423003168,19.0549304304843,0 72.8374214491584,19.0549370125195,0 72.8374198781065,19.0549435908955,0 72.8374182900221,19.0549501655726,0 72.8374166849146,19.0549567365106,0 72.8374150627939,19.0549633036698,0 72.8374134236697,19.0549698670105,0 72.837411767552,19.0549764264927,0 72.8374100944508,19.0549829820768,0 72.8373979892293,19.0550278294756,0 72.83739774198619,19.055028754314,0 72.8373974917676,19.0550296784286,0 72.8373972385762,19.0550306018107,0 72.83739698241411,19.0550315244517,0 72.8373967232838,19.0550324463429,0 72.83739646118779,19.0550333674757,0 72.8373961961284,19.0550342878415,0 72.83739592810819,19.0550352074316,0 72.83739565712961,19.0550361262375,0 72.8373953831953,19.0550370442505,0 72.8373951063077,19.055037961462,0 72.83739482646951,19.0550388778634,0 72.8373909623953,19.055052008979,0 72.8373869839394,19.0550651091732,0 72.8373828913751,19.055078177545,0 72.8373786849838,19.0550912131958,0 72.8373743650548,19.0551042152292,0 72.83736993188531,19.0551171827509,0 72.8373653857799,19.0551301148693,0 72.8373607270514,19.0551430106949,0 72.83735595602001,19.055155869341,0 72.83735107301391,19.0551686899233,0 72.8373460783688,19.0551814715602,0 72.83734097242819,19.0551942133726,0 72.8373325137655,19.0552143833367,0 72.8373237933255,19.0552344522474,0 72.8373148124429,19.0552544170327,0 72.8373055724923,19.0552742746367,0 72.837296074888,19.0552940220199,0 72.8372863210835,19.0553136561596,0 72.8372763125719,19.0553331740505,0 72.83726605088501,19.0553525727049,0 72.83725553759341,19.0553718491538,0 72.8372447743063,19.0553910004464,0 72.8372337626712,19.0554100236513,0 72.8372225043733,19.0554289158567,0 72.8372162599855,19.0554393025263,0 72.8372099841876,19.0554496720646,0 72.83720367703189,19.0554600243857,0 72.83719733857031,19.0554703594038,0 72.8371909688555,19.0554806770333,0 72.8371845679402,19.0554909771889,0 72.83717813587739,19.0555012597852,0 72.8371716727203,19.055511524737,0 72.8371651785226,19.0555217719593,0 72.8371586533379,19.0555320013671,0 72.8371520972203,19.0555422128761,0 72.8371455102242,19.0555524064012,0 72.836902061402,19.0559240495705,0 72.8368526701066,19.0559966871022,0 72.8368056153319,19.0560707139272,0 72.8367609402642,19.0561460621088,0 72.83671868590621,19.0562226624974,0 72.8366788910395,19.0563004447943,0 72.8366415921883,19.056379337616,0 72.83660682358661,19.0564592685595,0 72.8365746171463,19.0565401642694,0 72.8365450024279,19.0566219505046,0 72.8365180066138,19.0567045522066,0 72.83649365448289,19.0567878935684,0 72.836471968388,19.0568718981042,0 72.836455747636,19.0569463360793,0 72.8364417036438,19.0570211730948,0 72.8364298472131,19.0570963516072,0 72.8364201874636,19.0571718138102,0 72.8364127318255,19.0572475016791,0 72.8364074860349,19.057323357016,0 72.8364044541281,19.0573993214939,0 72.83640363843971,19.0574753367017,0 72.8364050395999,19.0575513441897,0 72.8364086565342,19.0576272855132,0 72.83641448646461,19.0577031022794,0 72.8364225249113,19.0577787361901,0 72.83642807920749,19.057825829065,0 72.8364336702635,19.0578729180068,0 72.8364392980764,19.0579200029894,0 72.8364449626431,19.0579670839871,0 72.83645066396031,19.0580141609737,0 72.83645640202531,19.0580612339234,0 72.8364621768345,19.0581083028103,0 72.8364679883851,19.0581553676084,0 72.8364738366739,19.0582024282918,0 72.8364797216975,19.0582494848345,0 72.8364856434528,19.0582965372108,0 72.8364916019367,19.0583435853945,0 72.836498109457,19.0583960472672,0 72.83650464490751,19.0584485060006,0 72.83651120828669,19.0585009615814,0 72.8365177995927,19.0585534139962,0 72.8365244188241,19.0586058632315,0 72.836531065979,19.0586583092738,0 72.83653774105601,19.0587107521096,0 72.8365444440531,19.0587631917257,0 72.8365511749688,19.0588156281085,0 72.8365579338014,19.0588680612446,0 72.83656472054921,19.0589204911206,0 72.8365715352103,19.058972917723,0 72.83657695928849,19.0590108883244,0 72.8365826274062,19.0590488266834,0 72.83658853935199,19.0590867313818,0 72.8365946949049,19.0591246010027,0 72.8366010938351,19.0591624341306,0 72.8366077359034,19.0592002293514,0 72.8366146208618,19.0592379852522,0 72.8366217484532,19.0592757004218,0 72.8366291184112,19.0593133734503,0 72.8366367304604,19.0593510029296,0 72.8366445843167,19.0593885874532,0 72.83665267968659,19.059426125616,0 72.83666037455249,19.0594599470654,0 72.8366681569168,19.0594937504088,0 72.83667602673251,19.0595275354416,0 72.836683983952,19.0595613019592,0 72.8366920285273,19.0595950497571,0 72.83670016040951,19.059628778631,0 72.83670837954971,19.0596624883769,0 72.8367166858979,19.0596961787904,0 72.8367250794042,19.0597298496676,0 72.83673356001751,19.0597635008048,0 72.83674212768671,19.0597971319981,0 72.83675078236,19.0598307430439,0 72.83675713265831,19.0598556291765,0 72.8367634174431,19.0598805303418,0 72.8367696366747,19.059905446384,0 72.83677579031431,19.0599303771471,0 72.83678187832339,19.0599553224748,0 72.8367879006636,19.059980282211,0 72.83679385729749,19.0600052561994,0 72.8367997481874,19.0600302442836,0 72.8368055732966,19.060055246307,0 72.8368113325886,19.0600802621133,0 72.83681702602721,19.0601052915456,0 72.8368226535767,19.0601303344472,0 72.8368320833879,19.0601742108344,0 72.83684115397701,19.0602181556424,0 72.8368498647946,19.0602621662119,0 72.8368582153135,19.0603062398801,0 72.8368662050281,19.06035037398,0 72.83687383345441,19.060394565841,0 72.8368811001309,19.060438812789,0 72.83688800461751,19.0604831121468,0 72.8368945464959,19.0605274612337,0 72.8369007253702,19.0605718573662,0 72.836906540866,19.0606162978578,0 72.8369119926313,19.0606607800195,0 72.836914996687,19.060687487382,0 72.8369179333564,19.0607142015198,0 72.8369208026227,19.0607409222794,0 72.83692360446911,19.0607676495068,0 72.83692633887971,19.0607943830482,0 72.8369290058386,19.06082112275,0 72.83693160533061,19.060847868458,0 72.83693413734051,19.0608746200185,0 72.83693660185379,19.0609013772775,0 72.8369389988561,19.060928140081,0 72.83694132833379,19.060954908275,0 72.83694359027351,19.0609816817055,0 72.8369894339462,19.0615062121177,0 72.83703296133309,19.0620042556959,0 72.8370506034772,19.0622246964171,0 72.8370573610912,19.0623556870869,0 72.83706059130159,19.0624867992852,0 72.83696486116099,19.0624858395103,0 72.836953042855,19.0635515370589,0 72.8369412236539,19.0646172344778,0 72.83703858080101,19.064618210687,0 72.8370362554749,19.0651115683536,0 72.8370603389624,19.066627205622,0 72.8370594776065,19.0671512644701,0 72.8370388795164,19.0675738274977,0 72.83703362274611,19.067883161887,0 72.8370388314804,19.068184522697,0 72.83704861840261,19.0684129149104,0 72.8371352185812,19.070247132515,0 72.8372218184678,19.0720813499287,0 72.8371245494875,19.0720855015117,0 72.8371748162139,19.073150185224,0 72.8372250828422,19.0742148688719,0 72.83732235307561,19.0742107173592,0 72.83733275843881,19.0744298936369,0 72.8373440969978,19.0746511829032,0 72.8373714196475,19.0751107653521,0 72.83738679158731,19.0753763682074,0 72.83740486387219,19.0757418900359,0 72.83749762382401,19.0777279068576,0 72.8375903834109,19.0797139234538,0 72.8376340506677,19.0805473912204,0 72.83753681798601,19.0805523401211,0 72.83757301692221,19.0811952244821,0 72.83761380794149,19.0819205197453,0 72.83761580354491,19.0819572695266,0 72.8376176570761,19.0819940260326,0 72.83761936851001,19.0820307887667,0 72.8376209378233,19.0820675572324,0 72.8376223649948,19.082104330933,0 72.8376236500053,19.0821411093718,0 72.83762479283701,19.0821778920522,0 72.8376257934746,19.0822146784773,0 72.8376266519045,19.0822514681501,0 72.8376273681148,19.0822882605739,0 72.83762794209601,19.0823250552515,0 72.8376283738401,19.0823618516862,0 72.8376285775061,19.0823870362867,0 72.8376286948758,19.0824122213844,0 72.83762872594799,19.0824374067119,0 72.8376286707221,19.082462592002,0 72.8376285291988,19.0824877769873,0 72.8376283013797,19.0825129614006,0 72.8376279872668,19.0825381449745,0 72.8376275868638,19.0825633274419,0 72.8376271001746,19.0825885085355,0 72.83762652720451,19.0826136879879,0 72.8376258679595,19.0826388655321,0 72.8376251224465,19.0826640409007,0 72.83772339185229,19.0826642056002,0 72.8377222205107,19.0827369902548,0 72.83772066465249,19.0828672101941,0 72.837720474262,19.0829030401961,0 72.8377230218766,19.0831485315286,0 72.83773253804991,19.083397827403,0 72.83774469088471,19.0836000315969,0 72.83776003226851,19.0838368698851,0 72.8377841234343,19.0842109244453,0 72.8378109687182,19.0847379776613,0 72.83788047589459,19.0863499754747,0 72.837949982719,19.0879619731331,0 72.8379604092149,19.0881892878403,0 72.83797642644269,19.0884527048924,0 72.8379908814926,19.0886451155835,0 72.8380180612274,19.0890112696036,0 72.83803261474991,19.0892901623499,0 72.8380563646045,19.0898326512346,0 72.8380784155767,19.0903248803671,0 72.8380924389968,19.0906035453337,0 72.8380971405347,19.090654152434,0 72.8380993393761,19.0906809290615,0 72.8381014282818,19.0907047944642,0 72.8381030837967,19.0907227324898,0 72.83810511560149,19.0907437011043,0 72.8381095316727,19.0907857689369,0 72.8381140854287,19.0908249805355,0 72.8381167289544,19.090846150032,0 72.8381191097092,19.0908643255601,0 72.8381207289501,19.0908762514379,0 72.83812572824149,19.0909097181421,0 72.8381310486722,19.0909431400663,0 72.8381366897991,19.0909765144255,0 72.8381426511523,19.0910098384383,0 72.8381489322351,19.0910431093281,0 72.8381555325245,19.0910763243222,0 72.8381624514705,19.0911094806527,0 72.83816968849691,19.0911425755568,0 72.8381772430006,19.0911756062766,0 72.8381851143525,19.0912085700595,0 72.8381933018966,19.0912414641587,0 72.8382018049511,19.091274285833,0 72.83822028264851,19.0913393691944,0 72.8382400492348,19.0914041093935,0 72.83826109766861,19.0914684833633,0 72.8382834204518,19.0915324681675,0 72.8383070096326,19.0915960410081,0 72.8383318568072,19.091659179234,0 72.8383579531243,19.091721860349,0 72.838385289287,19.0917840620196,0 72.83841385555699,19.0918457620832,0 72.83844364175729,19.0919069385559,0 72.83847463727661,19.0919675696403,0 72.8385068310721,19.0920276337332,0 72.8385468031114,19.0921041486941,0 72.838586786242,19.0921806584278,0 72.8386267804632,19.0922571629326,0 72.8386667857741,19.0923336622073,0 72.8387068021742,19.0924101562503,0 72.8387468296627,19.0924866450601,0 72.8387868682388,19.0925631286354,0 72.8388269179017,19.0926396069746,0 72.8388669786508,19.0927160800764,0 72.8389070504852,19.0927925479393,0 72.8389471334044,19.0928690105618,0 72.8389872274074,19.0929454679425,0 72.8390006948805,19.092970966396,0 72.8390139961802,19.0929965435629,0 72.83902713079721,19.0930221984645,0 72.83904009822901,19.0930479301189,0 72.8390528979793,19.0930737375413,0 72.8390655295581,19.0930996197445,0 72.8390779924819,19.0931255757377,0 72.8390902862739,19.0931516045278,0 72.8391024104633,19.0931777051189,0 72.83911436458629,19.093203876512,0 72.8391261481853,19.0932301177056,0 72.83913776080919,19.0932564276956,0 72.83916576595389,19.0933244340121,0 72.8391918110095,19.0933931407022,0 72.8392158766226,19.0934624967179,0 72.8392379449102,19.0935324505291,0 72.8392579994734,19.0936029501611,0 72.83927602540921,19.0936739432337,0 72.83929200932209,19.0937453770002,0 72.8393059393333,19.0938171983861,0 72.8393178050905,19.093889354029,0 72.8393275977746,19.0939617903181,0 72.8393353101073,19.0940344534341,0 72.8393409363554,19.0941072893887,0 72.8393495480461,19.0943964954397,0 72.83924996156181,19.0943953539122,0 72.8392142051726,19.0965265923511,0 72.83931157414921,19.0965280687539,0 72.8392789652473,19.098471568258,0 72.8392452752347,19.1004767868707,0 72.8392402680185,19.100629291694,0 72.839239864615,19.1006341738142,0 72.83923945063521,19.1006390551341,0 72.8392390260809,19.1006439356333,0 72.8392385909539,19.1006488152909,0 72.8392381452561,19.100653694086,0 72.8392376889894,19.1006585719984,0 72.8392372221556,19.1006634490071,0 72.8392367447569,19.1006683250914,0 72.839236256795,19.1006732002307,0 72.8392357582724,19.1006780744042,0 72.83923524919081,19.1006829475914,0 72.8392347295526,19.1006878197716,0 72.83922560812211,19.1007618656439,0 72.8392250755314,19.1007660169833,0 72.8392245080785,19.1007701641465,0 72.8392239057998,19.1007743068688,0 72.8392232687337,19.1007784448861,0 72.83922259692081,19.1007825779343,0 72.83922189040391,19.1007867057496,0 72.83922114922819,19.1007908280689,0 72.8392203734408,19.1007949446291,0 72.83921956309141,19.1007990551677,0 72.83921871823151,19.1008031594224,0 72.8392178389151,19.1008072571313,0 72.8392169251984,19.100811348033,0 72.8392163743428,19.1008137769966,0 72.8392158279496,19.1008162068708,0 72.8392152860205,19.1008186376484,0 72.8392147485571,19.1008210693218,0 72.8392142155611,19.1008235018836,0 72.8392136870341,19.1008259353264,0 72.8392131629776,19.1008283696429,0 72.8392126433933,19.1008308048255,0 72.8392121282828,19.100833240867,0 72.83921161764761,19.1008356777596,0 72.83921111148941,19.1008381154963,0 72.8392106098095,19.1008405540695,0 72.839210322131,19.100841937491,0 72.83921002600179,19.1008433193002,0 72.8392097214319,19.1008446994505,0 72.8392094084315,19.1008460778952,0 72.8392090870114,19.1008474545877,0 72.83920875718221,19.1008488294817,0 72.8392084189551,19.1008502025306,0 72.83920807234151,19.1008515736882,0 72.8392077173532,19.1008529429081,0 72.8392073540021,19.1008543101442,0 72.8392069823005,19.1008556753502,0 72.839206602261,19.1008570384801,0 72.83919986417391,19.1008819244895,0 72.8391923782137,19.1009066165961,0 72.8391841505368,19.1009310944938,0 72.83917518790869,19.1009553380524,0 72.83916549769999,19.1009793273349,0 72.83915508787931,19.1010030426129,0 72.839143967007,19.1010264643838,0 72.8391321442285,19.1010495733859,0 72.83911962926619,19.1010723506149,0 72.8391064324119,19.1010947773395,0 72.839092564518,19.1011168351164,0 72.83907803698899,19.1011385058059,0 72.8390628533037,19.101159596548,0 72.83904704956581,19.1011802715572,0 72.8390306383637,19.1012005143647,0 72.83901363276939,19.1012203088464,0 72.8389960463284,19.1012396392349,0 72.83897789304901,19.1012584901328,0 72.8389591873909,19.1012768465244,0 72.83893994425399,19.101294693788,0 72.83892017896611,19.1013120177076,0 72.8388999072711,19.1013288044837,0 72.8388791453162,19.1013450407449,0 72.8388579096392,19.1013607135582,0 72.83881214927089,19.1013914222622,0 72.8388066730741,19.1013948622336,0 72.8388011783122,19.101398275347,0 72.838795665131,19.1014016615117,0 72.8387901336767,19.1014050206381,0 72.83878458409591,19.1014083526369,0 72.83877901653609,19.1014116574198,0 72.8387734311447,19.1014149348991,0 72.8387678280702,19.1014181849879,0 72.838762207461,19.1014214075999,0 72.8387565694662,19.1014246026497,0 72.83875091423541,19.1014277700524,0 72.8387452419187,19.1014309097242,0 72.8387362450746,19.1014358214427,0 72.83872721877211,19.1014406840741,0 72.8387181633077,19.1014454974586,0 72.8387090789788,19.1014502614383,0 72.8386999660834,19.1014549758567,0 72.8386908249209,19.101459640559,0 72.83868165579131,19.1014642553922,0 72.8386724589959,19.1014688202046,0 72.8386632348364,19.1014733348464,0 72.8386539836158,19.1014777991694,0 72.83864470563771,19.101482213027,0 72.838635401207,19.1014865762742,0 72.8386224873405,19.1014925736992,0 72.8386095521153,19.1014985293841,0 72.8385965956807,19.1015044432603,0 72.83858361818611,19.1015103152595,0 72.83857061978161,19.1015161453138,0 72.8385576006169,19.101521933356,0 72.83854456084229,19.1015276793194,0 72.8385315006084,19.1015333831377,0 72.8385184200659,19.1015390447449,0 72.83850531936579,19.1015446640757,0 72.8384921986593,19.1015502410652,0 72.8384790580976,19.1015557756492,0 72.8380636664152,19.1017321948258,0 72.8376831238525,19.1018937976055,0 72.8376679027225,19.101900192844,0 72.8376526990282,19.1019066254539,0 72.8376375128712,19.1019130953925,0 72.8376223443527,19.1019196026165,0 72.8376071935742,19.1019261470823,0 72.83759206063679,19.1019327287464,0 72.8375769456415,19.1019393475649,0 72.83756184868921,19.1019460034934,0 72.8375467698809,19.1019526964875,0 72.8375317093173,19.1019594265026,0 72.8375166670989,19.1019661934937,0 72.83750164332611,19.1019729974155,0 72.83749580619251,19.1019756850371,0 72.8374899752219,19.1019783847212,0 72.8374841504418,19.1019810964551,0 72.83747833187979,19.101983820226,0 72.83747251956351,19.1019865560208,0 72.8374667135203,19.1019893038269,0 72.83746091377761,19.1019920636311,0 72.8374551203628,19.1019948354205,0 72.8374493333036,19.1019976191817,0 72.83744355262709,19.1020004149018,0 72.8374377783607,19.1020032225674,0 72.8374320105319,19.1020060421654,0 72.8374226299716,19.1020106586164,0 72.8374132735441,19.1020153191149,0 72.8374039414781,19.1020200235469,0 72.837394634002,19.1020247717975,0 72.8373853513434,19.1020295637504,0 72.8373760937295,19.1020343992884,0 72.8373668613866,19.1020392782931,0 72.8373576545406,19.1020442006454,0 72.8373484734167,19.1020491662246,0 72.8373393182395,19.1020541749095,0 72.837330189233,19.1020592265774,0 72.83732108662051,19.1020643211049,0 72.8373169913702,19.1020666405627,0 72.8373129025584,19.102068970263,0 72.83730882021349,19.1020713101895,0 72.83730474436391,19.1020736603261,0 72.8373006750378,19.1020760206565,0 72.8372966122633,19.1020783911643,0 72.8372925560687,19.1020807718331,0 72.837288506482,19.1020831626464,0 72.8372844635314,19.1020855635876,0 72.83728042724481,19.10208797464,0 72.8372763976503,19.1020903957869,0 72.83727237477579,19.1020928270116,0 72.8372662297412,19.1020965708236,0 72.8372601032042,19.1021003419323,0 72.83725399529889,19.102104140255,0 72.83724790615911,19.1021079657087,0 72.83724183591821,19.1021118182095,0 72.83723578470909,19.1021156976729,0 72.8372297526643,19.1021196040142,0 72.8372237399159,19.1021235371477,0 72.8372177465957,19.1021274969873,0 72.83721177283481,19.1021314834462,0 72.8372058187641,19.1021354964372,0 72.83719988451411,19.1021395358723,0 72.83717887258349,19.1021542054691,0 72.8371452976578,19.102178939984,0 72.837112518274,19.1022046207118,0 72.8370805639295,19.102231224543,0 72.8370494633798,19.1022587275374,0 72.83701924461209,19.1022871049455,0 72.8369899348197,19.1023163312311,0 72.8369615603785,19.102346380094,0 72.8369341468224,19.1023772244939,0 72.8369077188208,19.1024088366746,0 72.8368823001563,19.1024411881888,0 72.8368579137031,19.102474249924,0 72.83683458140681,19.1025079921285,0 72.8368116267682,19.1025434335497,0 72.8367898367177,19.1025795331956,0 72.836769232123,19.1026162564956,0 72.836749832717,19.1026535682815,0 72.8367316570783,19.1026914328218,0 72.83671472261329,19.1027298138554,0 72.8366990455405,19.1027686746269,0 72.8366846408736,19.1028079779211,0 72.8366715224083,19.102847686099,0 72.8366597027084,19.1028877611342,0 72.836649193094,19.1029281646486,0 72.83664000363039,19.1029688579496,0 72.83663425619601,19.1030006008609,0 72.83662904515241,19.1030324273316,0 72.8366243718409,19.1030643291714,0 72.8366202374646,19.1030962981707,0 72.83661664308769,19.1031283261024,0 72.83661358963541,19.1031604047243,0 72.83661107789381,19.1031925257814,0 72.83660910850971,19.1032246810074,0 72.8366076819902,19.1032568621273,0 72.8366067987027,19.1032890608598,0 72.8366064588747,19.1033212689185,0 72.83660666259421,19.103353478015,0 72.8366067248016,19.1034377435087,0 72.83650985412601,19.1034392934031,0 72.83652872021101,19.1045048946207,0 72.8365475857939,19.1055704957458,0 72.83663100036701,19.1055691612526,0 72.83662898783921,19.1065066760194,0 72.836626974713,19.1074441906953,0 72.8366269411892,19.1075570604948,0 72.8366271093612,19.1075899186179,0 72.8366279937493,19.1076623959615,0 72.8366283556783,19.1076865205724,0 72.8366288526879,19.1077106430101,0 72.8366294847639,19.1077347625912,0 72.83663025188859,19.1077588786324,0 72.83663115404031,19.1077829904504,0 72.8366321911935,19.1078070973621,0 72.8366333633188,19.1078311986844,0 72.83663467038301,19.1078552937344,0 72.8366361123494,19.1078793818295,0 72.8366376891769,19.1079034622873,0 72.8366394008212,19.1079275344254,0 72.8366412472335,19.1079515975619,0 72.83664311876061,19.1079746222262,0 72.83664506977151,19.1079976409276,0 72.8366471002453,19.1080206534184,0 72.83664921016,19.1080436594506,0 72.83665139949299,19.1080666587763,0 72.83665366822071,19.108089651148,0 72.8366560163187,19.1081126363178,0 72.83665844376181,19.1081356140383,0 72.83666095052379,19.1081585840618,0 72.8366635365779,19.1081815461411,0 72.83666620189599,19.1082045000288,0 72.83666894644971,19.1082274454777,0 72.83657184776359,19.1082389584495,0 72.8367106172666,19.1092965149961,0 72.8368493878145,19.1103540714991,0 72.8369460282525,19.1103426129849,0 72.83700353308311,19.1107808472481,0 72.8370610380932,19.1112190815038,0 72.8370872044033,19.1114365105526,0 72.8370936663536,19.1115111857716,0 72.8370983999783,19.1115859779653,0 72.8371014029879,19.1116608509935,0 72.8371026739289,19.1117357686768,0 72.8371022121847,19.1118106948143,0 72.8371000179762,19.1118855932009,0 72.83709609236131,19.111960427645,0 72.83709043723459,19.1120351619855,0 72.8370830553264,19.1121097601102,0 72.8370739502014,19.1121841859721,0 72.83706312625699,19.1122584036077,0 72.8370505887213,19.1123323771539,0 72.8370353229849,19.1124100745941,0 72.8370182016088,19.1124874217899,0 72.8369992334538,19.1125643787024,0 72.8369784283362,19.1126409054944,0 72.83695579702329,19.1127169625516,0 72.8369313512281,19.1127925105026,0 72.8369051036026,19.1128675102396,0 72.83687706773171,19.1129419229384,0 72.8368472581263,19.1130157100789,0 72.83681569021491,19.1130888334646,0 72.8367823803371,19.1131612552425,0 72.8367473457339,19.1132329379228,0 72.83672465564141,19.1132798129969,0 72.8367016451451,19.1133265467342,0 72.8366783152189,19.1133731371562,0 72.83665466685029,19.11341958229,0 72.83663070104051,19.1134658801691,0 72.8366064188038,19.1135120288332,0 72.83658182116839,19.1135580263282,0 72.8365569091753,19.1136038707066,0 72.8365316838792,19.1136495600271,0 72.8365061463479,19.1136950923553,0 72.8364802976625,19.1137404657633,0 72.8364541389174,19.1137856783296,0 72.8363680779125,19.1139303715383,0 72.8362755439717,19.1140714091036,0 72.83617670863291,19.1142085295499,0 72.8360717551182,19.1143414786628,0 72.8359608779938,19.1144700099611,0 72.8358442828095,19.1145938851534,0 72.8357221857175,19.1147128745806,0 72.83559481307191,19.1148267576408,0 72.8354624010088,19.1149353231991,0 72.83532519500871,19.1150383699791,0 72.8351834494414,19.1151357069353,0 72.83503742709421,19.1152271536085,0 72.834887402251,19.115312543991,0 72.8347336503922,19.115391718256,0 72.83457645639891,19.1154645297039,0 72.8344161115318,19.1155308434248,0 72.83425291289009,19.1155905365482,0 72.8340871628622,19.1156434984711,0 72.83391916856429,19.1156896310625,0 72.8337492412718,19.1157288488456,0 72.83357769584249,19.1157610791557,0 72.8334048501325,19.1157862622755,0 72.8332310244078,19.1158043515456,0 72.83305654075031,19.1158153134503,0 72.8330550328599,19.1157248492918,0 72.831933975197,19.1157417295112,0 72.83081291805191,19.1157586028713,0 72.83081450432471,19.1158538467582,0 72.8307298535362,19.1158646504095,0 72.830646081284,19.1158780018132,0 72.83056330157611,19.1158961021891,0 72.8304818120901,19.1159188864473,0 72.83040190586441,19.1159462726542,0 72.8303238702441,19.1159781623279,0 72.830247985848,19.1160144407918,0 72.8301745255596,19.1160549775868,0 72.8301037535456,19.1160996269411,0 72.8300359243063,19.1161482282933,0 72.8299712817599,19.1162006068713,0 72.8299100583662,19.1162565743192,0 72.82985247429011,19.1163159293754,0 72.8297977410181,19.1163799005305,0 72.8297472461456,19.1164469473955,0 72.82970118047869,19.1165168166253,0 72.829659718088,19.1165892442093,0 72.8296230156505,19.1166639564698,0 72.8295912118578,19.116740671096,0 72.8295644268914,19.1168190982104,0 72.82954276196971,19.116898941464,0 72.8295262989638,19.1169798991568,0 72.82951510008959,19.1170616653769,0 72.82950920767161,19.1171439311571,0 72.829508643983,19.1172263856419,0 72.8295132789942,19.1173122673453,0 72.8295296680199,19.1174593725384,0 72.8295527563526,19.1176317008552,0 72.82955869725031,19.1176776638622,0 72.8295695881457,19.1177649780985,0 72.8296072856905,19.1181506307622,0 72.82962272614211,19.1185372264063,0 72.8296215003882,19.1188046152551,0 72.82961736904031,19.1199098111256,0 72.82961383048099,19.1210149104259,0 72.8296139244143,19.1211424668515,0 72.8296181253577,19.1212538670832,0 72.82961855208001,19.1212646278519,0 72.8296190779204,19.1212753846563,0 72.8296197028383,19.1212861366714,0 72.82962042678621,19.121296883073,0 72.8296212497083,19.1213076230369,0 72.8296221715415,19.1213183557396,0 72.82962319221549,19.1213290803581,0 72.8296243116517,19.12133979607,0 72.8296255297644,19.1213505020537,0 72.8296268464602,19.1213611974882,0 72.82962826163811,19.1213718815534,0 72.8296297751898,19.1213825534299,0 72.82963160659971,19.12139495783,0 72.8296334653292,19.1214073585582,0 72.8296353513702,19.1214197555601,0 72.82963726471461,19.1214321487816,0 72.8296392053537,19.121444538168,0 72.8296411732792,19.1214569236653,0 72.82964316848251,19.121469305219,0 72.82964519095481,19.121481682775,0 72.82964724068719,19.1214940562788,0 72.8296493176708,19.1215064256764,0 72.8296514218965,19.1215187909135,0 72.829653553355,19.1215311519358,0 72.82965591180491,19.1215444024144,0 72.8296583842515,19.1215576341052,0 72.82966097052911,19.1215708461219,0 72.8296636704646,19.1215840375799,0 72.8296664838773,19.1215972075959,0 72.8296694105788,19.1216103552879,0 72.829672450373,19.1216234797755,0 72.8296756030567,19.1216365801798,0 72.8296788684184,19.1216496556236,0 72.8296822462397,19.1216627052313,0 72.82968573629439,19.1216757281289,0 72.8296893383489,19.1216887234446,0 72.82969725369451,19.1217170673473,0 72.8297050351425,19.1217454447277,0 72.8297126825362,19.1217738550142,0 72.82972019572151,19.1218022976349,0 72.82972757454689,19.1218307720167,0 72.8297348188638,19.1218592775864,0 72.8297419285264,19.1218878137699,0 72.82974890339111,19.1219163799925,0 72.82975574331771,19.1219449756787,0 72.8297624481683,19.121973600253,0 72.82976901780771,19.1220022531386,0 72.82977545210351,19.1220309337588,0 72.8297839727127,19.1220689725776,0 72.8297926477246,19.1221069798537,0 72.82980147700999,19.1221449550207,0 72.8298104604375,19.1221828975129,0 72.8298195978735,19.1222208067652,0 72.8298288891818,19.1222586822127,0 72.82983833422411,19.1222965232912,0 72.82984793285991,19.1223343294369,0 72.82985768494631,19.1223721000867,0 72.8298675903381,19.1224098346776,0 72.8298776488879,19.1224475326479,0 72.82988786044579,19.1224851934356,0 72.82989187917821,19.1225000550461,0 72.82989581700861,19.1225149362095,0 72.8298996738318,19.1225298365281,0 72.8299034495446,19.1225447556034,0 72.8299071440462,19.1225596930364,0 72.8299107572374,19.122574648428,0 72.829914289022,19.1225896213781,0 72.8299177393052,19.1226046114864,0 72.82992110799501,19.1226196183521,0 72.8299243950011,19.122634641574,0 72.82992760023571,19.1226496807503,0 72.8299307236131,19.1226647354791,0 72.8299411536569,19.122715031699,0 72.8299518479033,19.1227652777689,0 72.8299628060858,19.1228154724349,0 72.829974027931,19.1228656144443,0 72.8299855131594,19.122915702546,0 72.82999726148449,19.1229657354902,0 72.8300092726132,19.1230157120282,0 72.8300215462463,19.1230656309131,0 72.8300340820777,19.1231154908991,0 72.83004687979469,19.1231652907421,0 72.8300599390784,19.1232150291993,0 72.830073259603,19.1232647050295,0 72.8302411137381,19.1239703630391,0 72.83024532325069,19.1239877911205,0 72.8302495698544,19.1240052110705,0 72.8302538535316,19.1240226228181,0 72.8302581742649,19.1240400262919,0 72.8302625320364,19.1240574214206,0 72.8302669268285,19.1240748081332,0 72.83027135862309,19.1240921863582,0 72.8302758274022,19.1241095560246,0 72.8302803331474,19.1241269170613,0 72.83028487584021,19.1241442693974,0 72.83028945546231,19.1241616129616,0 72.8302940719947,19.1241789476829,0 72.8302968291883,19.1241880868352,0 72.83029955403531,19.1241972347479,0 72.8303022465045,19.1242063913178,0 72.8303049065657,19.1242155564412,0 72.83030753418871,19.1242247300146,0 72.8303101293439,19.1242339119342,0 72.8303126920018,19.1242431020962,0 72.83031522213351,19.1242523003968,0 72.83031771971049,19.1242615067319,0 72.83032018470431,19.1242707209975,0 72.83032261708731,19.1242799430893,0 72.83032501683179,19.1242891729029,0 72.8303291850543,19.1243030935961,0 72.8303333872895,19.1243170050479,0 72.83033762351489,19.1243309071831,0 72.8303418937073,19.1243447999269,0 72.83034619784399,19.1243586832042,0 72.8303505359015,19.1243725569401,0 72.8303549078567,19.1243864210598,0 72.83035931368571,19.1244002754883,0 72.83036375336501,19.1244141201509,0 72.83036822687041,19.1244279549731,0 72.8303727341779,19.1244417798799,0 72.8303772752633,19.1244555947968,0 72.83038422029721,19.1244743168929,0 72.8303911445955,19.1244930459269,0 72.8303980481503,19.1245117818779,0 72.830404930954,19.1245305247255,0 72.830411792999,19.1245492744486,0 72.83041863427771,19.1245680310266,0 72.8304254547824,19.1245867944386,0 72.8304322545057,19.124605564664,0 72.83043903344,19.1246243416818,0 72.8304457915776,19.1246431254713,0 72.83045252891139,19.1246619160117,0 72.8304592454335,19.1246807132822,0 72.83046904312209,19.124707786178,0 72.8304790927675,19.124734775508,0 72.8304893935812,19.124761679154,0 72.83049994475501,19.1247884950043,0 72.8305107454607,19.1248152209541,0 72.8305217948506,19.1248418549057,0 72.83053309205771,19.1248683947686,0 72.8305446361955,19.1248948384598,0 72.8305564263578,19.1249211839038,0 72.83056846161951,19.1249474290326,0 72.830580741036,19.1249735717863,0 72.83059326364361,19.1249996101129,0 72.83059945254659,19.1250124437511,0 72.8306055495043,19.1250253170884,0 72.83061155423469,19.1250382295298,0 72.8306174664602,19.1250511804785,0 72.83062328590761,19.1250641693356,0 72.8306290123077,19.1250771955009,0 72.83063464539571,19.1250902583719,0 72.8306401849115,19.125103357345,0 72.8306456305986,19.1251164918144,0 72.8306509822054,19.1251296611732,0 72.8306562394845,19.1251428648123,0 72.8306614021928,19.1251561021216,0 72.8306656798154,19.1251671354454,0 72.8306699914657,19.1251781567969,0 72.8306743371062,19.1251891660813,0 72.83067871669979,19.125200163204,0 72.8306831302088,19.1252111480703,0 72.8306875775951,19.1252221205858,0 72.8306920588206,19.1252330806561,0 72.83069657384669,19.1252440281868,0 72.83070112263449,19.1252549630839,0 72.83070570514499,19.1252658852532,0 72.8307103213388,19.1252767946009,0 72.83071497117611,19.125287691033,0 72.830719560004,19.1252985856495,0 72.8307240112491,19.1253095317136,0 72.830728324273,19.1253205276556,0 72.83073249845729,19.1253315718989,0 72.83073653320341,19.1253426628596,0 72.8307404279326,19.1253537989474,0 72.83074418208631,19.1253649785654,0 72.8307477951264,19.1253762001105,0 72.8307512665348,19.1253874619736,0 72.8307545958133,19.1253987625398,0 72.8307577824849,19.1254101001886,0 72.8307608260923,19.1254214732942,0 72.8307638619859,19.125433176428,0 72.8307668645822,19.1254448873197,0 72.83076983385919,19.1254566058841,0 72.8307727697955,19.1254683320353,0 72.8307756723693,19.1254800656878,0 72.8307785415594,19.1254918067556,0 72.83078137734501,19.1255035551531,0 72.8307841797053,19.1255153107944,0 72.8307869486197,19.1255270735935,0 72.83078968406819,19.1255388434646,0 72.8307923860306,19.1255506203214,0 72.8307950544871,19.1255624040782,0 72.83080025730401,19.1255868270743,0 72.8308049001671,19.1256113518259,0 72.8308089808808,19.125635966736,0 72.830812497515,19.125660660165,0 72.8308154484068,19.1256854204361,0 72.83081783216031,19.1257102358409,0 72.8308196476482,19.125735094645,0 72.83082089401179,19.1257599850935,0 72.8308215706613,19.1257848954162,0 72.8308216772766,19.125809813834,0 72.8308212138071,19.1258347285637,0 72.83082018047141,19.1258596278237,0 72.8308195480914,19.1258722081539,0 72.83081898338671,19.1258847913927,0 72.83081848637229,19.1258973772111,0 72.83081805706109,19.1259099652801,0 72.83081769546421,19.1259225552707,0 72.8308174015913,19.1259351468539,0 72.83081717544999,19.1259477397006,0 72.8308170170462,19.1259603334816,0 72.8308169263841,19.1259729278677,0 72.830816903466,19.1259855225298,0 72.83081694829271,19.1259981171387,0 72.8308170608628,19.126010711365,0 72.8308172221425,19.1260332205891,0 72.8308171825239,19.1260557303036,0 72.8308169420099,19.1260782388886,0 72.8308165006175,19.1261007447245,0 72.8308158583785,19.1261232461915,0 72.8308150153392,19.1261457416707,0 72.83081397155991,19.1261682295429,0 72.8308127271157,19.1261907081901,0 72.83081128209621,19.1262131759944,0 72.8308096366052,19.1262356313392,0 72.8308077907611,19.1262580726085,0 72.83080574469661,19.1262804981874,0 72.8308043900405,19.1262953366227,0 72.8308031662221,19.1263101853243,0 72.83080207332731,19.12632504325,0 72.83080111143291,19.126339909357,0 72.8308002806064,19.1263547826017,0 72.8307995809061,19.1263696619404,0 72.83079901238111,19.1263845463285,0 72.8307985750716,19.1263994347213,0 72.8307982690081,19.126414326074,0 72.8307980942122,19.1264292193411,0 72.8307980506961,19.1264441134775,0 72.8307981384631,19.1264590074376,0 72.831272862532,19.1264772834785,0 72.83128807607621,19.1261202626655,0 72.831288582933,19.1261083577527,0 72.8312886843225,19.1261059728119,0 72.831288988086,19.1260988044756,0 72.8312910609649,19.1260482057009,0 72.8312950986134,19.1258996348868,0 72.8312949796798,19.1258204424942,0 72.8312948903161,19.125805280519,0 72.8312946677738,19.1257901197814,0 72.8312943120683,19.1257749613381,0 72.8312938232246,19.125759806246,0 72.83129320127679,19.1257446555612,0 72.83129244626819,19.1257295103399,0 72.83129155825149,19.1257143716381,0 72.8312905372887,19.1256992405107,0 72.83128938345089,19.1256841180128,0 72.8312880968187,19.1256690051982,0 72.8312866774817,19.1256539031206,0 72.8312851255388,19.1256388128326,0 72.8312836867908,19.1256257678395,0 72.8312821703251,19.1256127308017,0 72.83128057619069,19.1255997021376,0 72.83127890443851,19.1255866822652,0 72.83127715512219,19.125573671602,0 72.83127532829801,19.1255606705659,0 72.8312734240246,19.1255476795737,0 72.831271442363,19.1255346990424,0 72.83126938337691,19.1255217293883,0 72.8312672471322,19.1255087710276,0 72.8312650336977,19.1254958243762,0 72.83126274314429,19.1254828898493,0 72.8312593607146,19.1254647114617,0 72.8312557697693,19.1254465692419,0 72.8312519707364,19.1254284653505,0 72.8312479640684,19.1254104019438,0 72.83124375024239,19.1253923811732,0 72.83123932976039,19.1253744051848,0 72.83123470314899,19.1253564761197,0 72.83122987095931,19.1253385961131,0 72.8312248337667,19.1253207672947,0 72.83121959217139,19.1253029917877,0 72.83121414679771,19.1252852717092,0 72.8312084982942,19.1252676091697,0 72.8312055618548,19.1252586444478,0 72.831202601358,19.1252496868769,0 72.8311996168233,19.1252407365156,0 72.83119660826981,19.125231793422,0 72.83119357571729,19.1252228576545,0 72.8311905191855,19.1252139292713,0 72.8311874386942,19.1252050083302,0 72.8311843342636,19.1251960948898,0 72.83118120591389,19.1251871890077,0 72.8311780536655,19.125178290742,0 72.8311748775388,19.1251694001508,0 72.83117167755459,19.1251605172919,0 72.8311554355125,19.1251162233664,0 72.8311388028738,19.1250720605883,0 72.83112178081071,19.1250280320693,0 72.83110437052299,19.1249841409116,0 72.8310865732379,19.1249403902081,0 72.8310683902095,19.1248967830412,0 72.83104982271939,19.1248533224837,0 72.8310308720761,19.1248100115978,0 72.8310115396154,19.1247668534352,0 72.8309918266996,19.1247238510368,0 72.83097173471811,19.1246810074326,0 72.8309512650868,19.1246383256414,0 72.8309448825564,19.1246249639798,0 72.8309386607731,19.1246115339965,0 72.8309326005464,19.1245980374386,0 72.8309267026644,19.1245844760618,0 72.8309209678945,19.12457085163,0 72.83091539698251,19.124557165916,0 72.830909990653,19.1245434206997,0 72.8309047496094,19.1245296177693,0 72.8308996745334,19.1245157589204,0 72.8308947660851,19.1245018459558,0 72.8308900249029,19.1244878806853,0 72.83088545160371,19.1244738649257,0 72.8308747726494,19.1244404944777,0 72.8308640765427,19.1244071289938,0 72.8308533632862,19.1243737684819,0 72.8308426328823,19.12434041295,0 72.83083188533369,19.124307062406,0 72.830821120643,19.1242737168579,0 72.8308103388126,19.1242403763138,0 72.8307995398452,19.1242070407815,0 72.8307887237436,19.1241737102689,0 72.83077789051001,19.1241403847841,0 72.83076704014719,19.124107064335,0 72.830756172658,19.1240737489295,0 72.8307506712729,19.1240565756988,0 72.8307453627296,19.1240393477225,0 72.8307402476306,19.1240220669571,0 72.83073532655691,19.1240047353646,0 72.830730600067,19.1239873549133,0 72.8307260686977,19.1239699275767,0 72.8307217329634,19.1239524553338,0 72.8307175933565,19.1239349401686,0 72.83071365034689,19.1239173840699,0 72.8307099043823,19.1238997890314,0 72.830706355888,19.123882157051,0 72.8307030052669,19.1238644901308,0 72.83070118103841,19.1238548094383,0 72.8306992711358,19.1238451436855,0 72.83069727569431,19.1238354935572,0 72.83069519485549,19.1238258597375,0 72.8306930287668,19.1238162429091,0 72.83069077758159,19.1238066437534,0 72.8306884414597,19.1237970629508,0 72.8306860205664,19.1237875011801,0 72.8306835150735,19.1237779591193,0 72.8306809251585,19.1237684374442,0 72.830678251005,19.1237589368298,0 72.8306754928025,19.1237494579494,0 72.830536695568,19.1231652348343,0 72.8304001017617,19.1225902828619,0 72.8303816359476,19.1225126042856,0 72.8303810389088,19.1225100958648,0 72.8303798443779,19.1225050783541,0 72.8303750613677,19.1224850016922,0 72.830359450914,19.1224196819391,0 72.83035703871521,19.1224096235283,0 72.83035038800099,19.1223819507008,0 72.8303473600453,19.1223693822191,0 72.83032023443801,19.1222577145513,0 72.8302475572988,19.1219657436327,0 72.83020134981631,19.1217822725706,0 72.8301652017238,19.121638747892,0 72.83014985696001,19.1215773972541,0 72.830146871157,19.1215652709843,0 72.83014393472691,19.121553133827,0 72.8301410477136,19.1215409859637,0 72.8301382101603,19.1215288275762,0 72.83013542210939,19.1215166588464,0 72.8301326836026,19.1215044799563,0 72.830129994681,19.1214922910885,0 72.8301273553846,19.1214800924249,0 72.8301247657531,19.1214678841484,0 72.83012222582509,19.1214556664414,0 72.8301197356387,19.121443439487,0 72.83011729523111,19.121431203468,0 72.830115677433,19.1214228544633,0 72.83011411722561,19.1214144955617,0 72.8301126146758,19.1214061271221,0 72.8301111698481,19.1213977495038,0 72.8301097828047,19.1213893630665,0 72.83010845360479,19.1213809681704,0 72.8301071823059,19.1213725651759,0 72.8301059689622,19.1213641544438,0 72.83010481362599,19.1213557363351,0 72.8301037163468,19.1213473112115,0 72.83010267717179,19.1213388794344,0 72.83010169614551,19.1213304413662,0 72.8300999314469,19.1213142013226,0 72.8300982988563,19.1212979487997,0 72.8300967984711,19.1212816847684,0 72.83009543038099,19.1212654102001,0 72.8300941946675,19.1212491260673,0 72.83009309140451,19.1212328333426,0 72.8300921206579,19.1212165329994,0 72.8300912824855,19.1212002260114,0 72.83009057693749,19.1211839133528,0 72.8300900040561,19.1211675959982,0 72.83008956387521,19.1211512749222,0 72.8300892564211,19.1211349510999,0 72.8300891243246,19.1211253675001,0 72.83008901109091,19.1211157836823,0 72.8300889167203,19.1211061996799,0 72.8300888412133,19.1210966155265,0 72.83008878457,19.1210870312555,0 72.83008874679059,19.1210774469005,0 72.83008872787531,19.1210678624952,0 72.83008872782401,19.1210582780729,0 72.8300887466369,19.1210486936674,0 72.8300887843139,19.121039109312,0 72.8300888408548,19.1210295250405,0 72.8300889162595,19.1210199408862,0 72.83009246207899,19.1199111841623,0 72.8300959956748,19.1188059909512,0 72.8300962243359,19.1186637712143,0 72.83009526182521,19.1185312901197,0 72.83009526182521,19.1185312901197,0 72.8300946935268,19.1184962240897,0 72.8300939667608,19.1184611607038,0 72.8300930815408,19.1184261006086,0 72.83009203788321,19.1183910444515,0 72.8300908358073,19.1183559928791,0 72.8300894753354,19.1183209465382,0 72.8300879564928,19.1182859060757,0 72.8300862793074,19.1182508721381,0 72.83008444381051,19.1182158453719,0 72.8300824500359,19.1181808264235,0 72.8300802980207,19.118145815939,0 72.8300779878045,19.1181108145645,0 72.8300756922586,19.1180776186672,0 72.83007325917021,19.1180444316222,0 72.830070688577,19.1180112539441,0 72.8300679805191,19.1179780861477,0 72.8300651350385,19.1179449287478,0 72.83006215217939,19.1179117822586,0 72.8300590319883,19.1178786471945,0 72.8300557745136,19.1178455240696,0 72.83005237980591,19.1178124133978,0 72.83004884791799,19.1177793156927,0 72.8300451789048,19.1177462314679,0 72.8300413728233,19.1177131612368,0 72.8300377826217,19.1176841453337,0 72.8300341603464,19.1176551330325,0 72.83003050600141,19.1176261243652,0 72.8300268195909,19.1175971193639,0 72.8300231011187,19.1175681180607,0 72.8300193505893,19.1175391204874,0 72.8300155680066,19.1175101266763,0 72.83001175337471,19.1174811366591,0 72.8300079066981,19.1174521504681,0 72.83000402798101,19.1174231681351,0 72.8300001172276,19.1173941896922,0 72.8299961744423,19.1173652151714,0 72.82999438518971,19.1173515652097,0 72.829992726564,19.1173379003501,0 72.8299911987023,19.1173242217222,0 72.829989801731,19.1173105304565,0 72.8299885357652,19.1172968276847,0 72.8299874009099,19.1172831145391,0 72.82998639725859,19.1172693921535,0 72.8299855248942,19.1172556616618,0 72.8299847838889,19.1172419241989,0 72.8299841743038,19.1172281809004,0 72.8299836961894,19.1172144329021,0 72.82998334958501,19.1172006813402,0 72.8299894859243,19.1170925305812,0 72.8300093901391,19.1169858879327,0 72.830042767745,19.1168823310446,0 72.8300891249375,19.1167833919134,0 72.83014777589889,19.1166905342199,0 72.8302178529448,19.1166051316753,0 72.8302983193615,19.1165284477004,0 72.8303879847426,19.1164616167343,0 72.8304855226001,19.1164056274536,0 72.8305894899878,19.1163613081457,0 72.8306983488465,19.116329314457,0 72.83081048875739,19.1163101196925,0 72.8308220827502,19.1163088782866,0 72.83082352143521,19.1163952619044,0 72.8319445828906,19.1163783889042,0 72.83306564486369,19.1163615090445,0 72.8330640697541,19.1162670107411,0 72.83345437275111,19.1162354152804,0 72.83384036216221,19.11617198171,0 72.83421916892419,19.1160771815105,0 72.83458797737011,19.1159517193113,0 72.8349440461644,19.1157965276524,0 72.835284728682,19.1156127600519,0 72.8356074926849,19.1154017824305,0 72.8359099391467,19.1151651629572,0 72.8361898200862,19.1149046603913,0 72.8364450552772,19.1146222110073,0 72.8366737477111,19.1143199142008,0 72.8368741976952,19.1140000168817,0 72.83717557985401,19.1134321529011,0 72.837200519398,19.1133782564222,0 72.8372727793127,19.1132210178194,0 72.8373376284117,19.1130608863954,0 72.8373949389824,19.1128981775613,0 72.8374445981617,19.1127332118041,0 72.83748650815851,19.1125663140554,0 72.8375205864464,19.1123978130513,0 72.837546765925,19.1122280406848,0 72.8375649950535,19.1120573313524,0 72.8375752379507,19.1118860212946,0 72.8375774744662,19.111714447935,0 72.8375717002195,19.1115429492137,0 72.8375579266087,19.1113718629239,0 72.8375512526502,19.1113179260244,0 72.83754453491871,19.1112639940354,0 72.83753777341831,19.1112100669891,0 72.8375309681532,19.1111561449175,0 72.8375241191273,19.1111022278526,0 72.8375172263449,19.1110483158267,0 72.8375102898101,19.1109944088718,0 72.83750330952709,19.11094050702,0 72.8374962854999,19.1108866103034,0 72.8374892177329,19.110832718754,0 72.8374821062304,19.1107788324039,0 72.83747495099649,19.1107249512852,0 72.8374174449097,19.1102867170466,0 72.83751408530129,19.110275258226,0 72.837375310479,19.1092177018066,0 72.83723653670221,19.1081601453436,0 72.8371400555917,19.1081715854008,0 72.8371300829378,19.1080841810932,0 72.83712664050439,19.10804942042,0 72.8371234070551,19.1080146416178,0 72.83712038269501,19.1079798458217,0 72.837117567523,19.1079450341678,0 72.83711496163051,19.1079102077925,0 72.8371125651028,19.1078753678324,0 72.8371103780176,19.1078405154251,0 72.8371084004466,19.1078056517083,0 72.8371066324539,19.1077707778197,0 72.8371050740972,19.1077358948982,0 72.8371037254272,19.1077010040823,0 72.8371025864878,19.1076661065108,0 72.83710141504631,19.1074451133057,0 72.8371040548646,19.1065033361241,0 72.8371060738439,19.105561560151,0 72.8372173201614,19.1055597800496,0 72.83719845027051,19.1044941785696,0 72.837179579878,19.1034285769971,0 72.8370816726496,19.1034301437815,0 72.83708185651661,19.1033270682074,0 72.8370819994549,19.103314935256,0 72.8370828385691,19.1032765883756,0 72.83708354560559,19.1032553379205,0 72.8370847731458,19.1032296831316,0 72.83708609995141,19.1032089623158,0 72.8370865812921,19.1032021061991,0 72.8370872713774,19.1031930088369,0 72.8370896703467,19.1031660097618,0 72.8370897996585,19.103164713982,0 72.8370899302905,19.1031634183219,0 72.8370900622426,19.1031621227826,0 72.83709019551471,19.1031608273654,0 72.83709033010651,19.1031595320716,0 72.8370904660181,19.1031582369023,0 72.83709060324929,19.1031569418588,0 72.8370907417998,19.1031556469422,0 72.8370908816697,19.1031543521538,0 72.8370910228589,19.1031530574948,0 72.8370911653671,19.1031517629664,0 72.83709130919409,19.1031504685698,0 72.83709425151371,19.1031263583781,0 72.8370947071608,19.1031229586195,0 72.83709517416651,19.1031195602541,0 72.83709565252561,19.103116163316,0 72.83709614223351,19.1031127678396,0 72.83709664328541,19.1031093738591,0 72.83709715567611,19.1031059814087,0 72.8370976794003,19.1031025905227,0 72.83709821445299,19.1030992012354,0 72.8370987608286,19.1030958135808,0 72.8370993185216,19.1030924275932,0 72.83709988752651,19.1030890433068,0 72.8371004678374,19.1030856607557,0 72.8371010481184,19.1030823416597,0 72.8371016408214,19.1030790245479,0 72.83710224593889,19.1030757094622,0 72.8371028634632,19.1030723964447,0 72.83710349338649,19.1030690855374,0 72.8371041357009,19.103065776782,0 72.8371047903981,19.1030624702206,0 72.8371054574699,19.103059165895,0 72.83710613690781,19.1030558638471,0 72.8371068287033,19.1030525641187,0 72.8371075328476,19.1030492667516,0 72.83710824933171,19.1030459717875,0 72.8371144962109,19.10301989799,0 72.8371215581885,19.1029940128625,0 72.8371294289833,19.102968339426,0 72.8371381015952,19.1029429005132,0 72.8371475683108,19.1029177187486,0 72.8371578207104,19.1028928165276,0 72.83716884967571,19.102868215997,0 72.83718064539789,19.1028439390354,0 72.8371931973858,19.1028200072338,0 72.83720649447611,19.1027964418757,0 72.83722052484281,19.1027732639192,0 72.8372352760076,19.1027504939776,0 72.8372518067451,19.1027267004486,0 72.8372691217064,19.1027034164194,0 72.8372872035275,19.1026806652395,0 72.8373060340755,19.1026584697241,0 72.837325594467,19.1026368521308,0 72.83734586508611,19.102615834138,0 72.8373668256053,19.1025954368227,0 72.8373884550049,19.1025756806396,0 72.8374107315947,19.1025565854001,0 72.8374336330354,19.1025381702531,0 72.8374571363612,19.1025204536656,0 72.8374812180025,19.1025034534037,0 72.8374982119487,19.1024924104454,0 72.83751536198621,19.1024815877535,0 72.8375326649562,19.1024709873214,0 72.8375501176715,19.102460611102,0 72.83756771691699,19.1024504610064,0 72.83758545945111,19.1024405389043,0 72.83760334200559,19.1024308466234,0 72.83762136128649,19.1024213859489,0 72.83763951397449,19.1024121586237,0 72.83765779672601,19.1024031663473,0 72.8376762061732,19.1023944107761,0 72.83769473892529,19.102385893523,0 72.8377414458357,19.1023653936614,0 72.8377881945724,19.1023449801472,0 72.8378349849588,19.1023246530572,0 72.837881816818,19.1023044124684,0 72.8379286899732,19.1022842584571,0 72.83797560424721,19.1022641910997,0 72.8380225594627,19.1022442104718,0 72.8380695554424,19.1022243166491,0 72.8381165920087,19.1022045097067,0 72.8381636689839,19.1021847897193,0 72.83821078619,19.1021651567615,0 72.83825794344909,19.1021456109076,0 72.8388332891904,19.101898646542,0 72.8388363350969,19.1018970169488,0 72.8388393874519,19.1018953982959,0 72.8388424462119,19.1018937906065,0 72.8388455113333,19.1018921939035,0 72.8388485827723,19.1018906082095,0 72.8388516604854,19.1018890335472,0 72.8388547444286,19.1018874699391,0 72.8388578345579,19.1018859174072,0 72.8388609308295,19.1018843759739,0 72.8388640331992,19.1018828456611,0 72.8388671416227,19.1018813264905,0 72.8388702560557,19.1018798184838,0 72.838871805221,19.1018790194849,0 72.83887335807761,19.1018782269879,0 72.83887491459539,19.1018774410084,0 72.8388764747441,19.1018766615615,0 72.83887803849331,19.1018758886623,0 72.83887960581271,19.1018751223261,0 72.83888117667181,19.1018743625676,0 72.83888275104,19.1018736094016,0 72.83888432888671,19.1018728628428,0 72.83888591018111,19.1018721229057,0 72.8388874948927,19.1018713896045,0 72.83888908299051,19.1018706629538,0 72.83889045257369,19.1018700352512,0 72.8388918183702,19.1018694001363,0 72.8388931803356,19.1018687576298,0 72.83889453842571,19.1018681077527,0 72.8388958925965,19.1018674505259,0 72.8388972428036,19.1018667859709,0 72.83889858900351,19.1018661141092,0 72.8388999311523,19.1018654349627,0 72.8389012692064,19.1018647485536,0 72.83890260312231,19.1018640549039,0 72.8389039328567,19.1018633540365,0 72.8389052583662,19.101862645974,0 72.838908378724,19.1018609749296,0 72.8389115052961,19.1018593144151,0 72.83891463804289,19.1018576644516,0 72.8389177769254,19.1018560250596,0 72.83892092190391,19.1018543962598,0 72.8389240729388,19.1018527780727,0 72.8389272299907,19.1018511705187,0 72.8389303930197,19.1018495736179,0 72.838933561986,19.1018479873904,0 72.8389367368499,19.1018464118563,0 72.8389399175714,19.1018448470353,0 72.8389431041104,19.1018432929471,0 72.83894788623719,19.1018407848586,0 72.83895266115709,19.1018382643921,0 72.83895742883451,19.1018357315664,0 72.8389621892341,19.1018331864003,0 72.8389669423205,19.1018306289126,0 72.83897168805839,19.1018280591224,0 72.8389764264126,19.1018254770486,0 72.8389811573479,19.1018228827107,0 72.8389858808293,19.1018202761276,0 72.8389905968215,19.1018176573189,0 72.8389953052896,19.1018150263039,0 72.8390000061986,19.1018123831022,0 72.8390189683255,19.1018015340099,0 72.83902353443391,19.1017989092601,0 72.8390280890568,19.1017962665384,0 72.8390326321159,19.1017936058901,0 72.83903716353301,19.101790927361,0 72.83904168323031,19.1017882309972,0 72.83904619113029,19.1017855168449,0 72.83905068715541,19.1017827849509,0 72.8390551712282,19.1017800353619,0 72.8390596432719,19.1017772681254,0 72.8390641032094,19.1017744832888,0 72.8390685509642,19.1017716809002,0 72.8390729864597,19.1017688610074,0 72.83907794698111,19.1017656829988,0 72.8390828975627,19.1017624910143,0 72.83908783816091,19.101759285082,0 72.8390927687322,19.1017560652303,0 72.8390976892331,19.1017528314874,0 72.8391025996205,19.1017495838817,0 72.8391074998512,19.101746322442,0 72.83911238988181,19.1017430471968,0 72.8391172696695,19.1017397581749,0 72.8391221391712,19.1017364554055,0 72.8391269983442,19.1017331389174,0 72.8391318471456,19.10172980874,0 72.83916503545611,19.1017059151505,0 72.8391974678228,19.1016811012152,0 72.8392291160135,19.1016553885347,0 72.8392599524789,19.1016287994918,0 72.8392899503762,19.1016013572322,0 72.8393190835924,19.1015730856444,0 72.83934732676759,19.1015440093388,0 72.83937465531641,19.1015141536261,0 72.83940104545,19.1014835444958,0 72.8394264741962,19.1014522085931,0 72.8394509194198,19.1014201731955,0 72.8394743598418,19.1013874661901,0 72.8394962087005,19.1013549858324,0 72.8395170665881,19.1013219219723,0 72.839536916274,19.1012883019245,0 72.8395557413605,19.1012541534632,0 72.83957352629651,19.1012195047989,0 72.8395902563902,19.1011843845556,0 72.8396059178211,19.1011488217467,0 72.83962049765179,19.1011128457512,0 72.8396339838383,19.1010764862895,0 72.83964636524,19.1010397733988,0 72.83965763162939,19.101002737408,0 72.8396677736997,19.1009654089133,0 72.83967243817951,19.1009462193533,0 72.8396768579542,19.1009269775214,0 72.83968103237611,19.1009076862373,0 72.83968496083369,19.1008883483281,0 72.8396886427512,19.1008689666279,0 72.83969207758931,19.100849543977,0 72.83969526484449,19.1008300832215,0 72.83969820405,19.1008105872137,0 72.83970089477489,19.1007910588104,0 72.83970333662521,19.1007715008737,0 72.83970552924311,19.1007519162695,0 72.8397074723072,19.1007323078681,0 72.8397472964019,19.0986309280968,0 72.8397865448719,19.0965352699821,0 72.8398839138915,19.0965367460829,0 72.83990178829561,19.0954711264468,0 72.83991966172781,19.0944055066721,0 72.8398221784107,19.0944040289611,0 72.8398222544636,19.0943429821635,0 72.8398212601425,19.0942264215728,0 72.8398210483509,19.09421810538,0 72.8398208211037,19.0942097895558,0 72.8398205784016,19.0942014741264,0 72.83982032024539,19.0941931591174,0 72.83982004663589,19.0941848445552,0 72.83981975757391,19.0941765304655,0 72.8398194530603,19.0941682168743,0 72.8398191330963,19.0941599038076,0 72.8398187976825,19.0941515912913,0 72.8398184468203,19.0941432793513,0 72.8398180805106,19.0941349680137,0 72.8398176987546,19.0941266573042,0 72.83981481735511,19.09407570487,0 72.83981168262051,19.094033553384,0 72.8398079613127,19.0939914450335,0 72.83980365408389,19.0939493871954,0 72.8397987616891,19.0939073872377,0 72.839793284986,19.0938654525183,0 72.8397872249343,19.0938235903837,0 72.83978058259631,19.0937818081677,0 72.8397733591359,19.0937401131899,0 72.8397655558192,19.0936985127548,0 72.8397571740136,19.0936570141503,0 72.8397482151879,19.0936156246463,0 72.83973868091201,19.093574351494,0 72.8397285600382,19.0935332042459,0 72.83971786393541,19.0934921887165,0 72.83970659449931,19.0934513121736,0 72.8396947537271,19.09341058186,0 72.8396823437174,19.0933700049926,0 72.8396693666694,19.093329588761,0 72.839655824883,19.0932893403269,0 72.8396417207579,19.0932492668215,0 72.8396270567938,19.0932093753455,0 72.8396118355894,19.0931696729672,0 72.839596059842,19.0931301667213,0 72.8395797323474,19.0930908636079,0 72.83954893754689,19.0930255892031,0 72.8395178158849,19.0929604550629,0 72.83948636806871,19.0928954626667,0 72.83945459481301,19.0928306134905,0 72.8394224968397,19.0927659090073,0 72.8393900748782,19.0927013506865,0 72.8393573296655,19.0926369399946,0 72.83932426194551,19.0925726783942,0 72.8392908724697,19.0925085673451,0 72.8392571619967,19.092444608303,0 72.8392231312927,19.0923808027209,0 72.8391887811309,19.0923171520478,0 72.8391355368554,19.0922250119135,0 72.8390839494533,19.0921320238306,0 72.8390340338584,19.0920382147238,0 72.8389858045209,19.0919436117554,0 72.8389392754023,19.0918482423175,0 72.8388944599719,19.091752134024,0 72.83885137120269,19.0916553147027,0 72.8388100215678,19.0915578123872,0 72.83877042303639,19.0914596553089,0 72.83873258707099,19.0913608718888,0 72.8386965246234,19.0912614907288,0 72.838662246132,19.0911615406043,0 72.8386451590669,19.0910906687093,0 72.8386295030591,19.0910194986656,0 72.8386152838515,19.0909480565871,0 72.8386025066594,19.0908763686874,0 72.8385911761691,19.0908044612701,0 72.83858129653611,19.0907323607197,0 72.83857287138341,19.090660093491,0 72.8385659038007,19.0905876861004,0 72.8385603963425,19.0905151651156,0 72.83855635102751,19.0904425571455,0 72.83855376933821,19.0903698888316,0 72.8385526522199,19.090297186837,0 72.83850400053311,19.0892147311429,0 72.8385026540722,19.0891855607807,0 72.8385012460333,19.0891563930462,0 72.8384997764223,19.089127228057,0 72.83849824524491,19.0890980659306,0 72.8384966525075,19.0890689067844,0 72.8384949982164,19.0890397507359,0 72.83849328237859,19.0890105979026,0 72.8384915050007,19.0889814484018,0 72.83848966609,19.088952302351,0 72.8384877656539,19.0889231598675,0 72.8384858037002,19.0888940210689,0 72.8384837802368,19.0888648860723,0 72.8384804585736,19.0888185601519,0 72.8384756550245,19.0887542795526,0 72.83846791840909,19.0886543188214,0 72.83846144526819,19.0885712743925,0 72.8384604505939,19.0885584879199,0 72.838459463974,19.0885457008832,0 72.83845848540859,19.0885329132871,0 72.8384575148982,19.0885201251362,0 72.83845655244321,19.088507336435,0 72.83845559804379,19.0884945471882,0 72.8384546517005,19.0884817574003,0 72.8384537134135,19.088468967076,0 72.8384527831831,19.0884561762197,0 72.8384518610099,19.0884433848361,0 72.8384509468939,19.0884305929299,0 72.8384500408356,19.0884178005055,0 72.838441867356,19.0882925933311,0 72.8384409905787,19.0882779942477,0 72.8384401293698,19.0882633943267,0 72.8384392837303,19.0882487935831,0 72.838438453661,19.0882341920321,0 72.83843763916271,19.0882195896884,0 72.8384368402362,19.0882049865673,0 72.8384360568825,19.0881903826836,0 72.83843528910231,19.0881757780524,0 72.8384345368962,19.0881611726887,0 72.83843380026531,19.0881465666075,0 72.83843307921001,19.0881319598237,0 72.83843237373149,19.0881173523525,0 72.8384248018224,19.0879483804729,0 72.8383550788695,19.086331477997,0 72.8383494632113,19.0861971379847,0 72.8383438153713,19.0860627991904,0 72.8383381353498,19.0859284616214,0 72.83833242314741,19.0857941252845,0 72.8383266787644,19.0856597901869,0 72.8383209022012,19.0855254563352,0 72.83831509345811,19.0853911237366,0 72.8383092525356,19.0852567923982,0 72.8383033794339,19.0851224623267,0 72.83829747415351,19.0849881335292,0 72.8382915366948,19.0848538060127,0 72.83828556705819,19.0847194797841,0 72.83828393566159,19.0846798573327,0 72.8382822429998,19.0846402372041,0 72.8382804890766,19.0846006194839,0 72.8382786738957,19.0845610042578,0 72.83827679746121,19.0845213916113,0 72.8382748597772,19.0844817816302,0 72.8382728608478,19.0844421743999,0 72.83827080067741,19.0844025700061,0 72.8382686792706,19.0843629685344,0 72.8382664966319,19.0843233700704,0 72.83826425276619,19.0842837746996,0 72.83826194767821,19.0842441825076,0 72.8382087297706,19.0834084410283,0 72.83820630869251,19.0833630972074,0 72.8382041301431,19.0833177422691,0 72.83820219417819,19.0832723773859,0 72.8382005008481,19.0832270037305,0 72.8381990501959,19.0831816224759,0 72.83819784225921,19.0831362347954,0 72.838196877069,19.0830908418622,0 72.83819615464991,19.0830454448499,0 72.8381956750206,19.083000044932,0 72.8381954381932,19.0829546432823,0 72.83819544417349,19.0829092410744,0 72.83819569296119,19.082863839482,0 72.83819821711821,19.0826648671554,0 72.838295037297,19.0826651541403,0 72.8382963913118,19.0826085092593,0 72.8382973880791,19.0825518576776,0 72.8382980275631,19.0824952014321,0 72.8382983097414,19.0824385425593,0 72.838298234604,19.082381883096,0 72.8382978021542,19.0823252250791,0 72.83829701240769,19.0822685705455,0 72.83829586539341,19.0822119215317,0 72.83829436115281,19.0821552800741,0 72.8382924997405,19.082098648209,0 72.83829028122361,19.0820420279723,0 72.8382877056824,19.0819854213993,0 72.83828097313381,19.0818631557384,0 72.83827421295931,19.0817408914547,0 72.8382674251594,19.0816186285538,0 72.83826060973431,19.0814963670412,0 72.8382537666843,19.0813741069227,0 72.83824689601001,19.0812518482039,0 72.8382399977117,19.0811295908904,0 72.8382330717897,19.0810073349879,0 72.83822611824451,19.080885080502,0 72.83821913707639,19.0807628274383,0 72.8382121282857,19.0806405758026,0 72.83820509187299,19.0805183256004,0 72.8381083564291,19.0805232494966,0 72.8380872227479,19.0801443949572,0 72.8380676967701,19.0797608447473,0 72.83806689220221,19.079736549583,0 72.8380656102716,19.0797091293655,0 72.8380648983526,19.0796938891557,0 72.83797213305699,19.0777078721162,0 72.83786970182889,19.0755187772932,0 72.8378657094689,19.0754445214152,0 72.8378616661731,19.0753702680283,0 72.8378575719434,19.0752960171641,0 72.83785342678151,19.0752217688543,0 72.8378492306893,19.0751475231303,0 72.8378449836686,19.0750732800239,0 72.8378406857215,19.0749990395664,0 72.83783633684961,19.0749248017898,0 72.837831937055,19.0748505667252,0 72.83782748633951,19.0747763344045,0 72.8378229847052,19.0747021048592,0 72.837818432154,19.0746278781208,0 72.8378164844619,19.0745914338486,0 72.8378145637694,19.0745549882808,0 72.8378126700776,19.0745185414359,0 72.8378108033875,19.0744820933315,0 72.8378089636998,19.0744456439861,0 72.8378071510156,19.0744091934175,0 72.8378053653357,19.0743727416439,0 72.8378036066609,19.0743362886835,0 72.8378018749921,19.0742998345543,0 72.83780017033,19.0742633792742,0 72.8377984926758,19.0742269228615,0 72.83779684203,19.0741904653342,0 72.8378941122678,19.0741863135166,0 72.8377935702942,19.0720569456737,0 72.83769630130951,19.0720610975613,0 72.8376096961638,19.0702268799753,0 72.83752309072681,19.0683926621984,0 72.8375182230635,19.0682896657485,0 72.8375143746165,19.0681866303171,0 72.8375115457245,19.068083565022,0 72.83750973663599,19.0679804789837,0 72.83750894750921,19.0678773813246,0 72.83750917841191,19.0677742811679,0 72.8375104293219,19.067671187637,0 72.8375127001267,19.0675681098551,0 72.8375159906233,19.0674650569435,0 72.83752030051861,19.0673620380216,0 72.83752562942951,19.0672590622056,0 72.8375319768825,19.0671561386079,0 72.8375325160407,19.0670195802394,0 72.8375327050145,19.0668830210248,0 72.8375325438036,19.0667464617763,0 72.8375320324099,19.0666099033056,0 72.8375311708373,19.0664733464245,0 72.8375299590916,19.066336791945,0 72.837528397181,19.0662002406789,0 72.8375264851157,19.0660636934381,0 72.8375242229079,19.0659271510342,0 72.8375216105718,19.0657906142791,0 72.837518648124,19.0656540839846,0 72.83751533558279,19.0655175609622,0 72.8375138471884,19.0654325789964,0 72.8375118011799,19.0652969067936,0 72.8375114393353,19.0652660955152,0 72.83751112404261,19.0652352837743,0 72.8375108553023,19.0652044716345,0 72.837510633115,19.0651736591592,0 72.8375104574812,19.0651428464122,0 72.837510328401,19.0651120334569,0 72.837510245875,19.0650812203571,0 72.837510209903,19.0650504071761,0 72.8375102204851,19.0650195939778,0 72.8375102776215,19.0649887808256,0 72.8375103813118,19.0649579677832,0 72.83751053155601,19.0649271549141,0 72.8375134938107,19.0646229719476,0 72.83761085099751,19.0646239478552,0 72.8376226659246,19.0635582499716,0 72.83763447995661,19.062492551958,0 72.8375355961475,19.0624915608719,0 72.8375321598745,19.0623440608179,0 72.8375316021549,19.0623310550001,0 72.8375310229936,19.0623180500296,0 72.83753042239201,19.0623050459383,0 72.8375298003516,19.0622920427583,0 72.8375291568738,19.0622790405215,0 72.8375284919604,19.0622660392598,0 72.83752780561311,19.0622530390052,0 72.8375270978333,19.0622400397897,0 72.8375263686229,19.0622270416451,0 72.8375256179837,19.0622140446034,0 72.8375248459175,19.0622010486966,0 72.8375240524262,19.0621880539567,0 72.8375227455827,19.0621696084671,0 72.8375214067777,19.0621511650499,0 72.83752003601511,19.0621327237552,0 72.8375186332984,19.0621142846332,0 72.8375171986317,19.0620958477339,0 72.8375157320186,19.0620774131072,0 72.8375142334633,19.0620589808034,0 72.8375127029698,19.0620405508723,0 72.8375111405423,19.0620221233641,0 72.8375095461851,19.0620036983287,0 72.83750791990239,19.0619852758163,0 72.83750626169871,19.0619668558768,0 72.8374191028621,19.0609698363784,0 72.83738594285251,19.0606149895753,0 72.8373436462698,19.0603196135291,0 72.8372885094354,19.0600356166191,0 72.8372630730138,19.0599306636295,0 72.83724060892619,19.0598373652704,0 72.8372326863669,19.0598047717894,0 72.83721638492619,19.05974022097,0 72.83721638492619,19.05974022097,0 72.83719077143201,19.0596387720797,0 72.83718068268099,19.0596001369507,0 72.8371708191504,19.0595614492768,0 72.83716118114251,19.0595227102452,0 72.83715176895301,19.0594839210444,0 72.8371425828703,19.0594450828646,0 72.8371336231763,19.0594061968976,0 72.8371248901456,19.0593672643362,0 72.8371163840461,19.0593282863753,0 72.8371081051387,19.0592892642106,0 72.83710005367691,19.0592501990394,0 72.837092229908,19.0592110920605,0 72.8370846340717,19.0591719444737,0 72.8370771585849,19.0591297340612,0 72.83706990653501,19.0590874884202,0 72.8370628781054,19.0590452086199,0 72.8370560734737,19.0590028957306,0 72.8370494928122,19.0589605508233,0 72.83704313628721,19.0589181749701,0 72.8370370040593,19.0588757692434,0 72.8370310962836,19.0588333347167,0 72.8370254131096,19.0587908724642,0 72.8370199546808,19.0587483835606,0 72.8370147211354,19.0587058690815,0 72.83700971260561,19.0586633301033,0 72.83691664084211,19.0579168057968,0 72.83690188921131,19.0577954021796,0 72.83689488427591,19.0577318548744,0 72.836894237463,19.0577254816187,0 72.83689359874521,19.0577191076249,0 72.83689296812339,19.0577127329022,0 72.8368923455986,19.05770635746,0 72.83689173117151,19.0576999813076,0 72.83689112484321,19.0576936044542,0 72.8368905266144,19.0576872269091,0 72.8368899364861,19.0576808486816,0 72.8368893544591,19.0576744697813,0 72.8368887805343,19.0576680902171,0 72.8368882147125,19.0576617099984,0 72.83688765699451,19.0576553291348,0 72.8368857501489,19.0576314140189,0 72.83688487334941,19.057619507048,0 72.83688473311079,19.0576175263078,0 72.8368841841951,19.0576096108688,0 72.8368829197787,19.057589888242,0 72.83688151627059,19.0575643900689,0 72.8368804770269,19.0575409973437,0 72.83687920915619,19.0574931231239,0 72.83687901487591,19.0574452340827,0 72.83687989427359,19.057397351986,0 72.8368818469488,19.0573494985966,0 72.8368848720128,19.0573016956644,0 72.8368889680899,19.0572539649163,0 72.8368941333174,19.0572063280461,0 72.83690036534701,19.0571588067053,0 72.83690766134509,19.0571114224925,0 72.8369160179947,19.0570641969443,0 72.8369254314968,19.0570171515249,0 72.8369358975721,19.0569703076169,0 72.8369476709649,19.0569215749824,0 72.836960630267,19.0568731152127,0 72.8369747685004,19.0568249543981,0 72.8369900780521,19.0567771184679,0 72.8370065506786,19.0567296331765,0 72.8370241775104,19.0566825240895,0 72.8370429490565,19.0566358165698,0 72.8370628552093,19.0565895357641,0 72.8370838852511,19.0565437065897,0 72.8371060278584,19.0564983537201,0 72.83712927110921,19.056453501573,0 72.8371536024888,19.056409174296,0 72.8371630128476,19.056392613904,0 72.837172511417,19.0563760991104,0 72.83718209795281,19.0563596303399,0 72.8371917722085,19.0563432080163,0 72.837201533935,19.056326832562,0 72.83721138288119,19.0563105043983,0 72.8372213187937,19.056294223945,0 72.8372313414169,19.0562779916214,0 72.837241450493,19.0562618078446,0 72.8372516457618,19.0562456730313,0 72.83726192696101,19.0562295875963,0 72.8372722938263,19.0562135519535,0 72.83741906646451,19.0559890843176,0 72.8374330645281,19.0559678835172,0 72.8374470369541,19.0559466674312,0 72.8374609837238,19.0559254360879,0 72.8374749048191,19.055904189515,0 72.83748880022139,19.0558829277407,0 72.8375026699123,19.0558616507933,0 72.8375165138737,19.0558403587006,0 72.8375303320871,19.0558190514909,0 72.8375441245344,19.0557977291924,0 72.83755789119731,19.055776391833,0 72.8375716320578,19.0557550394413,0 72.8375853470975,19.0557336720452,0 72.83760454303049,19.0557036438575,0 72.8376232679037,19.0556733479236,0 72.837641517588,19.0556427909246,0 72.837659288059,19.0556119795991,0 72.83767657539801,19.0555809207421,0 72.837693375793,19.0555496212028,0 72.8377096855391,19.0555180878836,0 72.83772550104,19.0554863277388,0 72.8377408188082,19.0554543477721,0 72.8377556354658,19.0554221550361,0 72.8377699477457,19.0553897566303,0 72.8377837524918,19.0553571596994,0 72.8377935867279,19.0553324802892,0 72.8378031016497,19.0553076879548,0 72.83781229582399,19.0552827864317,0 72.8378211678655,19.0552577794718,0 72.8378297164375,19.055232670843,0 72.8378379402523,19.0552074643283,0 72.83784583807081,19.0551821637257,0 72.8378534087033,19.0551567728471,0 72.83786065100919,19.0551312955184,0 72.8378675638974,19.055105735578,0 72.8378741463267,19.0550800968772,0 72.8378803973051,19.0550543832789,0 72.83790911689179,19.0549256995325,0 72.8379103058122,19.0549203151191,0 72.83791147705411,19.0549149272035,0 72.8379126306059,19.0549095358381,0 72.83791376645669,19.0549041410754,0 72.83791488459509,19.0548987429681,0 72.8379159850104,19.0548933415686,0 72.83791706769171,19.0548879369297,0 72.8379181326288,19.0548825291039,0 72.8379191798109,19.054877118144,0 72.8379202092281,19.0548717041025,0 72.8379212208703,19.0548662870323,0 72.8379222147277,19.0548608669862,0 72.8379227068268,19.0548581813903,0 72.8379232070583,19.0548554971533,0 72.8379237154182,19.0548528142974,0 72.83792423190221,19.054850132845,0 72.837924756506,19.0548474528182,0 72.8379252892253,19.0548447742393,0 72.8379258300556,19.0548420971305,0 72.83792637899241,19.0548394215141,0 72.8379269360313,19.0548367474121,0 72.8379275011675,19.0548340748468,0 72.8379280743964,19.0548314038405,0 72.8379286557133,19.0548287344151,0 72.83803879825609,19.054846489764,0 72.8384134558804,19.0527449565544,0 72.8383221203171,19.0527302247156,0 72.838376895062,19.0523677005296,0 72.8384226688101,19.0520031197223,0 72.8384408592092,19.0518331724457,0 72.83845487157291,19.0517001563568,0 72.83846659816329,19.0515893262625,0 72.8384736554948,19.0515280868781,0 72.8384763302751,19.0515070759275,0 72.838478425278,19.0514915221549,0 72.8384786626296,19.0514898035969,0 72.8384831416589,19.0514592643802,0 72.83848553572901,19.0514442657969,0 72.8384891951803,19.051422922125,0 72.8384921871466,19.0514067694607,0 72.8384933135099,19.0514007946314,0 72.8384944779353,19.0513948264036,0 72.83849568038001,19.0513888649967,0 72.8384969207998,19.0513829106297,0 72.8384981991491,19.0513769635212,0 72.8384995153811,19.0513710238897,0 72.8385008694471,19.0513650919535,0 72.83850226129771,19.0513591679304,0 72.8385036908816,19.0513532520382,0 72.8385051581464,19.0513473444941,0 72.838506663038,19.051341445515,0 72.8385082055012,19.0513355553179,0 72.8385256919274,19.0512773919579,0 72.8385472939129,19.0512204928393,0 72.838572911608,19.051165120953,0 72.8386024266029,19.0511115322307,0 72.83863570247441,19.0510599743619,0 72.838672585417,19.0510106856493,0 72.8387129049534,19.0509638939072,0 72.838756474723,19.0509198154089,0 72.83880309334261,19.0508786538866,0 72.838852545338,19.0508405995903,0 72.83890460213929,19.0508058284081,0 72.83895902313751,19.0507745010535,0 72.8390153139875,19.050746872336,0 72.83907344169219,19.0507229286823,0 72.8391331398406,19.050702779831,0 72.8391941348246,19.0506865181286,0 72.8392561470925,19.050674218106,0 72.8393188924304,19.0506659361369,0 72.8393820832648,19.0506617101795,0 72.8394454299804,19.0506615596027,0 72.8395086422472,19.050665485097,0 72.8395714303518,19.0506734686716,0 72.83963350652419,19.0506854737368,0 72.8396945862573,19.0507014452716,0 72.8396959273804,19.0507016494722,0 72.8396972620983,19.0507018886295,0 72.8396985894035,19.0507021625625,0 72.83969990829431,19.0507024710649,0 72.8397012177752,19.0507028139035,0 72.8397025168578,19.0507031908198,0 72.83970380456159,19.050703601529,0 72.83970507991469,19.0507040457214,0 72.8397063419544,19.0507045230616,0 72.83970758972811,19.0507050331893,0 72.839708822294,19.0507055757195,0 72.839710038722,19.0507061502428,0 72.83971102208081,19.050706616041,0 72.8397120174476,19.0507070581748,0 72.8397130241928,19.0507074763647,0 72.8397140416795,19.050707870346,0 72.8397150692642,19.0507082398694,0 72.83971610629681,19.0507085847013,0 72.8397171521212,19.0507089046236,0 72.8397182060759,19.0507091994337,0 72.8397192674941,19.0507094689453,0 72.8397203357045,19.0507097129879,0 72.8397214100313,19.050709931407,0 72.8397224897948,19.0507101240645,0 72.8397233072799,19.050710270618,0 72.8397241203284,19.0507104380074,0 72.83972492835321,19.0507106261117,0 72.8397257307708,19.0507108347952,0 72.8397265270017,19.050711063907,0 72.8397273164706,19.0507113132817,0 72.83972809860779,19.0507115827394,0 72.839728872848,19.0507118720852,0 72.83972963863251,19.0507121811103,0 72.8397303954079,19.0507125095915,0 72.8397311426276,19.0507128572915,0 72.83973187975231,19.0507132239594,0 72.8397328704943,19.0507137177727,0 72.8397338740201,19.0507141876645,0 72.8397348896911,19.0507146333355,0 72.8397359168611,19.0507150545023,0 72.8397369548763,19.0507154508968,0 72.83973800307599,19.0507158222668,0 72.83973906079341,19.0507161683758,0 72.8397401273553,19.0507164890036,0 72.83974120208291,19.0507167839464,0 72.8397422842923,19.0507170530162,0 72.83974337329489,19.050717296042,0 72.8397444683976,19.0507175128689,0 72.8397455750769,19.0507177329732,0 72.8397466750988,19.0507179814299,0 72.8397477676598,19.0507182580576,0 72.8397488519622,19.0507185626544,0 72.8397499272144,19.050718894998,0 72.83975099263159,19.0507192548457,0 72.8397520474355,19.0507196419346,0 72.83975309085631,19.0507200559823,0 72.83975412213211,19.0507204966864,0 72.83975514050989,19.0507209637252,0 72.8397561452463,19.0507214567576,0 72.8397571356077,19.0507219754237,0 72.83975813496551,19.0507224998538,0 72.839759147967,19.0507230000536,0 72.8397601739627,19.0507234757024,0 72.83976121229431,19.0507239264953,0 72.8397622622965,19.0507243521432,0 72.8397633232957,19.0507247523732,0 72.83976439461161,19.0507251269286,0 72.8397654755575,19.0507254755693,0 72.83976656544,19.0507257980717,0 72.83976766356039,19.0507260942291,0 72.8397687692144,19.0507263638514,0 72.8397698816933,19.0507266067659,0 72.8397711470305,19.0507268841405,0 72.8397724040213,19.0507271939362,0 72.83977365174719,19.0507275359265,0 72.83977488929651,19.0507279098617,0 72.83977611576491,19.0507283154683,0 72.8397773302563,19.0507287524501,0 72.839778531883,19.0507292204877,0 72.83977971976729,19.0507297192393,0 72.8397808930409,19.0507302483402,0 72.83978205084669,19.0507308074039,0 72.8397831923387,19.050731396022,0 72.8397843166827,19.0507320137642,0 72.83978494611171,19.0507323601039,0 72.83978558470631,19.050732690924,0 72.8397862320433,19.0507330060053,0 72.83978688769381,19.050733305139,0 72.8397875512235,19.050733588127,0 72.8397882221926,19.0507338547817,0 72.83978890015671,19.0507341049265,0 72.83978958466661,19.0507343383957,0 72.839790275269,19.0507345550346,0 72.83979097150591,19.0507347546997,0 72.83979167291651,19.0507349372586,0 72.8397923790357,19.0507351025905,0 72.8397929472045,19.0507352358596,0 72.8397935114497,19.0507353834346,0 72.83979407137301,19.0507355452111,0 72.83979462657931,19.0507357210751,0 72.8397951766767,19.0507359109023,0 72.8397957212769,19.0507361145588,0 72.8397962599955,19.0507363319009,0 72.83979679245221,19.0507365627751,0 72.8397973182711,19.0507368070185,0 72.83979783708121,19.0507370644587,0 72.8397983485163,19.0507373349139,0 72.8397988522154,19.0507376181933,0 72.8398167599659,19.0507447310258,0 72.8398282369167,19.0507493985092,0 72.83983978048509,19.0507541748386,0 72.8398480654142,19.0507576478486,0 72.8398563862132,19.050761173872,0 72.8398832489801,19.0507727790718,0 72.8398849395288,19.0507735192045,0 72.83989171960479,19.0507765008975,0 72.8398985238165,19.0507795101311,0 72.8399052522516,19.0507825013393,0 72.8399103967015,19.0507847985868,0 72.8399155537566,19.0507871084988,0 72.8399190002495,19.0507886566929,0 72.8399224531541,19.0507902109458,0 72.8399293784032,19.0507933371971,0 72.8399345903857,19.0507956976805,0 72.83993981566159,19.0507980693014,0 72.8399538264557,19.050804453879,0 72.8399679484703,19.0508109176601,0 72.8399857630537,19.0508190974662,0 72.8403571757221,19.0509898876481,0 72.84093412162019,19.0512543211071,0 72.84105291597911,19.0513067677784,0 72.84117231272801,19.0513579626878,0 72.8413229755288,19.0514206916074,0 72.84139215887269,19.0514491444762,0 72.8418446227288,19.0516350528229,0 72.8425023775266,19.0519059542259,0 72.842945642825,19.0520800012033,0 72.84337609316251,19.0522447010412,0 72.8434903225116,19.0522884969515,0 72.84359513426919,19.0523272405358,0 72.84361069707759,19.05233255143,0 72.8436488094798,19.0523458106946,0 72.8436543082569,19.0523476790827,0 72.8436598098708,19.0523495399044,0 72.84366531431,19.0523513931555,0 72.843670821563,19.0523532388324,0 72.8436763316184,19.0523550769312,0 72.8436818444645,19.0523569074479,0 72.8436873600897,19.0523587303788,0 72.8436928784828,19.05236054572,0 72.8436983996319,19.0523623534677,0 72.8437039235257,19.0523641536182,0 72.8437094501524,19.0523659461676,0 72.8437149795005,19.0523677311123,0 72.8437217389835,19.0523698953708,0 72.8437285040811,19.0523720437082,0 72.84373527475179,19.0523741761112,0 72.84374205095411,19.052376292567,0 72.8437488326464,19.0523783930623,0 72.8437556197872,19.0523804775845,0 72.8437624123349,19.0523825461206,0 72.8437692102478,19.0523845986581,0 72.8437760134843,19.0523866351843,0 72.84378282200269,19.0523886556868,0 72.8437896357611,19.0523906601533,0 72.8437964547179,19.0523926485712,0 72.84380889154529,19.0523962163948,0 72.8438213465912,19.0523997262819,0 72.8438338195574,19.0524031781486,0 72.8438463101447,19.052406571912,0 72.8438588180538,19.0524099074907,0 72.8438713429852,19.0524131848049,0 72.8438838846385,19.0524164037761,0 72.8438964427132,19.0524195643271,0 72.8439090169084,19.052422666382,0 72.84392160692271,19.0524257098667,0 72.8439342124545,19.0524286947082,0 72.8439468332016,19.0524316208349,0 72.8439594682053,19.0524344908415,0 72.84397211795969,19.0524373014817,0 72.8439847821561,19.0524400526869,0 72.8439974604859,19.05244274439,0 72.8440101526396,19.0524453765253,0 72.84402285830799,19.0524479490288,0 72.8440355771811,19.0524504618376,0 72.8440483089487,19.0524529148905,0 72.84406105330039,19.0524553081276,0 72.84407380992541,19.0524576414906,0 72.8440865785127,19.0524599149226,0 72.8440993587506,19.0524621283681,0 72.8441139166989,19.0524645514091,0 72.8441284862659,19.0524669104604,0 72.84414306714061,19.0524692054716,0 72.8441576590115,19.0524714363936,0 72.8441722615672,19.0524736031789,0 72.8441868744959,19.0524757057811,0 72.8442014974858,19.0524777441555,0 72.8442161302244,19.0524797182584,0 72.8442307723996,19.0524816280476,0 72.8442454236985,19.0524834734826,0 72.84426008380839,19.0524852545238,0 72.8442747524163,19.0524869711332,0 72.8442786719359,19.0524874277259,0 72.8442825918973,19.052487880874,0 72.8442865122977,19.0524883305772,0 72.8442904331333,19.052488776835,0 72.844294354401,19.0524892196471,0 72.84429827609741,19.052489659013,0 72.8443021982192,19.0524900949325,0 72.84430612076289,19.0524905274051,0 72.8443100437253,19.0524909564305,0 72.84431396710301,19.0524913820083,0 72.8443178908926,19.0524918041381,0 72.84432181509079,19.0524922228196,0 72.8443303376952,19.0524931230207,0 72.84433886164111,19.0524940116635,0 72.8443473869111,19.052494888746,0 72.8443559134879,19.0524957542665,0 72.8443644413543,19.0524966082232,0 72.8443729704927,19.0524974506144,0 72.8443815008858,19.0524982814383,0 72.8443900325164,19.0524991006933,0 72.8443985653671,19.0524999083778,0 72.84440709942049,19.0525007044899,0 72.8444156346592,19.0525014890282,0 72.844424171066,19.0525022619911,0 72.84452663556431,19.0525111710037,0 72.84467308488161,19.0525235217216,0 72.8448239380763,19.052536243933,0 72.8448684614162,19.0525400281777,0 72.84494562280651,19.0525468155377,0 72.8450110071813,19.0525528549226,0 72.84509062371041,19.0525611637148,0 72.84514356230891,19.0525673960072,0 72.8451582983725,19.052569303837,0 72.84518978373789,19.052573394783,0 72.8452128856884,19.0525765622835,0 72.8452525141245,19.0525824854653,0 72.84529207647449,19.0525887954948,0 72.8453315685621,19.0525954917062,0 72.8453709862187,19.0526025733926,0 72.8454103252836,19.0526100398065,0 72.8454495816038,19.0526178901598,0 72.845488751036,19.0526261236238,0 72.8455278294451,19.0526347393295,0 72.8455668127063,19.0526437363673,0 72.8456056967044,19.0526531137877,0 72.8456444773351,19.0526628706009,0 72.8456831505044,19.0526730057768,0 72.8456947431518,19.0526759877468,0 72.8457063332267,19.0526789787459,0 72.8457179207213,19.0526819787723,0 72.845729505628,19.0526849878239,0 72.8457410879389,19.0526880058988,0 72.8457526676461,19.0526910329947,0 72.8457642447422,19.0526940691099,0 72.845775819219,19.052697114242,0 72.845787391069,19.0527001683894,0 72.8457989602845,19.0527032315496,0 72.84581052685751,19.0527063037209,0 72.8458220907803,19.0527093849011,0 72.8458282736394,19.0527109305543,0 72.8458344521562,19.05271249183,0 72.8458406262869,19.0527140687169,0 72.8458467959881,19.0527156612039,0 72.8458529612161,19.0527172692798,0 72.84585912192731,19.0527188929333,0 72.84586527807819,19.0527205321528,0 72.8458714296255,19.0527221869267,0 72.8458775765254,19.0527238572434,0 72.8458837187347,19.0527255430911,0 72.84588985620989,19.0527272444578,0 72.8458959889076,19.0527289613316,0 72.8458992697915,19.0527298792697,0 72.8459025535448,19.0527307878825,0 72.8459058401383,19.0527316871619,0 72.8459091295427,19.0527325771001,0 72.8459124217285,19.0527334576888,0 72.8459157166665,19.0527343289204,0 72.84591901432709,19.0527351907871,0 72.84592231468091,19.052736043281,0 72.8459256176986,19.0527368863947,0 72.8459289233506,19.0527377201206,0 72.84593223160741,19.0527385444513,0 72.84593554243951,19.0527393593794,0 72.84593683646619,19.0527396776849,0 72.84593812959331,19.0527399992794,0 72.84593942181159,19.0527403241604,0 72.8459407131118,19.0527406523256,0 72.84594200348469,19.0527409837728,0 72.84594329292101,19.0527413184996,0 72.8459445814116,19.0527416565033,0 72.8459458689472,19.0527419977819,0 72.8459471555185,19.0527423423327,0 72.84594844111651,19.0527426901534,0 72.8459497257319,19.0527430412414,0 72.8459510093557,19.0527433955941,0 72.84597541532391,19.0527497194398,0 72.8460021814212,19.0527565806183,0 72.84600516096491,19.0527573856865,0 72.8460081431961,19.0527581817054,0 72.8460111280847,19.0527589686672,0 72.8460141156001,19.0527597465635,0 72.84601710571189,19.0527605153867,0 72.8460200983896,19.0527612751287,0 72.8460230936026,19.052762025782,0 72.8460260913206,19.0527627673388,0 72.8460290915129,19.0527634997916,0 72.846032094149,19.0527642231328,0 72.8460350991982,19.0527649373552,0 72.84603810663,19.0527656424515,0 72.84604713122241,19.0527678887231,0 72.8460480693071,19.0527681360146,0 72.8460490081446,19.0527683807092,0 72.8460499477268,19.0527686228054,0 72.84605088804599,19.0527688623007,0 72.84605182909399,19.0527690991931,0 72.8460527708628,19.0527693334807,0 72.8460537133446,19.0527695651616,0 72.84605465653139,19.0527697942338,0 72.846055600415,19.0527700206952,0 72.8460565449878,19.0527702445441,0 72.84605749024129,19.0527704657785,0 72.84605843616799,19.0527706843964,0 72.8460609045359,19.0527712541375,0 72.84606337150871,19.0527718293168,0 72.8460658370731,19.0527724099311,0 72.84606830121579,19.0527729959772,0 72.84607076392371,19.0527735874521,0 72.8460732251834,19.0527741843527,0 72.8460756849817,19.0527747866756,0 72.8460781433056,19.0527753944176,0 72.84608060014161,19.0527760075756,0 72.8460830554768,19.052776626146,0 72.84608550929789,19.0527772501258,0 72.84608796159161,19.0527778795114,0 72.8460902366279,19.0527784623732,0 72.84609251361729,19.0527790382973,0 72.84609479253651,19.0527796072778,0 72.8460970733621,19.0527801693089,0 72.8460993560707,19.0527807243847,0 72.84610164063859,19.0527812724996,0 72.84610392704241,19.0527818136479,0 72.8461062152589,19.0527823478241,0 72.8461085052642,19.0527828750226,0 72.846110797035,19.0527833952381,0 72.8461130905476,19.0527839084653,0 72.8461153857787,19.0527844146988,0 72.84612290304,19.0527861895419,0 72.8461304239717,19.0527879502697,0 72.8461379485443,19.052789696875,0 72.8461454767285,19.0527914293511,0 72.84615300849499,19.0527931476912,0 72.84616054381441,19.0527948518887,0 72.8461680826573,19.0527965419369,0 72.8461756249944,19.0527982178293,0 72.84618317079629,19.0527998795592,0 72.84619072003351,19.0528015271203,0 72.8461982726766,19.052803160506,0 72.8462058286963,19.0528047797101,0 72.846209350634,19.0528055322147,0 72.84621287337311,19.0528062813192,0 72.84621639691019,19.0528070270229,0 72.8462199212416,19.0528077693249,0 72.8462234463636,19.0528085082246,0 72.8462269722725,19.0528092437211,0 72.846230498965,19.0528099758137,0 72.846234026437,19.0528107045017,0 72.8462375546852,19.0528114297842,0 72.84624108370581,19.0528121516607,0 72.8462446134954,19.0528128701302,0 72.84624814404999,19.0528135851921,0 72.84627165638931,19.0528182541576,0 72.8462834423943,19.0528207168683,0 72.8462952450769,19.0528231062668,0 72.8463070639327,19.0528254222511,0 72.8463188984567,19.0528276647223,0 72.8463307481432,19.0528298335843,0 72.8463426124858,19.0528319287447,0 72.8463544909776,19.0528339501139,0 72.846366383111,19.0528358976054,0 72.84637828837811,19.0528377711361,0 72.8463902062698,19.052839570626,0 72.84640213627731,19.0528412959981,0 72.8464140778904,19.0528429471786,0 72.8464291790135,19.0528452084745,0 72.846444291003,19.0528474031509,0 72.84645941353379,19.0528495311607,0 72.8464745462807,19.0528515924581,0 72.8464896889181,19.0528535869987,0 72.84650484112029,19.0528555147397,0 72.8465200025617,19.0528573756395,0 72.84653517291601,19.0528591696583,0 72.84655035185681,19.0528608967573,0 72.84656553905781,19.0528625568994,0 72.8465807341924,19.0528641500491,0 72.8465959369337,19.0528656761718,0 72.84662222027041,19.0528680748513,0 72.8466485151426,19.0528703563597,0 72.8466748209723,19.0528725206465,0 72.8467011371817,19.0528745676644,0 72.84672746319271,19.0528764973682,0 72.8467537984268,19.0528783097157,0 72.8467801423056,19.0528800046669,0 72.8468064942502,19.0528815821848,0 72.8468328536817,19.0528830422345,0 72.8468592200209,19.052884384784,0 72.84688559268869,19.0528856098038,0 72.8469119711056,19.0528867172671,0 72.8469868397105,19.0528899916422,0 72.8470092979907,19.0528908280729,0 72.8470317533105,19.0528917335342,0 72.8470542054353,19.0528927080168,0 72.8470766541304,19.0528937515103,0 72.8470990991614,19.0528948640039,0 72.8471215402936,19.0528960454859,0 72.8471439772925,19.0528972959442,0 72.8471664099238,19.0528986153655,0 72.847188837953,19.052900003736,0 72.8472112611458,19.0529014610415,0 72.8472336792677,19.0529029872664,0 72.84725609208461,19.0529045823949,0 72.84729385518369,19.0529075777359,0 72.8473315497224,19.0529112723409,0 72.8473691613827,19.0529156648065,0 72.84740667587759,19.0529207534643,0 72.8474440789573,19.0529265363814,0 72.84748135641421,19.0529330113612,0 72.84751849408831,19.0529401759442,0 72.8475554778731,19.0529480274091,0 72.8475922937199,19.0529565627734,0 72.84762892764461,19.0529657787951,0 72.8476653657314,19.0529756719735,0 72.8477015941393,19.0529862385507,0 72.8477288644082,19.0529945311039,0 72.8477559852285,19.0530032555916,0 72.84778294903499,19.0530124095801,0 72.8478097483062,19.0530219905158,0 72.8478363755661,19.0530319957262,0 72.8478628233871,19.0530424224205,0 72.8478890843915,19.0530532676899,0 72.8479151512536,19.0530645285093,0 72.847941016702,19.0530762017373,0 72.8479666735216,19.053088284118,0 72.847992114555,19.0531007722806,0 72.8480173327056,19.0531136627418,0 72.8480227391334,19.053116487836,0 72.8480281402543,19.0531193220942,0 72.8480335360512,19.0531221655074,0 72.8480389265068,19.0531250180666,0 72.8480443116041,19.0531278797626,0 72.8480496913259,19.0531307505865,0 72.8480550656551,19.0531336305289,0 72.84806043457461,19.0531365195809,0 72.8480657980674,19.0531394177331,0 72.84807115611631,19.0531423249764,0 72.8480765087044,19.0531452413016,0 72.8480818558146,19.0531481666992,0 72.84808662615041,19.0531507948676,0 72.84809138462551,19.0531534424067,0 72.848096131153,19.0531561092684,0 72.8481008656461,19.0531587954035,0 72.8481055880182,19.0531615007632,0 72.848110298183,19.053164225298,0 72.84811499605431,19.0531669689581,0 72.84811968154639,19.0531697316933,0 72.8481243545735,19.053172513453,0 72.84812901505021,19.0531753141866,0 72.8481336628913,19.0531781338427,0 72.8481382980119,19.0531809723698,0 72.8481433539246,19.0531840886453,0 72.84814840455179,19.0531872126613,0 72.8481534498802,19.0531903444098,0 72.848158489897,19.0531934838826,0 72.848163524589,19.0531966310717,0 72.848168553943,19.0531997859687,0 72.8481735779462,19.0532029485656,0 72.8481785965854,19.0532061188541,0 72.8481836098476,19.053209296826,0 72.8481886177198,19.0532124824731,0 72.84819362018889,19.0532156757871,0 72.84819861724211,19.0532188767597,0 72.848203173255,19.0532218632934,0 72.84820772058001,19.0532248617764,0 72.84821225918221,19.0532278721856,0 72.84821678902721,19.0532308944982,0 72.84822131008031,19.0532339286912,0 72.8482258223072,19.0532369747413,0 72.8482303256735,19.0532400326255,0 72.8482348201447,19.0532431023203,0 72.8482393056868,19.0532461838024,0 72.8482437822654,19.0532492770483,0 72.84824824984641,19.0532523820344,0 72.848252708396,19.053255498737,0 72.8482976695193,19.0532879322853,0 72.84830717806901,19.0532951472533,0 72.8483166481951,19.0533024077735,0 72.8483260796566,19.0533097136611,0 72.8483354722128,19.0533170647298,0 72.8483448256244,19.0533244607922,0 72.8483541396534,19.05333190166,0 72.84836341406189,19.0533393871434,0 72.8483726486139,19.0533469170518,0 72.84838184307399,19.0533544911932,0 72.8483909972078,19.0533621093745,0 72.84840011078209,19.0533697714018,0 72.8484091835646,19.0533774770797,0 72.848421254728,19.0533879251209,0 72.8484332461354,19.053398455881,0 72.84844515716,19.0534090688095,0 72.84845698717911,19.0534197633518,0 72.8484687355741,19.0534305389486,0 72.8484804017309,19.0534413950367,0 72.8484919850398,19.0534523310486,0 72.84850348489501,19.0534633464125,0 72.84851490069541,19.0534744405526,0 72.8485262318443,19.0534856128891,0 72.8485374777493,19.0534968628378,0 72.8485486378225,19.0535081898107,0 72.84855673169869,19.0535164673191,0 72.84856478103229,19.0535247840096,0 72.8485727856137,19.0535331396655,0 72.8485807452342,19.0535415340689,0 72.8485886596864,19.0535499670013,0 72.84859652876401,19.0535584382427,0 72.848604352262,19.0535669475724,0 72.8486121299765,19.0535754947687,0 72.84861986170471,19.0535840796088,0 72.8486275472452,19.0535927018691,0 72.8486351863976,19.0536013613248,0 72.8486427789631,19.0536100577502,0 72.84865272626161,19.0536213585935,0 72.8486626523254,19.0536326763081,0 72.848672557123,19.0536440108576,0 72.8486824406227,19.053655362206,0 72.8486923027929,19.053666730317,0 72.8487021436022,19.0536781151545,0 72.8487119630193,19.0536895166822,0 72.8487217610128,19.0537009348635,0 72.8487315375515,19.0537123696623,0 72.8487412926043,19.053723821042,0 72.84875102613999,19.0537352889663,0 72.8487607381275,19.0537467733982,0 72.8490449167808,19.05408139166,0 72.8490795717009,19.054122254735,0 72.8491142392474,19.0541631081325,0 72.8491489194173,19.0542039518488,0 72.8491836122076,19.0542447858804,0 72.8492183176154,19.0542856102239,0 72.8492530356376,19.0543264248757,0 72.8492877662713,19.0543672298322,0 72.8493225095134,19.0544080250901,0 72.84935726536099,19.0544488106457,0 72.8493920338112,19.0544895864954,0 72.84942681486071,19.0545303526358,0 72.8494616085069,19.0545711090635,0 72.84946971059129,19.0545805124997,0 72.8494778266533,19.0545899050311,0 72.8494859566764,19.054599286639,0 72.84949410064441,19.0546086573046,0 72.84950225854099,19.0546180170091,0 72.84951043034999,19.0546273657339,0 72.84951861605499,19.0546367034603,0 72.84952681563961,19.0546460301695,0 72.84953502908731,19.054655345843,0 72.84954325638191,19.0546646504621,0 72.8495514975068,19.054673944008,0 72.8495597524455,19.0546832264625,0 72.8495828734703,19.0547090784147,0 72.8496061079406,19.0547348382388,0 72.8496294554505,19.0547605054847,0 72.849652915592,19.054786079704,0 72.84967648795531,19.0548115604498,0 72.84970017212861,19.0548369472767,0 72.849723967698,19.0548622397412,0 72.8497478742478,19.0548874374015,0 72.84977189136041,19.0549125398169,0 72.8497960186161,19.0549375465491,0 72.8498202555934,19.0549624571611,0 72.8498446018688,19.0549872712175,0 72.8498687942221,19.0550115506041,0 72.8498930807251,19.0550357448549,0 72.8499174610465,19.0550598536396,0 72.8499419348536,19.0550838766293,0 72.8499665018127,19.0551078134962,0 72.84999116158861,19.0551316639138,0 72.8500159138448,19.0551554275566,0 72.85004075824369,19.0551791041004,0 72.8500656944464,19.0552026932222,0 72.8500907221126,19.0552261946,0 72.8501158409011,19.0552496079134,0 72.85014105046911,19.0552729328428,0 72.8501545442973,19.0552852571336,0 72.85016806041391,19.0552975593217,0 72.850181598779,19.0553098393707,0 72.8501951593525,19.0553220972443,0 72.8502087420942,19.0553343329061,0 72.8502223469637,19.0553465463199,0 72.8502359739209,19.0553587374495,0 72.8502496229254,19.0553709062587,0 72.85026329393681,19.0553830527116,0 72.85027698691449,19.055395176772,0 72.8502907018181,19.0554072784043,0 72.8503044386068,19.0554193575724,0 72.8504213418842,19.0555218138134,0 72.85051317591871,19.055602071572,0 72.8506035371322,19.0556810420531,0 72.850698617833,19.0557643097503,0 72.85075204853671,19.0558114961136,0 72.8507721076553,19.0558293373652,0 72.8507798107795,19.0558361949119,0 72.8507875043511,19.0558430621486,0 72.8507951883566,19.0558499390632,0 72.8508028627827,19.0558568256438,0 72.85081052761571,19.0558637218781,0 72.8508181828424,19.055870627754,0 72.8508258284493,19.0558775432596,0 72.8508334644231,19.0558844683828,0 72.85084109075019,19.0558914031112,0 72.8508487074174,19.0558983474329,0 72.8508563144113,19.0559053013356,0 72.85086391171861,19.0559122648073,0 72.85087504351129,19.0559224973567,0 72.85088267782091,19.0559295371056,0 72.850890300342,19.0559365883957,0 72.8508979110554,19.0559436512093,0 72.8509055099418,19.0559507255283,0 72.850913096982,19.0559578113349,0 72.8509206721568,19.0559649086113,0 72.8509282354469,19.0559720173393,0 72.8509357868333,19.0559791375011,0 72.8509433262968,19.0559862690785,0 72.8509508538184,19.0559934120536,0 72.850958369379,19.0560005664083,0 72.85096587295951,19.0560077321244,0 72.8509790618028,19.056020380148,0 72.8509922158739,19.0560330608724,0 72.851005335083,19.0560457742113,0 72.8510184193409,19.0560585200777,0 72.85103146855821,19.0560712983852,0 72.851044482646,19.0560841090463,0 72.8510574615156,19.0560969519739,0 72.8510704050785,19.0561098270803,0 72.85108331324641,19.0561227342778,0 72.8510961859314,19.0561356734785,0 72.85110902304569,19.0561486445941,0 72.8511218245017,19.0561616475361,0 72.85119510628429,19.0562368478431,0 72.8512058605764,19.0562479755182,0 72.85121660702011,19.0562591100477,0 72.8512273456104,19.0562702514269,0 72.8512380763426,19.0562813996505,0 72.8512487992118,19.0562925547137,0 72.8512595142131,19.0563037166115,0 72.85127022134181,19.0563148853387,0 72.8512809205931,19.0563260608904,0 72.851291611962,19.0563372432616,0 72.8513022954438,19.0563484324472,0 72.85131297103391,19.0563596284422,0 72.8513236387272,19.0563708312415,0 72.8513516393206,19.0564003280147,0 72.85137973276851,19.0564297448531,0 72.8514079188186,19.0564590814923,0 72.8514361972176,19.0564883376688,0 72.8514645677117,19.05651751312,0 72.851493030046,19.0565466075835,0 72.8515215839647,19.0565756207981,0 72.8515502292115,19.056604552503,0 72.8515789655292,19.0566334024383,0 72.85160779265939,19.056662170345,0 72.8516367103434,19.0566908559644,0 72.8516657183213,19.0567194590389,0 72.8516882789116,19.0567416680502,0 72.85171093446461,19.056763789485,0 72.8517336846047,19.0567858229765,0 72.8517565289542,19.0568077681588,0 72.85177946713409,19.0568296246679,0 72.8518024987637,19.0568513921409,0 72.8518256234607,19.0568730702165,0 72.8518488408416,19.0568946585352,0 72.851872150521,19.0569161567384,0 72.8518955521121,19.0569375644695,0 72.8519190452266,19.0569588813732,0 72.85194262947461,19.0569801070957,0 72.85187523555911,19.0570469900984,0 72.8526845292787,19.0577843245953,0 72.8534938301915,19.0585216561855,0 72.8535611867038,19.05845480979,0 72.85424324456881,19.0590762061498,0 72.8549271139624,19.0596992461673,0 72.8550332458039,19.0597954861936,0 72.85504309831251,19.0598043607622,0 72.8550529696596,19.0598132163833,0 72.8550628598049,19.0598220530207,0 72.855072768708,19.0598308706384,0 72.85508269632859,19.0598396692003,0 72.8550926426261,19.0598484486705,0 72.8551026075598,19.0598572090133,0 72.855112591089,19.0598659501927,0 72.85512259317311,19.0598746721732,0 72.8551326137712,19.0598833749191,0 72.8551426528424,19.0598920583949,0 72.85515271034561,19.0599007225651,0 72.8551638383269,19.0599102578689,0 72.8551749992499,19.0599197582991,0 72.8551861929939,19.0599292237526,0 72.8551974194376,19.0599386541272,0 72.85520867845941,19.0599480493206,0 72.85521996993749,19.0599574092311,0 72.8552312937494,19.0599667337572,0 72.85524264977251,19.0599760227981,0 72.85525403788409,19.059985276253,0 72.8552654579604,19.0599944940218,0 72.8552769098781,19.0600036760047,0 72.85528839351311,19.0600128221022,0 72.85534066916441,19.0600532830257,0 72.85539373188411,19.0600928067672,0 72.8554475630925,19.0601313794867,0 72.8555021439407,19.0601689876779,0 72.8555574553173,19.0602056181717,0 72.8556134778552,19.0602412581415,0 72.8556701919379,19.0602758951077,0 72.855727577707,19.0603095169415,0 72.8557856150689,19.0603421118701,0 72.8558442837015,19.0603736684797,0 72.8559035630619,19.0604041757205,0 72.8559634323931,19.0604336229099,0 72.8560252800912,19.0604626060753,0 72.8560877023975,19.0604904532208,0 72.856150676236,19.0605171540517,0 72.8562141783264,19.060542698697,0 72.8562781851937,19.0605670777131,0 72.8563426731755,19.0605902820874,0 72.856407618432,19.0606123032415,0 72.8564729969543,19.0606331330343,0 72.8565387845731,19.0606527637654,0 72.856604956968,19.0606711881774,0 72.856671489676,19.0606883994589,0 72.8567383581013,19.060704391247,0 72.8567953488589,19.0607170380547,0 72.85682374884379,19.060723037595,0 72.8568417848925,19.0607267502839,0 72.8568623616687,19.0607309008092,0 72.8568752021977,19.0607334472193,0 72.8568907026069,19.0607364770048,0 72.856916285579,19.0607413797857,0 72.8569723225976,19.0607517364537,0 72.8570807905393,19.0607706255293,0 72.857202512294,19.0607908082226,0 72.8576253002424,19.0608602556727,0 72.8580534965333,19.0609305905143,0 72.8581069257399,19.0609394234494,0 72.8581695794814,19.0609501693029,0 72.85823533358111,19.0609623770872,0 72.8582722524219,19.0609698654773,0 72.8583084008295,19.0609777753471,0 72.8583249945994,19.0609816334957,0 72.8583390778043,19.0609850305617,0 72.8583553419639,19.0609891044711,0 72.8583668432846,19.060992093706,0 72.8583737014046,19.0609939169951,0 72.8583827890493,19.0609963879642,0 72.8583963033753,19.0610001782459,0 72.8584118873344,19.0610047328611,0 72.8584272766724,19.0610094304866,0 72.858453179322,19.0610178390102,0 72.8584969979817,19.0610336820824,0 72.8585239720119,19.0610439503215,0 72.8585505530034,19.0610551068546,0 72.8585767086133,19.0610671381069,0 72.85860240701641,19.0610800294393,0 72.85862761694371,19.0610937651662,0 72.8586523077209,19.0611083285747,0 72.85867644930509,19.0611237019445,0 72.85870001232129,19.06113986657,0 72.858722968099,19.0611568027828,0 72.8587452887064,19.0611744899756,0 72.8587669469842,19.0611929066272,0 72.8587879165792,19.0612120303292,0 72.8588078016714,19.0612313135742,0 72.8588271421402,19.0612510913101,0 72.8588459243898,19.0612713496342,0 72.858864135217,19.0612920743058,0 72.8588817618201,19.0613132507565,0 72.8588987918082,19.0613348641001,0 72.8589152132099,19.0613568991436,0 72.8589310144813,19.0613793403971,0 72.85894618451459,19.0614021720857,0 72.8589607126456,19.0614253781595,0 72.8589745886614,19.0614489423059,0 72.8589878028076,19.0614728479603,0 72.85899118018691,19.0614792484128,0 72.85899448176581,19.0614856845238,0 72.858997707128,19.0614921554818,0 72.8590008558667,19.0614986604709,0 72.85900392758511,19.0615051986706,0 72.8590069218955,19.0615117692566,0 72.85900983842041,19.0615183714002,0 72.8590126767922,19.0615250042689,0 72.8590154366526,19.0615316670263,0 72.8590181176539,19.0615383588322,0 72.859020719458,19.0615450788426,0 72.85902324173649,19.0615518262104,0 72.8590244001289,19.0615549715509,0 72.8590255647388,19.061558114815,0 72.859026735562,19.0615612559915,0 72.8590279125944,19.0615643950691,0 72.8590290958318,19.061567532037,0 72.85903028527009,19.0615706668839,0 72.8590314809051,19.0615737995987,0 72.8590326827325,19.0615769301706,0 72.85903389074809,19.0615800585882,0 72.8590351049475,19.0615831848407,0 72.8590363253266,19.0615863089168,0 72.859037551881,19.0615894308056,0 72.8590388681053,19.0615928067161,0 72.85904015982391,19.0615961911739,0 72.8590414269753,19.0615995840181,0 72.8590426694993,19.0616029850876,0 72.8590438873369,19.0616063942207,0 72.85904508043011,19.0616098112553,0 72.85904624872239,19.0616132360292,0 72.8590473921581,19.0616166683797,0 72.859048510683,19.0616201081434,0 72.85904960424391,19.0616235551571,0 72.8590506727887,19.0616270092569,0 72.8590517162669,19.0616304702786,0 72.85905255114859,19.0616332603597,0 72.8590533945831,19.0616360481142,0 72.8590542465633,19.0616388335181,0 72.8590551070817,19.061641616548,0 72.8590559761312,19.06164439718,0 72.8590568537044,19.0616471753908,0 72.8590577397938,19.0616499511563,0 72.8590586343919,19.0616527244532,0 72.85905953749101,19.061655495258,0 72.8590604490834,19.061658263547,0 72.85906136916159,19.0616610292965,0 72.8590622977175,19.0616637924832,0 72.8590635552067,19.0616675570582,0 72.8590647873654,19.0616713291986,0 72.859065994143,19.0616751087502,0 72.8590671754904,19.0616788955588,0 72.8590683313594,19.0616826894697,0 72.8590694617025,19.0616864903278,0 72.85907056647361,19.0616902979778,0 72.85907164562779,19.0616941122643,0 72.8590726991207,19.0616979330314,0 72.8590737269095,19.061701760123,0 72.8590747289521,19.0617055933827,0 72.8590757052076,19.0617094326541,0 72.8590765976063,19.0617129658804,0 72.859077502342,19.0617164962689,0 72.8590784194049,19.0617200237806,0 72.8590793487847,19.0617235483765,0 72.8590802904713,19.0617270700178,0 72.8590812444542,19.0617305886655,0 72.8590822107229,19.061734104281,0 72.8590831892668,19.0617376168254,0 72.859084180075,19.06174112626,0 72.8590851831367,19.0617446325459,0 72.85908619844071,19.0617481356447,0 72.8590872259758,19.0617516355175,0 72.85908844409291,19.0617558035519,0 72.8590896372649,19.061759978105,0 72.85909080545299,19.061764159042,0 72.85909194861971,19.0617683462276,0 72.85909306672799,19.0617725395264,0 72.8590941597417,19.0617767388028,0 72.8590952276254,19.0617809439211,0 72.85909627034449,19.0617851547453,0 72.8590972878656,19.0617893711392,0 72.85909828015549,19.0617935929665,0 72.8590992471822,19.0617978200907,0 72.8591001889145,19.0618020523752,0 72.8591019935968,19.0618102038231,0 72.85910382957241,19.0618183489503,0 72.859105696817,19.0618264876482,0 72.8591075953056,19.0618346198082,0 72.859109525013,19.0618427453219,0 72.8591114859134,19.061850864081,0 72.8591134779805,19.0618589759772,0 72.859115501188,19.0618670809022,0 72.8591175555088,19.0618751787481,0 72.8591196409155,19.0618832694068,0 72.85912175738029,19.0618913527704,0 72.85912390487501,19.0618994287313,0 72.85912956342909,19.0619207317362,0 72.85913512852081,19.06194205699,0 72.85914060005339,19.0619634041218,0 72.8591459779317,19.0619847727607,0 72.8591512620621,19.062006162535,0 72.85915645235271,19.0620275730729,0 72.8591615487133,19.0620490040023,0 72.8591665510553,19.0620704549505,0 72.8591714592917,19.0620919255446,0 72.8591762733369,19.0621134154114,0 72.8591809931075,19.0621349241772,0 72.8591856185212,19.062156451468,0 72.8591902439358,19.062177978759,0 72.8591949637091,19.0621994875246,0 72.8591997777591,19.062220977391,0 72.8592046860021,19.0622424479849,0 72.85920968835291,19.0622638989325,0 72.8592147847245,19.0622853298613,0 72.8592199750283,19.0623067403985,0 72.8592252591741,19.062328130172,0 72.8592306370703,19.0623494988097,0 72.85923610862319,19.0623708459404,0 72.8592416737377,19.0623921711928,0 72.8592473323171,19.0624134741962,0 72.85925178775121,19.0624302192838,0 72.8592561839139,19.0624469785294,0 72.8592605207553,19.0624637517431,0 72.85926479822631,19.0624805387351,0 72.8592690162786,19.0624973393155,0 72.8592731748642,19.0625141532941,0 72.8592772739362,19.0625309804805,0 72.85928131344809,19.0625478206844,0 72.8592852933544,19.0625646737151,0 72.8592892136096,19.0625815393819,0 72.8592930741697,19.0625984174938,0 72.8592968749907,19.0626153078598,0 72.85929812567071,19.0626208327005,0 72.8592994100845,19.0626263505392,0 72.8593007281889,19.06263186119,0 72.8593020799393,19.0626373644666,0 72.8593034652904,19.0626428601835,0 72.859304884195,19.0626483481552,0 72.8593063366054,19.0626538281963,0 72.8593078224728,19.062659300122,0 72.85930934174679,19.0626647637477,0 72.85931089437619,19.0626702188889,0 72.8593124803086,19.0626756653615,0 72.8593140994905,19.0626811029817,0 72.8593148813261,19.0626837214199,0 72.8593156511043,19.062686343086,0 72.8593164088106,19.0626889679298,0 72.8593171544303,19.0626915959011,0 72.8593178879491,19.0626942269495,0 72.8593186093531,19.0626968610247,0 72.85931931862839,19.0626994980761,0 72.8593200157615,19.0627021380534,0 72.85932070073891,19.0627047809059,0 72.8593213735476,19.0627074265832,0 72.8593220341748,19.0627100750345,0 72.8593226826077,19.062712726209,0 72.8593230096343,19.0627140608692,0 72.85932334392,19.0627153939026,0 72.85932368545601,19.0627167252732,0 72.8593240342329,19.0627180549455,0 72.8593243902416,19.0627193828839,0 72.85932475347229,19.0627207090528,0 72.8593251239155,19.0627220334167,0 72.8593255015612,19.0627233559402,0 72.85932588639921,19.0627246765878,0 72.8593262784194,19.0627259953241,0 72.85932667761099,19.0627273121139,0 72.85932708396361,19.0627286269219,0 72.85932762784179,19.0627303845336,0 72.8593281633889,19.0627321444568,0 72.859328690594,19.0627339066556,0 72.8593292094464,19.0627356710945,0 72.8593297199356,19.0627374377377,0 72.8593302220511,19.0627392065491,0 72.8593307157828,19.062740977493,0 72.8593312011208,19.0627427505335,0 72.8593316780552,19.0627445256347,0 72.85933214657619,19.0627463027603,0 72.8593326066743,19.0627480818745,0 72.8593330583404,19.0627498629411,0 72.8593334553233,19.0627514257952,0 72.8593338609399,19.0627529866436,0 72.859334275179,19.0627545454433,0 72.8593346980291,19.0627561021511,0 72.85933512947879,19.0627576567241,0 72.85933556951581,19.0627592091193,0 72.8593360181281,19.0627607592938,0 72.85933647530339,19.0627623072049,0 72.8593369410289,19.0627638528097,0 72.8593374152919,19.0627653960655,0 72.8593378980792,19.0627669369297,0 72.8593383893774,19.0627684753598,0 72.85933895323311,19.0627702384173,0 72.8593395088436,19.0627720038399,0 72.85934005619789,19.0627737715927,0 72.8593405952852,19.062775541641,0 72.8593411260949,19.0627773139496,0 72.85934164861629,19.0627790884835,0 72.8593421628393,19.0627808652079,0 72.8593426687537,19.0627826440875,0 72.8593431663494,19.0627844250873,0 72.8593436556167,19.062786208172,0 72.8593441365458,19.0627879933065,0 72.85934460912741,19.0627897804554,0 72.8593451435991,19.0627917975035,0 72.8593456895531,19.0627938117694,0 72.8593462469732,19.0627958231938,0 72.8593468158433,19.062797831718,0 72.8593473961464,19.0627998372828,0 72.8593479878658,19.0628018398294,0 72.8593485909841,19.0628038392992,0 72.8593492054835,19.0628058356333,0 72.8593498313459,19.0628078287732,0 72.8593504685532,19.0628098186606,0 72.85935111708631,19.062811805237,0 72.8593517769266,19.0628137884441,0 72.85935229242951,19.0628153352934,0 72.85935280065149,19.0628168843194,0 72.8593533015823,19.0628184354913,0 72.859353795212,19.0628199887779,0 72.8593542815307,19.0628215441481,0 72.8593547605286,19.062823101571,0 72.85935523219619,19.0628246610154,0 72.85935569652401,19.0628262224499,0 72.8593561535028,19.0628277858434,0 72.8593566031235,19.0628293511647,0 72.8593570453768,19.0628309183824,0 72.8593574802543,19.0628324874652,0 72.8593583558429,19.0628356380403,0 72.8593592507128,19.0628387837135,0 72.8593601648338,19.0628419243782,0 72.8593610981748,19.0628450599277,0 72.85936205070399,19.0628481902557,0 72.8593630223894,19.0628513152562,0 72.85936401319781,19.062854434823,0 72.85936502309571,19.0628575488504,0 72.8593660520488,19.0628606572328,0 72.8593671000223,19.0628637598648,0 72.8593681669805,19.0628668566411,0 72.8593692528874,19.0628699474567,0 72.8593705047324,19.0628734983868,0 72.85937174252609,19.0628770537678,0 72.8593729662511,19.0628806135492,0 72.8593741758902,19.0628841776807,0 72.859375371426,19.062887746112,0 72.85937655284199,19.0628913187925,0 72.8593777201211,19.0628948956718,0 72.859378873247,19.0628984766993,0 72.8593800122034,19.0629020618245,0 72.85938113697421,19.0629056509964,0 72.85938224754339,19.0629092441645,0 72.8593833438953,19.0629128412779,0 72.85940931688521,19.0629868306431,0 72.8594372157544,19.0630601833808,0 72.8594670232708,19.0631328541765,0 72.8594987210232,19.0632047981374,0 72.85953228943239,19.0632759708192,0 72.8595677077638,19.0633463282543,0 72.8596049541396,19.0634158269786,0 72.85964400555299,19.0634844240582,0 72.8596848378816,19.0635520771166,0 72.8597274259032,19.0636187443598,0 72.8597717433104,19.0636843846032,0 72.8598177627276,19.0637489572965,0 72.8598689536267,19.0638169166478,0 72.85992202587219,19.0638835584551,0 72.85997694197761,19.0639488356439,0 72.8600336631536,19.0640127021036,0 72.8600921493358,19.0640751127202,0 72.86015235921261,19.0641360234078,0 72.8602142502551,19.0641953911399,0 72.86027777874639,19.0642531739804,0 72.86034289981281,19.0643093311119,0 72.8604095674557,19.0643638228661,0 72.8604777345836,19.0644166107504,0 72.860547353046,19.0644676574761,0 72.860578272211,19.0644908025267,0 72.86060947895091,19.0645135959716,0 72.8606409688438,19.0645360345806,0 72.86067273742719,19.0645581151742,0 72.8607047801993,19.0645798346231,0 72.8607370926194,19.0646011898495,0 72.8607696701088,19.0646221778271,0 72.8608025080508,19.0646427955817,0 72.8608356017921,19.0646630401914,0 72.8608689466431,19.0646829087874,0 72.8609025378787,19.0647023985542,0 72.8609363707384,19.0647215067296,0 72.86098175836391,19.0647498746621,0 72.8610271574241,19.0647782260609,0 72.8610725679123,19.0648065609217,0 72.86111798982191,19.0648348792405,0 72.8611634231461,19.0648631810128,0 72.8612088678784,19.0648914662348,0 72.861254324012,19.0649197349021,0 72.8612997915403,19.0649479870107,0 72.8613452704567,19.0649762225564,0 72.8613907607543,19.065004441535,0 72.86143626242669,19.0650326439424,0 72.861481775467,19.0650608297745,0 72.8620271824681,19.0654001514815,0 72.86195957086331,19.0654984039831,0 72.8628975167953,19.0660819348098,0 72.86383546960791,19.0666654614765,0 72.8639030807917,19.0665672081738,0 72.86637118696631,19.0681026451203,0 72.86788545392361,19.0690446588995,0 72.86868652929449,19.0695429928016,0 72.8686552788441,19.0695900699866,0 72.8704525396292,19.0706982359954,0 72.8704798589621,19.0706585712099,0 72.8706125280963,19.0707421372301,0 72.870744333845,19.0708294206643,0 72.87075479723811,19.0708373041778,0 72.87076523976189,19.070845212668,0 72.87077566135061,19.0708531460848,0 72.8707860619384,19.070861104378,0 72.8707964414596,19.0708690874975,0 72.8708067998485,19.0708770953929,0 72.87081713703989,19.0708851280136,0 72.8708274529684,19.0708931853088,0 72.8708377475688,19.0709012672276,0 72.87084802077609,19.070909373719,0 72.8708582725255,19.0709175047319,0 72.8708685027522,19.0709256602148,0 72.87088996307661,19.0709432844584,0 72.8709110400244,19.0709613221073,0 72.87093172478809,19.0709797656242,0 72.870952008724,19.070998607302,0 72.87097188335591,19.0710178392675,0 72.8709913403784,19.071037453484,0 72.871010371661,19.0710574417554,0 72.8710289692508,19.0710777957291,0 72.87104712537629,19.0710985068998,0 72.8710648324502,19.0711195666129,0 72.87108208307321,19.071140966068,0 72.87109887003631,19.0711626963231,0 72.87111526871711,19.0711846878043,0 72.8711312064892,19.0712069835228,0 72.8711466771107,19.0712295747469,0 72.8711616745228,19.0712524526293,0 72.87117619285161,19.0712756082104,0 72.8711902264114,19.0712990324216,0 72.8712037697059,19.0713227160896,0 72.87121681743091,19.071346649939,0 72.87122936447631,19.0713708245966,0 72.8712414059281,19.0713952305949,0 72.8712529370702,19.0714198583758,0 72.8712639533865,19.0714446982943,0 72.8712745283721,19.0714696826525,0 72.8712845971764,19.0714948553516,0 72.8712941560913,19.0715202071216,0 72.8713032015965,19.0715457286265,0 72.8713117303605,19.0715714104679,0 72.8713197392425,19.0715972431883,0 72.8713272252927,19.0716232172747,0 72.87133418575419,19.0716493231618,0 72.8713406180636,19.071675551236,0 72.8713465198517,19.0717018918388,0 72.871351888945,19.0717283352699,0 72.87135672336601,19.0717548717914,0 72.8713611153709,19.071781474078,0 72.87136498645739,19.0718081494022,0 72.871368335287,19.0718348885432,0 72.871371160702,19.0718616822585,0 72.8713734617254,19.0718885212862,0 72.87137523756159,19.0719153963493,0 72.87137648759651,19.0719422981581,0 72.8713772113978,19.0719692174136,0 72.87137740871501,19.0719961448108,0 72.8713770794796,19.0720230710419,0 72.8713762238053,19.0720499867995,0 72.8713748419876,19.0720768827797,0 72.8713737291454,19.0720887632627,0 72.8713726044042,19.0721006427327,0 72.8713714677648,19.0721125211788,0 72.8713703192284,19.0721243985904,0 72.8713691587958,19.0721362749566,0 72.8713679864683,19.0721481502665,0 72.8713668022469,19.0721600245097,0 72.8713656061325,19.0721718976751,0 72.8713643981264,19.072183769752,0 72.8713631782295,19.0721956407298,0 72.8713619464431,19.0722075105976,0 72.8713607027682,19.0722193793446,0 72.8713593931912,19.0722312030723,0 72.87135794658489,19.0722430123532,0 72.8713563631251,19.0722548057513,0 72.8713546430043,19.0722665818331,0 72.8713527864316,19.0722783391671,0 72.8713507936326,19.0722900763239,0 72.87134866484951,19.0723017918767,0 72.8713464003412,19.0723134844013,0 72.87134400038291,19.0723251524763,0 72.8713414652663,19.0723367946831,0 72.87133879529959,19.0723484096067,0 72.8713359908072,19.072359995835,0 72.87125317362199,19.0727594661391,0 72.8712472177486,19.072790447438,0 72.87124158866931,19.0728214839224,0 72.8712362869496,19.0728525724763,0 72.8712313131219,19.0728837099781,0 72.8712266676857,19.0729148933017,0 72.8712223511078,19.0729461193162,0 72.8712183638216,19.0729773848866,0 72.87121470622751,19.0730086868737,0 72.8712113786932,19.0730400221347,0 72.8712083815529,19.0730713875236,0 72.87120571510749,19.0731027798911,0 72.8712033796252,19.0731341960856,0 72.8711997246787,19.0732268908676,0 72.87120033090559,19.0733196489749,0 72.8712051971563,19.0734122934105,0 72.8712143141523,19.0735046473939,0 72.87122766450391,19.0735965346987,0 72.8712452227437,19.0736877799887,0 72.8712669553745,19.0737782091523,0 72.8712928209336,19.0738676496351,0 72.8713227700719,19.0739559307689,0 72.8713567456475,19.0740428840975,0 72.8713946828354,19.074128343698,0 72.8714365092509,19.0742121464975,0 72.8714818729036,19.0742937249861,0 72.8715309346243,19.0743733452466,0 72.8715836010967,19.0744508558302,0 72.87163977214721,19.0745261093012,0 72.87169934093561,19.0745989625166,0 72.87176219415819,19.0746692768991,0 72.8718282122634,19.0747369187002,0 72.8718972696793,19.0748017592548,0 72.87196923505201,19.0748636752262,0 72.8720439714958,19.0749225488403,0 72.8721213368537,19.0749782681102,0 72.87220118396731,19.0750307270485,0 72.8726203539014,19.0752591116576,0 72.8738487219303,19.0758195149767,0 72.87497379993781,19.07633892925,0 72.8751977554779,19.0764388737529,0 72.8752282333891,19.0764516297306,0 72.8752588963836,19.0764639782397,0 72.8752897384356,19.0764759168534,0 72.87532075348391,19.0764874432253,0 72.8753519354333,19.0764985550903,0 72.87538327815589,19.0765092502646,0 72.87541477549191,19.0765195266464,0 72.8754464212517,19.0765293822159,0 72.875478209216,19.0765388150365,0 72.8755101331376,19.0765478232542,0 72.87554218674291,19.0765564050987,0 72.8755743637325,19.0765645588834,0 72.87562097172661,19.0765747693619,0 72.8756678675428,19.0765837095102,0 72.8757150128868,19.0765913720281,0 72.875762369261,19.0765977506584,0 72.8758098979951,19.0766028401922,0 72.87585756027831,19.0766066364734,0 72.8759053171905,19.0766091364021,0 72.8759531297347,19.0766103379366,0 72.87600095886781,19.0766102400958,0 72.8760487655338,19.0766088429594,0 72.87609651069469,19.0766061476682,0 72.8761441553628,19.0766021564231,0 72.87619164074781,19.0765968655537,0 72.87623894552441,19.0765902724447,0 72.8762860301939,19.0765823826011,0 72.8763328554416,19.0765732026107,0 72.8763793821694,19.0765627401383,0 72.8764255715286,19.0765510039198,0 72.8764713849517,19.0765380037548,0 72.8765167841857,19.0765237504979,0 72.87656173132309,19.0765082560503,0 72.8766061888342,19.0764915333493,0 72.8766501195979,19.076473596358,0 72.87669348693299,19.0764544600533,0 72.8767971872953,19.0764039540007,0 72.876805620407,19.0763994548979,0 72.8768140457038,19.0763949425789,0 72.8768224631625,19.0763904170562,0 72.87683087276029,19.0763858783421,0 72.87683927447441,19.0763813264489,0 72.8768476682819,19.0763767613889,0 72.8768560541599,19.0763721831747,0 72.8768644320858,19.0763675918185,0 72.8768728020365,19.076362987333,0 72.8768811639895,19.0763583697307,0 72.876889517922,19.076353739024,0 72.87689786381129,19.0763490952257,0 72.8769921803716,19.0762943863662,0 72.8770837688573,19.0762362808357,0 72.87773895500381,19.0758133471953,0 72.877983382686,19.0756564375393,0 72.8781496269434,19.0755500768508,0 72.87832195065521,19.0754496977526,0 72.8784861366716,19.0753607862417,0 72.87850775833761,19.0753491528288,0 72.87852940403,19.075337559878,0 72.87855107366531,19.0753260074344,0 72.8785727671595,19.0753144955426,0 72.8785944844287,19.0753030242473,0 72.8786162253888,19.0752915935926,0 72.87863798995581,19.075280203623,0 72.8786597780453,19.0752688543825,0 72.87868158957311,19.075257545915,0 72.8787034244549,19.0752462782641,0 72.878725282606,19.0752350514737,0 72.8787471639419,19.075223865587,0 72.87875520976429,19.0752198124712,0 72.8787632597295,19.0752157667988,0 72.8787713138302,19.0752117285736,0 72.8787793720584,19.0752076977995,0 72.8787874344067,19.0752036744803,0 72.8787955008674,19.0751996586198,0 72.8788035714328,19.0751956502217,0 72.8788116460954,19.0751916492899,0 72.8788197248475,19.0751876558281,0 72.8788278076814,19.0751836698402,0 72.8788358945895,19.0751796913298,0 72.8788439855643,19.0751757203009,0 72.87919540166931,19.0749988063561,0 72.87922456669141,19.0749838494043,0 72.87925375981629,19.074968942099,0 72.87928298095029,19.074954084488,0 72.8793122300001,19.0749392766188,0 72.8793415068717,19.0749245185389,0 72.8793708114716,19.0749098102955,0 72.87940014370579,19.0748951519357,0 72.8794295034804,19.0748805435065,0 72.8794588907015,19.0748659850547,0 72.8794883052749,19.0748514766267,0 72.87951774710641,19.0748370182692,0 72.8795472161017,19.0748226100285,0 72.87988706021051,19.0746519639268,0 72.880226903671,19.0744813171277,0 72.88025127827849,19.0745231411932,0 72.88032785332651,19.0744832512275,0 72.88040482490091,19.0744440572512,0 72.8804821860042,19.0744055628272,0 72.88055992960371,19.0743677714551,0 72.88063804863189,19.0743306865705,0 72.88071653598691,19.0742943115446,0 72.8807953845338,19.0742586496843,0 72.8808745871045,19.0742237042316,0 72.8809541364989,19.0741894783633,0 72.88103402548531,19.0741559751907,0 72.8811142468013,19.0741231977598,0 72.88119479315409,19.0740911490501,0 72.88127565722149,19.0740598319753,0 72.8813568316523,19.0740292493824,0 72.88143830906731,19.0739994040515,0 72.8815200820596,19.073970298696,0 72.8816021431953,19.0739419359616,0 72.8816844850148,19.0739143184269,0 72.88176710003251,19.0738874486027,0 72.8818499807383,19.0738613289314,0 72.88193311959761,19.0738359617878,0 72.8820165090528,19.073811349478,0 72.8821001415233,19.0737874942394,0 72.8821840094061,19.0737643982407,0 72.88217085702691,19.0737204402548,0 72.8824044790001,19.0736598637486,0 72.88263810083259,19.0735992869294,0 72.8826644877628,19.0735923357579,0 72.8826908146735,19.0735851818165,0 72.882717079841,19.0735778255734,0 72.8827432815458,19.0735702675101,0 72.8827694180724,19.0735625081216,0 72.8827954877095,19.0735545479159,0 72.88282148875049,19.0735463874142,0 72.8828474194929,19.0735380271505,0 72.8828732782391,19.0735294676725,0 72.88289906329619,19.0735207095404,0 72.8829247729757,19.0735117533275,0 72.8829504055947,19.0735025996204,0 72.8829816758832,19.0734910506125,0 72.88301276885269,19.0734790766362,0 72.8830436781149,19.0734666801516,0 72.88307439731901,19.0734538637058,0 72.8831049201536,19.0734406299319,0 72.8831352403474,19.073426981549,0 72.8831653516709,19.0734129213612,0 72.88319524793729,19.0733984522574,0 72.88322492300431,19.0733835772104,0 72.88325437077479,19.0733682992764,0 72.8832835851984,19.0733526215942,0 72.8833125602729,19.0733365473853,0 72.8833588365396,19.0733093547488,0 72.88340451374479,19.0732812613924,0 72.88344957249841,19.0732522792418,0 72.8834939936725,19.0732224206007,0 72.88353775841,19.073191698144,0 72.8835808481323,19.0731601249138,0 72.88362324454791,19.0731277143136,0 72.88366492965901,19.0730944801018,0 72.8837058857703,19.0730604363868,0 72.8837460954957,19.0730255976205,0 72.8837855417661,19.0729899785923,0 72.8838242078365,19.072953594423,0 72.8838722677479,19.072906489538,0 72.8839202684543,19.0728593301209,0 72.8839682098869,19.072812116239,0 72.8840160919776,19.0727648479595,0 72.8840639146581,19.0727175253499,0 72.8841116778603,19.0726701484778,0 72.8841593815161,19.0726227174105,0 72.8842070255573,19.0725752322158,0 72.8842546099164,19.0725276929615,0 72.8843021345251,19.0724800997153,0 72.8843495993161,19.072432452545,0 72.8843970042215,19.0723847515186,0 72.8849934004884,19.0717854876602,0 72.8855473761456,19.0711797805108,0 72.8859860888164,19.0706399884192,0 72.8865933737941,19.0699130665533,0 72.8866371560017,19.0699446033556,0 72.8872640274885,19.0691127251816,0 72.8878908924974,19.0682808442013,0 72.8878483962492,19.0682518936388,0 72.8878922175991,19.0681851658451,0 72.88794217895151,19.0680975964962,0 72.8879852282551,19.0680067691626,0 72.88802113213551,19.06791317625,0 72.88804969595761,19.0678173251569,0 72.8880707648802,19.0677197355232,0 72.8880842246946,19.0676209364131,0 72.8880900024446,19.0675214634474,0 72.888088066821,19.0674218558983,0 72.888078428331,19.0673226537674,0 72.8880611392416,19.0672243948569,0 72.8880362932952,19.067127611855,0 72.8880040252015,19.0670328294475,0 72.88796939061331,19.0669653882648,0 72.8879335227219,19.0668985324341,0 72.8878964324671,19.066832282344,0 72.88785813116139,19.0667666581981,0 72.88781863048681,19.066701680009,0 72.8877779424907,19.0666373675924,0 72.88773607958299,19.0665737405609,0 72.8876930545313,19.0665108183182,0 72.887648880458,19.0664486200527,0 72.8876035708355,19.0663871647324,0 72.88755713948299,19.0663264710985,0 72.887509600561,19.0662665576597,0 72.887354127379,19.0660539622361,0 72.88721193883499,19.0658526107279,0 72.88720177817871,19.0658381902383,0 72.8871916376812,19.0658237569261,0 72.8871815173605,19.065809310817,0 72.8871714172346,19.0657948519362,0 72.8871613373212,19.0657803803095,0 72.8871512776381,19.0657658959623,0 72.8871412382031,19.0657513989202,0 72.8871312190339,19.0657368892089,0 72.8871212201481,19.0657223668538,0 72.8871112415634,19.0657078318807,0 72.8871012832975,19.0656932843151,0 72.88709134536791,19.0656787241829,0 72.8870713268683,19.0656484754294,0 72.8870521643117,19.0656177295827,0 72.8870338713421,19.0655865085347,0 72.8870164609839,19.0655548345156,0 72.88699994563341,19.0655227300783,0 72.8869843370492,19.0654902180821,0 72.8869696463447,19.0654573216763,0 72.8869558839794,19.0654240642841,0 72.886943059752,19.0653904695856,0 72.88693118279291,19.0653565615011,0 72.8869202615583,19.065322364174,0 72.8869103038238,19.0652879019538,0 72.88690126282491,19.0652548385269,0 72.88689225063909,19.0652217679895,0 72.88688326727269,19.0651886903643,0 72.88687431273181,19.065155605674,0 72.8868653870226,19.0651225139413,0 72.886856490151,19.0650894151887,0 72.8868476221233,19.0650563094394,0 72.8868387829454,19.0650231967157,0 72.8868299726235,19.0649900770404,0 72.88682119116351,19.0649569504365,0 72.8868124385716,19.0649238169264,0 72.8868037148536,19.0648906765331,0 72.8867991336745,19.0648754492448,0 72.8867944775523,19.0648602425219,0 72.8867897465888,19.0648450566978,0 72.88678494088821,19.0648298921055,0 72.88678006055559,19.0648147490775,0 72.88677510569811,19.064799627946,0 72.8867700764245,19.0647845290425,0 72.8867649728449,19.0647694526981,0 72.8867597950714,19.0647543992434,0 72.88675454321751,19.0647393690086,0 72.8867492173985,19.0647243623232,0 72.886743817731,19.0647093795164,0 72.8867383883395,19.0646953442544,0 72.88673283990811,19.0646813511454,0 72.8867271727986,19.0646674011023,0 72.8867213873808,19.064653495035,0 72.88671548403229,19.0646396338505,0 72.88670946313791,19.0646258184531,0 72.88670332509059,19.0646120497441,0 72.88669707029079,19.0645983286215,0 72.8866906991464,19.0645846559804,0 72.88668421207331,19.0645710327128,0 72.8866776094945,19.0645574597073,0 72.88667089184079,19.0645439378491,0 72.8866521347195,19.0645077430329,0 72.88663256854571,19.0644719375526,0 72.8866122022532,19.0644365377561,0 72.8865910451415,19.0644015598062,0 72.8865691068708,19.0643670196728,0 72.8865463974583,19.0643329331264,0 72.88652292727291,19.0642993157298,0 72.88649870703129,19.0642661828322,0 72.886473747792,19.064233549561,0 72.8864480609514,19.064201430816,0 72.88642165823801,19.0641698412614,0 72.8863945517069,19.0641387953206,0 72.8863771792217,19.0641195047992,0 72.8863595436444,19.0641004313352,0 72.88634164797421,19.0640815781726,0 72.886323495255,19.0640629485177,0 72.88630508857401,19.0640445455388,0 72.88628643106171,19.0640263723659,0 72.8862675258914,19.0640084320896,0 72.8862483762785,19.063990727761,0 72.8862289854797,19.0639732623912,0 72.8862093567931,19.0639560389506,0 72.8861894935569,19.0639390603682,0 72.8861693991494,19.0639223295318,0 72.8862029182841,19.0638862679356,0 72.8858007755104,19.0635483205734,0 72.88539863438869,19.0632103724794,0 72.88459435710141,19.0625344740962,0 72.8845605657859,19.0625708282059,0 72.88443548272539,19.0624589340245,0 72.8843992812039,19.0624221634724,0 72.88436530059001,19.0623835241561,0 72.8843336473893,19.0623431371855,0 72.8843044208127,19.0623011291479,0 72.8842777124646,19.0622576317117,0 72.8842536060565,19.0622127812134,0 72.884232177144,19.0621667182303,0 72.88421349289069,19.0621195871401,0 72.8841976118571,19.0620715356679,0 72.8841845838171,19.0620227144238,0 72.8841744496026,19.0619732764302,0 72.8841672409751,19.0619233766426,0 72.8841629151008,19.0618731830438,0 72.884161539997,19.0618228381644,0 72.88416311994141,19.0617724987202,0 72.8841676500133,19.0617223214105,0 72.88417511610859,19.0616724624291,0 72.884185494984,19.0616230769791,0 72.88419875432901,19.0615743187893,0 72.8842148528674,19.0615263396359,0 72.8842337404846,19.0614792888702,0 72.88425535838449,19.061433312953,0 72.884279639272,19.0613885549995,0 72.8843065075632,19.0613451543335,0 72.8843212249862,19.0613232928761,0 72.88433621225801,19.061301597809,0 72.8843514672981,19.0612800721437,0 72.884366987989,19.0612587188681,0 72.8843827721761,19.0612375409461,0 72.8843988176684,19.0612165413175,0 72.88441512223859,19.0611957228972,0 72.88443168362331,19.0611750885751,0 72.8844484995236,19.0611546412152,0 72.8844655676053,19.0611343836558,0 72.8844828854991,19.0611143187089,0 72.884500450801,19.0610944491596,0 72.88456585571871,19.0610173553252,0 72.88457127913991,19.0610109054583,0 72.8845766433688,19.0610044109903,0 72.88458194799971,19.0609978724122,0 72.8845871926313,19.0609912902184,0 72.8845923768672,19.0609846649068,0 72.8845975003152,19.0609779969783,0 72.884602562588,19.0609712869374,0 72.88460756330269,19.0609645352914,0 72.8846125020811,19.0609577425507,0 72.88461737854971,19.0609509092293,0 72.8846221923399,19.0609440358438,0 72.8846269430875,19.060937122914,0 72.8848869886061,19.0606019034994,0 72.8849218391881,19.060554526938,0 72.88495666471781,19.0605071337284,0 72.8849914651866,19.0604597238827,0 72.8850262405859,19.0604122974127,0 72.8850609909067,19.0603648543304,0 72.8850957161403,19.0603173946479,0 72.885130416278,19.060269918377,0 72.8851650913109,19.0602224255299,0 72.88519974123059,19.0601749161185,0 72.885234366028,19.0601273901549,0 72.88526896569461,19.0600798476509,0 72.8853035402215,19.0600322886188,0 72.88544859058661,19.059833499569,0 72.8855936405925,19.0596347103678,0 72.8857560616878,19.0594072792017,0 72.8859184823218,19.0591798478444,0 72.8860411199952,19.0590015039073,0 72.8861637573944,19.05882315986,0 72.8863396099446,19.0585765078772,0 72.8865154619532,19.0583298556703,0 72.88681751666741,19.0579218215094,0 72.8873854485562,19.0571558354825,0 72.8877871507397,19.0566140424249,0 72.88783047989359,19.0566430898178,0 72.88812959890571,19.0562149948743,0 72.8885231953342,19.055647186184,0 72.8886659922639,19.0554334419685,0 72.8888307755811,19.0551832409374,0 72.8888913677981,19.0550899807067,0 72.8890028203793,19.0549178596414,0 72.88896364011531,19.0548938256518,0 72.8889665673014,19.0548893126164,0 72.88896951179851,19.0548848097748,0 72.88897247356709,19.0548803171873,0 72.88897545256791,19.0548758349136,0 72.88897844876099,19.0548713630137,0 72.8889814621067,19.054866901547,0 72.8889844925646,19.0548624505731,0 72.88898754009431,19.0548580101514,0 72.88899060465531,19.0548535803409,0 72.8889936862067,19.0548491612008,0 72.8889967847074,19.0548447527901,0 72.88899990011591,19.0548403551675,0 72.8890337133425,19.0547932755644,0 72.8890616393896,19.0547556360057,0 72.88907257189619,19.054741797278,0 72.8890835044009,19.0547279585493,0 72.8890963505842,19.0547122644955,0 72.8891099640159,19.0546956330975,0 72.88912291980751,19.0546807117833,0 72.88913587559659,19.054665790468,0 72.8891886128765,19.0546104709024,0 72.8892450801194,19.0545585869691,0 72.8893050303531,19.0545103655919,0 72.889368201373,19.0544660176752,0 72.8894343168878,19.0544257371827,0 72.889503087729,19.0543897002881,0 72.8895742131151,19.054358064605,0 72.8896473819669,19.0543309684976,0 72.88972227426849,19.0543085304757,0 72.8897985624664,19.0542908486759,0 72.8898759129023,19.0542780004332,0 72.88995398727219,19.0542700419418,0 72.8899813346693,19.0542696802172,0 72.89000868359869,19.0542694455132,0 72.8900360334078,19.0542693378353,0 72.8900633834441,19.054269357186,0 72.8900907330553,19.054269503565,0 72.8901180815888,19.0542697769687,0 72.8901454283922,19.0542701773907,0 72.8901727728131,19.0542707048213,0 72.8902001141992,19.0542713592479,0 72.8902274518981,19.0542721406552,0 72.8902547852579,19.0542730490241,0 72.8902821136263,19.0542740843334,0 72.8903094355689,19.0542752599623,0 72.8903367512761,19.0542765600376,0 72.8903640601209,19.0542779845293,0 72.8903913614766,19.0542795334047,0 72.8904186547167,19.0542812066285,0 72.8904459392149,19.0542830041622,0 72.89047321434489,19.0542849259643,0 72.89050047948091,19.0542869719911,0 72.8905277339974,19.0542891421954,0 72.89055497726859,19.0542914365275,0 72.8905822086695,19.0542938549347,0 72.8906094275751,19.0542963973615,0 72.8906522700004,19.0542999184493,0 72.89069512384729,19.0543033115574,0 72.89073798869291,19.0543065766525,0 72.89078086411431,19.0543097137021,0 72.89082374968839,19.0543127226755,0 72.890866644992,19.0543156035427,0 72.890909549602,19.0543183562756,0 72.89095246309501,19.0543209808469,0 72.8909953850476,19.0543234772306,0 72.8910383150362,19.0543258454021,0 72.89108125263731,19.0543280853382,0 72.8911241974271,19.0543301970165,0 72.89116715323961,19.0543321982949,0 72.8912101152462,19.0543340755355,0 72.8912530830506,19.0543358287213,0 72.89129605625671,19.0543374578359,0 72.8913390344684,19.0543389628642,0 72.8913820172892,19.0543403437925,0 72.891425004323,19.0543416006079,0 72.8914679951732,19.054342733299,0 72.8915109894435,19.0543437418552,0 72.89155398673751,19.0543446262672,0 72.8915969866587,19.0543453865269,0 72.8916399888105,19.0543460226273,0 72.8916407352403,19.0543970728885,0 72.8919049274209,19.0543913743026,0 72.8921691196236,19.0543856753364,0 72.89243274498681,19.0543667718154,0 72.89269637033,19.0543478679117,0 72.89296773674479,19.0543409541801,0 72.8932391031796,19.0543340400469,0 72.8935105055151,19.0543365945177,0 72.8937819079013,19.0543391485896,0 72.8937819423661,19.05428922717,0 72.8939220365609,19.0542877071024,0 72.8940621307643,19.054286186928,0 72.89423005890281,19.0542815992291,0 72.8943978190129,19.0542731108735,0 72.89456531090249,19.0542607269296,0 72.89473243453971,19.0542444547924,0 72.8948990901126,19.054224304179,0 72.8950651780887,19.0542002871228,0 72.8952305992747,19.0541724179666,0 72.8953952548756,19.0541407133537,0 72.8955590465538,19.054105192218,0 72.8957218764877,19.0540658757729,0 72.89588364743,19.0540227874981,0 72.8960442627665,19.0539759531266,0 72.89686456905361,19.0536995515908,0 72.8976820264804,19.0534163964381,0 72.8986747402502,19.0530739298738,0 72.8988473103424,19.053015720031,0 72.8990198076534,19.0529573155609,0 72.89919223194031,19.0528987165456,0 72.8993645829604,19.0528399230674,0 72.8995368604711,19.0527809352093,0 72.8997090642297,19.0527217530542,0 72.89988119399359,19.0526623766855,0 72.9000532495206,19.0526028061867,0 72.9002252305685,19.0525430416415,0 72.9003971368949,19.0524830831341,0 72.900568968258,19.052422930749,0 72.9007407244157,19.0523625845708,0 72.9007736815425,19.0524477194519,0 72.90278816787141,19.0517425465828,0 72.9027549699949,19.0516577726807,0 72.9028151829925,19.0516363300728,0 72.9028635491742,19.0516188511767,0 72.9028958847201,19.0516070052674,0 72.9029445063844,19.0515889037489,0 72.9029769882127,19.0515765892327,0 72.90302579123321,19.051557703999,0 72.9031398760805,19.051511406575,0 72.9032501592592,19.0514626400889,0 72.90335905339229,19.0514111283434,0 72.9034664829216,19.0513569070811,0 72.9035723733048,19.0513000139243,0 72.90367665106859,19.0512404883495,0 72.9037792438581,19.0511783716596,0 72.90388008048819,19.0511137069555,0 72.90397909099239,19.0510465391061,0 72.9040762066719,19.050976914717,0 72.9041713601422,19.0509048820984,0 72.9042644853813,19.0508304912315,0 72.90435551777431,19.0507537937337,0 72.9063216184225,19.0487775933843,0 72.9063838376412,19.0488378281291,0 72.9079059786681,19.0473978767358,0 72.90783948005171,19.047334167153,0 72.90789457079301,19.0472823014029,0 72.9079774642524,19.0472047861465,0 72.908095355858,19.0470976392062,0 72.9081517699784,19.0470482152959,0 72.90820931429209,19.0469999840491,0 72.90826796092161,19.0469529688309,0 72.9083276814558,19.0469071924173,0 72.908388446963,19.0468626769842,0 72.9084502280059,19.0468194440963,0 72.9085129946549,19.0467775146973,0 72.90857671650301,19.0467369090994,0 72.9086413626807,19.0466976469736,0 72.9087069018708,19.0466597473396,0 72.9087733023235,19.0466232285577,0 72.9088405318717,19.0465881083188,0 72.9094405047364,19.0463050908834,0 72.9096046458191,19.0462289575464,0 72.9097288215974,19.0461730376415,0 72.90988141140259,19.0461129975509,0 72.90993273004359,19.0460946760019,0 72.9099844252942,19.0460773383134,0 72.9100364762988,19.04606099148,0 72.9100888620583,19.0460456420968,0 72.91014156143829,19.0460312963561,0 72.9101945531783,19.0460179600457,0 72.9102478158995,19.0460056385461,0 72.910301328114,19.0459943368281,0 72.9103550682332,19.0459840594513,0 72.9104090145766,19.0459748105621,0 72.91046314538041,19.0459665938919,0 72.91051743880649,19.0459594127555,0 72.91073801201679,19.0459416312489,0 72.91081903327959,19.0459395874246,0 72.9109259849844,19.0459359465663,0 72.91101787423101,19.0459333974259,0 72.9131981484974,19.0458749337404,0 72.9133258165791,19.045872652992,0 72.9134534283393,19.0458683862276,0 72.9135809496147,19.0458621345887,0 72.91370834626621,19.0458538997486,0 72.91383558418841,19.0458436839115,0 72.91396262931821,19.0458314898118,0 72.914089447644,19.0458173207137,0 72.914216005215,19.0458011804098,0 72.91434226815041,19.0457830732207,0 72.9144682026481,19.0457630039935,0 72.9145937749939,19.0457409781005,0 72.91471895157071,19.0457170014379,0 72.9158147624716,19.0455193126205,0 72.915871226768,19.0455089959206,0 72.91592759771039,19.0454982274583,0 72.91598387130181,19.0454870079972,0 72.9160400435521,19.0454753383328,0 72.91609611047831,19.0454632192926,0 72.91615206810511,19.0454506517356,0 72.9162079124646,19.0454376365531,0 72.9162636395972,19.0454241746678,0 72.91631924555161,19.0454102670342,0 72.916374726385,19.0453959146384,0 72.9164300781635,19.045381118498,0 72.91648529696241,19.045365879662,0 72.9165239864263,19.0454707478388,0 72.9185495147366,19.0447949542551,0 72.91852470502199,19.0447277095872,0 72.9185569689618,19.0447188776841,0 72.9187501345519,19.0446660177957,0 72.9189653676538,19.0446071200152,0 72.9191544852504,19.0445561564113,0 72.91939064043881,19.0444982969613,0 72.91942397374361,19.0444903198707,0 72.9194573992724,19.0444826997512,0 72.9194909127984,19.0444754375668,0 72.91952451008321,19.0444685342357,0 72.91955818687789,19.0444619906311,0 72.9195919389237,19.0444558075804,0 72.9196257619522,19.0444499858657,0 72.91965965168591,19.0444445262232,0 72.91969360383909,19.0444394293433,0 72.9197276141181,19.0444346958707,0 72.9197616782217,19.0444303264041,0 72.91979579184221,19.0444263214958,0 72.9198416742034,19.0444211728306,0 72.91988755385999,19.0444160024183,0 72.9199334308007,19.04441081026,0 72.919979305014,19.0444055963571,0 72.92002517648871,19.0444003607108,0 72.92007104521311,19.0443951033226,0 72.9201169111761,19.0443898241936,0 72.92016277436611,19.0443845233252,0 72.9202086347718,19.0443792007187,0 72.9202544923818,19.0443738563754,0 72.92030034718459,19.0443684902968,0 72.92034619916871,19.0443631024839,0 72.9204069819307,19.0443556596873,0 72.920467685596,19.0443476543811,0 72.92052830440809,19.0443390873242,0 72.92058883261861,19.0443299593289,0 72.92064926448749,19.0443202712609,0 72.92070959428411,19.0443100240388,0 72.9207698162875,19.0442992186345,0 72.9208299247866,19.0442878560722,0 72.9208899140814,19.0442759374296,0 72.92094977848321,19.044263463837,0 72.921009512315,19.0442504364769,0 72.9210691099123,19.0442368565848,0 72.92111440852931,19.0442261574843,0 72.921159629613,19.0442151657858,0 72.92120477107321,19.0442038819975,0 72.9212498308237,19.0441923066407,0 72.9212948067818,19.0441804402506,0 72.9213396968691,19.0441682833755,0 72.9213844990107,19.0441558365771,0 72.9214292111361,19.0441431004308,0 72.921473831179,19.0441300755252,0 72.92151835707691,19.0441167624621,0 72.9215627867722,19.044103161857,0 72.9216071182114,19.0440892743381,0 72.92164542834,19.0440773100704,0 72.92168384561801,19.0440656606554,0 72.92172236718361,19.0440543269607,0 72.9217609901682,19.0440433098304,0 72.921799711695,19.0440326100853,0 72.9218385288802,19.0440222285221,0 72.9218774388326,19.0440121659142,0 72.92191643865419,19.0440024230108,0 72.9219555254405,19.0439930005378,0 72.92199469628051,19.0439838991969,0 72.9220339482565,19.043975119666,0 72.9220732784452,19.043966662599,0 72.92219385586949,19.0439455763309,0 72.9223157213151,19.0439328392048,0 72.9224382363612,19.0439285179487,0 72.92256075918441,19.0439326352024,0 72.9226826479201,19.0439451693985,0 72.92280326402501,19.0439660548753,0 72.9229219756219,19.0439951822209,0 72.9230381608099,19.0440323988463,0 72.9231512109215,19.0440775097844,0 72.9232605337123,19.0441302787118,0 72.9233655564618,19.044190429186,0 72.9234657289754,19.0442576460942,0 72.9249054776781,19.0454703929893,0 72.92634818164871,19.0466897304034,0 72.9264387611767,19.0467581113705,0 72.9265319194576,19.0468232841841,0 72.9266275309077,19.0468851609842,0 72.9267254666358,19.0469436583537,0 72.9268255946169,19.0469986974315,0 72.9269277798699,19.0470502040183,0 72.9270318846403,19.0470981086773,0 72.927137768585,19.0471423468268,0 72.9272452889623,19.0471828588282,0 72.92735430082389,19.0472195900662,0 72.92746465721039,19.0472524910222,0 72.9275762093497,19.0472815173411,0 72.92757915496451,19.0472821359588,0 72.9275820976661,19.04728276699,0 72.9275850373966,19.0472834104224,0 72.9275879740981,19.0472840662434,0 72.9275909077129,19.04728473444,0 72.9275938381834,19.0472854149991,0 72.927596765452,19.0472861079073,0 72.92759968946101,19.047286813151,0 72.9276026101532,19.0472875307163,0 72.9276055274708,19.0472882605892,0 72.9276084413567,19.0472890027552,0 72.9276113517537,19.0472897571998,0 72.92761497105229,19.0472906919974,0 72.9276185964526,19.0472916051639,0 72.9276222278115,19.0472924966635,0 72.9276258649859,19.047293366461,0 72.92762950783229,19.0472942145219,0 72.92763315620699,19.047295040813,0 72.9276368099662,19.0472958453017,0 72.92764046896591,19.0472966279562,0 72.92764413306171,19.0472973887456,0 72.92764780210921,19.0472981276399,0 72.9276514759636,19.0472988446101,0 72.92765515448011,19.0472995396279,0 72.9276558868888,19.0472996774998,0 72.9276566185824,19.0472998187642,0 72.9276573495434,19.0472999634174,0 72.9276580797543,19.0473001114563,0 72.92765880919811,19.0473002628771,0 72.9276595378572,19.0473004176764,0 72.92766026571439,19.0473005758503,0 72.92766099275239,19.0473007373953,0 72.927661718954,19.0473009023075,0 72.9276624443018,19.0473010705828,0 72.92766316877869,19.0473012422175,0 72.92766389236751,19.0473014172073,0 72.9276646159563,19.047301592197,0 72.92766534043319,19.0473017638317,0 72.927666065781,19.047301932107,0 72.9276667919826,19.0473020970192,0 72.9276675190206,19.0473022585641,0 72.9276682468779,19.0473024167381,0 72.927668975537,19.0473025715373,0 72.9276697049807,19.0473027229581,0 72.9276704351918,19.0473028709969,0 72.92767116615271,19.0473030156502,0 72.9276718978463,19.0473031569144,0 72.9276726302551,19.0473032947863,0 72.9276740914172,19.0473035693141,0 72.92767555137129,19.0473038495944,0 72.9276770100919,19.0473041356224,0 72.9276784675544,19.0473044273933,0 72.92767992373361,19.0473047249019,0 72.9276813786045,19.0473050281431,0 72.9276828321422,19.0473053371119,0 72.9276842843217,19.0473056518028,0 72.9276857351182,19.0473059722106,0 72.9276871845067,19.0473062983296,0 72.92768863246251,19.0473066301543,0 72.9276900789606,19.0473069676789,0 72.9277941420864,19.0473274701461,0 72.927896981191,19.0473458695113,0 72.927998340561,19.0473628635598,0 72.9280652294635,19.0473737858532,0 72.92949315478791,19.0476062303805,0 72.92947712875591,19.0476952587903,0 72.9315929814945,19.0480396663746,0 72.93161000229701,19.0479512275202,0 72.93169494191319,19.0479664454375,0 72.9318051341141,19.0479867590444,0 72.9319139101023,19.0480130852667,0 72.93202090739401,19.0480453363765,0 72.93212576943211,19.0480834049018,0 72.93222814677419,19.0481271639847,0 72.9323276982568,19.048176467804,0 72.93242409213271,19.048231152061,0 72.93251700717561,19.0482910345271,0 72.93260613375151,19.0483559156509,0 72.9326911748496,19.048425579223,0 72.9327718470725,19.0484997930968,0 72.9328478815808,19.0485783099618,0 72.93307194348419,19.0488616560446,0 72.9331837887937,19.0490131580869,0 72.9332659564495,19.0491210984634,0 72.9333369033309,19.0492092171877,0 72.9333712224975,19.0492497496074,0 72.933406681227,19.0492900610851,0 72.9334096465127,19.0492934202862,0 72.933412624081,19.0492967696483,0 72.9334156138958,19.0493001091308,0 72.9334186159209,19.0493034386933,0 72.9334216301198,19.0493067582952,0 72.9334246564561,19.0493100678964,0 72.933427694893,19.0493133674566,0 72.93343074539359,19.0493166569361,0 72.93343380792111,19.0493199362949,0 72.9334368824382,19.049323205493,0 72.93343996890781,19.0493264644911,0 72.9334430672924,19.0493297132496,0 72.9334733693935,19.0493608347428,0 72.9335042282646,19.0493914575296,0 72.9335356348307,19.0494215726043,0 72.93356757985571,19.0494511711105,0 72.9336000539455,19.0494802443434,0 72.9336330475498,19.0495087837529,0 72.93366655096629,19.0495367809461,0 72.9337005543419,19.0495642276889,0 72.9337350476771,19.0495911159099,0 72.93377002082789,19.0496174377013,0 72.9338054635095,19.0496431853222,0 72.93384136529861,19.0496683512004,0 72.9338773277205,19.0496921279151,0 72.9339137452158,19.0497152698202,0 72.9339506053942,19.0497377690419,0 72.93398789571459,19.0497596179251,0 72.9340256034894,19.0497808090359,0 72.9340637158893,19.0498013351643,0 72.93410221994699,19.0498211893262,0 72.93414110256219,19.0498403647667,0 72.9341803505055,19.0498588549613,0 72.9342199504234,19.049876653619,0 72.9342598888425,19.0498937546837,0 72.9343001521742,19.0499101523371,0 72.93433424385709,19.0499231197967,0 72.9343684712718,19.0499357598097,0 72.9344028309406,19.0499480710918,0 72.9344373193718,19.0499600523919,0 72.93447193306101,19.0499717024924,0 72.934506668491,19.0499830202096,0 72.93454152213189,19.0499940043934,0 72.9345764904423,19.0500046539275,0 72.93461156986881,19.0500149677298,0 72.9346467568469,19.0500249447523,0 72.93468204780101,19.0500345839811,0 72.93471743914481,19.0500438844367,0 72.9347263518486,19.0500461886034,0 72.9347352603199,19.0500485075246,0 72.9347441645314,19.0500508411933,0 72.9347530644563,19.0500531896023,0 72.9347619600676,19.0500555527445,0 72.9347708513384,19.0500579306129,0 72.9347797382416,19.0500603232,0 72.9347886207504,19.0500627304988,0 72.9347974988377,19.0500651525019,0 72.9348063724767,19.050067589202,0 72.93481524164039,19.0500700405916,0 72.934824106302,19.0500725066633,0 72.93623998641,19.0504497614539,0 72.93635411907201,19.0504795210381,0 72.936409335243,19.0504930430751,0 72.9364334328999,19.0504986546802,0 72.9364741270234,19.0505077070234,0 72.9364803585422,19.0505090807738,0 72.9364865957654,19.0505104309125,0 72.93649283859401,19.050511757418,0 72.9364990869291,19.0505130602692,0 72.9365053406714,19.0505143394458,0 72.9365115997219,19.0505155949271,0 72.9365178639811,19.0505168266935,0 72.93652413334981,19.0505180347253,0 72.9365304077286,19.0505192190032,0 72.93653668701781,19.0505203795088,0 72.9365429711178,19.0505215162233,0 72.936549259929,19.0505226291289,0 72.93656374834249,19.0505251161936,0 72.9365782542472,19.0505275092907,0 72.93659277696889,19.050529808309,0 72.936607315833,19.0505320131416,0 72.9366218701639,19.0505341236862,0 72.93663643928561,19.0505361398446,0 72.93665102252091,19.0505380615233,0 72.9366656191925,19.0505398886328,0 72.9366802286219,19.0505416210884,0 72.93669485013049,19.0505432588095,0 72.936709483039,19.05054480172,0 72.9367241266675,19.0505462497481,0 72.9367553952158,19.0505488881787,0 72.9367867201436,19.0505508298981,0 72.93681808428561,19.0505520738418,0 72.9368494704549,19.0505526193284,0 72.93688086145281,19.050552466059,0 72.9369122400776,19.0505516141174,0 72.9369435891348,19.0505500639705,0 72.9369748914456,19.0505478164676,0 72.93700612985749,19.0505448728404,0 72.9370372872522,19.0505412347017,0 72.9370683465564,19.0505369040453,0 72.9370992907504,19.050531883244,0 72.9371294792559,19.0505267014852,0 72.9371595476528,19.0505209226419,0 72.9371894828823,19.0505145492236,0 72.9372192719438,19.0505075839982,0 72.93724890190021,19.0505000299907,0 72.93727835988339,19.0504918904817,0 72.93730763309981,19.0504831690062,0 72.9373367088365,19.0504738693517,0 72.9373655744659,19.0504639955571,0 72.9373942174519,19.0504535519104,0 72.9374226253552,19.0504425429473,0 72.93745078583829,19.0504309734486,0 72.9374562031193,19.0504287426606,0 72.93746160640291,19.0504264813838,0 72.93746699549931,19.0504241896977,0 72.9374723702194,19.0504218676826,0 72.9374777303744,19.0504195154202,0 72.9374830757759,19.0504171329931,0 72.9374884062363,19.0504147204851,0 72.9374937215684,19.0504122779806,0 72.9374990215855,19.0504098055655,0 72.9375043061014,19.0504073033268,0 72.9375095749306,19.0504047713523,0 72.93751482788809,19.0504022097308,0 72.9375258145601,19.0503967822435,0 72.93753677471609,19.0503913064934,0 72.9375477081216,19.050385782598,0 72.9375586145428,19.0503802106751,0 72.9375694937463,19.0503745908442,0 72.9375803454995,19.0503689232254,0 72.9375911695702,19.0503632079398,0 72.9376019657268,19.0503574451098,0 72.93761273373841,19.0503516348588,0 72.9376234733747,19.0503457773108,0 72.93763418440589,19.0503398725913,0 72.9376448666029,19.0503339208266,0 72.93765090549169,19.0503305218777,0 72.9376569291717,19.0503270986123,0 72.9376629375346,19.0503236510921,0 72.9376689304725,19.050320179379,0 72.93767490787739,19.0503166835354,0 72.93768086964199,19.0503131636242,0 72.93768681565931,19.0503096197086,0 72.93769274582211,19.0503060518524,0 72.9376986600241,19.0503024601196,0 72.9377045581587,19.0502988445749,0 72.9377104401201,19.0502952052832,0 72.9377163058025,19.0502915423099,0 72.937789794674,19.0502452029351,0 72.93786499184429,19.050336499606,0 72.9387099869425,19.0497071445634,0 72.9395549758176,19.0490777850079,0 72.9394827701274,19.0489901214893,0 72.9395301504784,19.048955157135,0 72.93979413759639,19.0487637114333,0 72.9400581241246,19.0485722652931,0 72.9400779769633,19.0485580094195,0 72.9400979716748,19.0485439339886,0 72.9401181064453,19.0485300402768,0 72.9401383794487,19.0485163295445,0 72.94015878884601,19.0485028030351,0 72.940179332786,19.0484894619756,0 72.9402000094053,19.048476307576,0 72.9402208168286,19.0484633410296,0 72.94024175316839,19.0484505635125,0 72.9402628165258,19.0484379761834,0 72.9402840049902,19.0484255801842,0 72.94030531663979,19.0484133766393,0 72.9405334426483,19.0482841497247,0 72.940761568322,19.048154922493,0 72.94080046294771,19.0481326609357,0 72.940839142839,19.0481100635889,0 72.9408776047899,19.0480871323254,0 72.94091584561311,19.0480638690457,0 72.940953862139,19.0480402756779,0 72.94099165121691,19.0480163541773,0 72.941029209715,19.0479921065267,0 72.9410665345203,19.0479675347355,0 72.9411036225396,19.0479426408404,0 72.941140470699,19.0479174269045,0 72.94117707594459,19.0478918950175,0 72.9412134352428,19.0478660472955,0 72.9422411108314,19.0471285109451,0 72.94195502033431,19.0467680303777,0 72.941441184288,19.0471367986438,0 72.94092734603331,19.0475055652506,0 72.9409109257865,19.047517293843,0 72.94089444956759,19.0475289512378,0 72.9408779177177,19.0475405371936,0 72.94086133057969,19.0475520514701,0 72.940844688497,19.0475634938289,0 72.9408279918146,19.0475748640328,0 72.94081124087821,19.0475861618463,0 72.94079443603511,19.0475973870353,0 72.9407775776335,19.0476085393672,0 72.9407606660226,19.0476196186109,0 72.94074370155281,19.0476306245368,0 72.94072668457569,19.047641556917,0 72.9407104640313,19.0476518782148,0 72.9406941966855,19.0476621326899,0 72.94067788284249,19.0476723201504,0 72.9406615228077,19.0476824404056,0 72.9406451168872,19.0476924932661,0 72.94062866538791,19.0477024785439,0 72.9406121686179,19.0477123960521,0 72.9405956268858,19.0477222456051,0 72.94057904050111,19.0477320270185,0 72.9405624097744,19.0477417401092,0 72.9405457350167,19.0477513846957,0 72.9405290165401,19.0477609605971,0 72.94049017755189,19.0477830865942,0 72.940451328161,19.0478051960764,0 72.9404124683751,19.0478272890394,0 72.9403735982019,19.0478493654788,0 72.94033471764931,19.0478714253902,0 72.94029582672511,19.0478934687691,0 72.940256925437,19.0479154956112,0 72.9402180137927,19.0479375059119,0 72.9401790918002,19.0479594996671,0 72.94014015946701,19.0479814768722,0 72.9401012168011,19.0480034375228,0 72.94006226381011,19.0480253816146,0 72.9400370392904,19.0480397464596,0 72.9400119665592,19.0480543496312,0 72.9399870481066,19.0480691896793,0 72.93996228640719,19.0480842651301,0 72.93993768392011,19.0480995744865,0 72.9399132430888,19.048115116228,0 72.93988896634031,19.0481308888112,0 72.939864856086,19.0481468906696,0 72.93984091471999,19.0481631202142,0 72.93981714462009,19.048179575833,0 72.93979354814699,19.0481962558919,0 72.9397701276441,19.0482131587343,0 72.939532894989,19.048385202557,0 72.9392421546453,19.0485960498105,0 72.9391901131918,19.0486348112729,0 72.9391449892552,19.0485800268424,0 72.9383000017463,19.0492093846426,0 72.9374550080145,19.0498387379299,0 72.9374961872271,19.0498887338057,0 72.9374825150902,19.0498973551471,0 72.9374706594451,19.0499047519855,0 72.9374588447684,19.0499120431347,0 72.93742946891609,19.0499297980058,0 72.9374236251207,19.0499332436441,0 72.9374177813251,19.0499366892821,0 72.93740612581171,19.0499434576776,0 72.9373887028156,19.0499533553134,0 72.937371336665,19.049962988934,0 72.9373597951529,19.0499692293919,0 72.9373367884217,19.049981284282,0 72.93732532176909,19.0499870918514,0 72.9373138789158,19.0499927483434,0 72.937302459568,19.0499982504506,0 72.93729676158731,19.0500009226846,0 72.93729106360649,19.0500035949183,0 72.93727969108851,19.0500087785462,0 72.9372570048765,19.0500186608451,0 72.9372379959536,19.0500264495483,0 72.9372188211465,19.0500338614488,0 72.9371994887141,19.0500408933541,0 72.9371800069833,19.0500475422353,0 72.93716038434501,19.0500538052288,0 72.9371406292514,19.050059679637,0 72.93712075021119,19.0500651629296,0 72.9371007557865,19.050070252745,0 72.93708065458959,19.0500749468907,0 72.9370604552782,19.0500792433451,0 72.93704016655261,19.0500831402575,0 72.93701979715171,19.0500866359496,0 72.9369859361578,19.0500911781668,0 72.9369519419455,19.0500947077052,0 72.9369178479993,19.0500972210883,0 72.9368836879022,19.0500987158402,0 72.936849495302,19.0500991904889,0 72.9368153038788,19.0500986445668,0 72.93678114731151,19.0500970786117,0 72.9367470592444,19.0500944941661,0 72.93671307325469,19.0500908937759,0 72.9366792228188,19.0500862809874,0 72.9366455412796,19.0500806603444,0 72.93661206181361,19.0500740373832,0 72.9365447543282,19.050059617934,0 72.93650347777,19.0500498377156,0 72.93642598900451,19.0500301867807,0 72.9363533545302,19.0500109572041,0 72.9356527989419,19.0498242985523,0 72.9349522451779,19.0496376373832,0 72.9348718700234,19.0496161343673,0 72.9348008932252,19.0495967152753,0 72.9347236658345,19.0495746580367,0 72.93468573697869,19.0495633182425,0 72.93462609422301,19.0495445700386,0 72.93461139009391,19.0495397494415,0 72.934596771559,19.0495348696976,0 72.93456779753549,19.0495249218108,0 72.93455344528761,19.0495198483502,0 72.93452501876161,19.0495094895988,0 72.9345179833816,19.0495068444969,0 72.9344504308293,19.0494800097849,0 72.9343840111485,19.0494507293568,0 72.93431882221709,19.0494190463618,0 72.934254960099,19.0493850074893,0 72.93419251890261,19.0493486629003,0 72.93413159064249,19.0493100661537,0 72.9340722651031,19.0492692741273,0 72.93401462970741,19.0492263469337,0 72.93395876938691,19.0491813478318,0 72.9339047664574,19.0491343431337,0 72.9338527004975,19.0490854021073,0 72.93380264823099,19.0490345968733,0 72.9337653046976,19.0489910940896,0 72.9337283331874,19.0489473049159,0 72.93369173612901,19.0489032322291,0 72.93365551592621,19.0488588789242,0 72.93361967495819,19.0488142479151,0 72.933584215579,19.0487693421339,0 72.933549140118,19.0487241645308,0 72.933514450879,19.0486787180733,0 72.9334801501406,19.0486330057473,0 72.9334462401558,19.0485870305557,0 72.9334127231519,19.0485407955189,0 72.9333796013304,19.0484943036743,0 72.9333631549496,19.0484727501695,0 72.9333465152956,19.0484513312303,0 72.9333296835859,19.0484300484235,0 72.9333126610519,19.0484089033068,0 72.9332954489395,19.048387897427,0 72.9332780485081,19.0483670323212,0 72.9332604610308,19.048346309516,0 72.9332426877946,19.0483257305277,0 72.93322473009999,19.048305296862,0 72.93320658926091,19.048285010014,0 72.933188266605,19.048264871468,0 72.93316976347271,19.0482448826976,0 72.9331331506054,19.0482070618199,0 72.9330956418694,19.048170043297,0 72.9330572567043,19.0481338463137,0 72.9330180150037,19.048098489629,0 72.93297793710531,19.0480639915667,0 72.9329370437799,19.0480303700051,0 72.9328953562212,19.0479976423685,0 72.93285289603391,19.0479658256179,0 72.9328096852237,19.0479349362424,0 72.9327657461848,19.0479049902501,0 72.9327211016891,19.0478760031605,0 72.9326757748737,19.047847989996,0 72.93262978922979,19.0478209652742,0 72.9325831685894,19.0477949430006,0 72.932535937114,19.0477699366611,0 72.9324881192812,19.0477459592149,0 72.932439739873,19.0477230230883,0 72.932390823962,19.0477011401676,0 72.93234139689871,19.0476803217937,0 72.932291484299,19.0476605787554,0 72.9322411120298,19.0476419212843,0 72.9321903061966,19.0476243590496,0 72.93213909312929,19.0476079011525,0 72.93208749936891,19.0475925561223,0 72.93205472002759,19.0475836913888,0 72.93202185366501,19.0475751229845,0 72.93198890324319,19.0475668516818,0 72.9319558717322,19.0475588782261,0 72.9319227621092,19.0475512033361,0 72.93188957735831,19.0475438277034,0 72.9318563204704,19.0475367519929,0 72.9318229944431,19.0475299768423,0 72.93178960228021,19.0475235028621,0 72.93175614699121,19.047517330636,0 72.9317226315914,19.04751146072,0 72.9316890591017,19.0475058936433,0 72.93170515585101,19.0474164654349,0 72.9295893105193,19.0470720598415,0 72.9295732846189,19.0471610882742,0 72.9281453628646,19.0469286447071,0 72.92794941934091,19.0468958755367,0 72.9279310525699,19.0468927569432,0 72.92791270314871,19.0468895473238,0 72.927894371576,19.0468862467658,0 72.92787605835019,19.0468828553588,0 72.9278577639693,19.0468793731953,0 72.9278394889308,19.0468758003697,0 72.92782123373119,19.0468721369793,0 72.92780299886709,19.0468683831236,0 72.9277847848342,19.0468645389048,0 72.9277665921276,19.0468606044272,0 72.927748421242,19.0468565797979,0 72.9277302726714,19.0468524651264,0 72.9277245690834,19.0468511525639,0 72.9277188676583,19.0468498315311,0 72.92771316841019,19.0468485020313,0 72.9277074713528,19.0468471640678,0 72.9277017765001,19.0468458176437,0 72.927696083866,19.0468444627625,0 72.9276903934644,19.0468430994274,0 72.92768470530911,19.0468417276417,0 72.9276790194141,19.0468403474088,0 72.9276733357931,19.0468389587321,0 72.92766765446019,19.0468375616147,0 72.9276619754291,19.0468361560605,0 72.9276218308906,19.0468258531569,0 72.92758186955869,19.0468149251689,0 72.9275421021957,19.0468033750397,0 72.92750253951201,19.0467912058801,0 72.92746319216261,19.0467784209676,0 72.92742407074461,19.0467650237456,0 72.92738518579441,19.0467510178222,0 72.9273465477844,19.0467364069696,0 72.9273081671208,19.0467211951229,0 72.9272700541402,19.046705386379,0 72.9272322191073,19.0466889849958,0 72.9271946722119,19.0466719953903,0 72.92715160459041,19.0466516387722,0 72.9271089270955,19.0466305522498,0 72.9270666534054,19.0466087425811,0 72.9270247970689,19.0465862167565,0 72.9269833715007,19.0465629819955,0 72.9269423899777,19.0465390457451,0 72.92690186563431,19.0465144156768,0 72.92686181145881,19.0464890996849,0 72.926822240288,19.0464631058832,0 72.9267831648046,19.0464364426027,0 72.92674459753199,19.0464091183893,0 72.9267065508308,19.0463811420004,0 72.9266796784115,19.0463604446469,0 72.9266529177369,19.0463396167829,0 72.92662626950821,19.046318658954,0 72.92659973442299,19.0462975717091,0 72.9265733131766,19.0462763556005,0 72.92654700646069,19.0462550111839,0 72.9265208149646,19.0462335390184,0 72.92649473937411,19.0462119396665,0 72.92646878037211,19.0461902136939,0 72.9264429386386,19.0461683616696,0 72.9264172148504,19.046146384166,0 72.9263916096812,19.0461242817589,0 72.92522364006,19.0451318036746,0 72.92387509973381,19.0439869688957,0 72.923747059872,19.0438938029893,0 72.9236841475002,19.0438513845831,0 72.92361973173659,19.0438110583029,0 72.9235538894809,19.0437728722894,0 72.9234866993358,19.0437368721282,0 72.92341824151281,19.0437031007956,0 72.92334859773661,19.0436715986071,0 72.9232778511474,19.0436424031689,0 72.923206086202,19.043615549334,0 72.9231333885724,19.0435910691596,0 72.92305984504419,19.0435689918693,0 72.9229855434124,19.0435493438183,0 72.92291057237731,19.0435321484618,0 72.9228350214479,19.0435174262917,0 72.922758980805,19.043505194912,0 72.92268254122401,19.0434954689239,0 72.92260579395639,19.0434882599376,0 72.92252883062091,19.0434835765587,0 72.9224517430943,19.0434814243778,0 72.9223746234013,19.0434818059637,0 72.922297563605,19.0434847208605,0 72.9222206556973,19.0434901655883,0 72.9221439914886,19.0434981336468,0 72.92206766249819,19.0435086155239,0 72.9219917598454,19.0435215987061,0 72.921935670124,19.0435344786031,0 72.9218796666564,19.0435476935754,0 72.92182375165589,19.0435612431008,0 72.9217679273325,19.0435751266438,0 72.9217121958925,19.0435893436557,0 72.92165655953831,19.0436038935744,0 72.9216010204689,19.043618775825,0 72.9215455808794,19.0436339898192,0 72.9214902429605,19.0436495349557,0 72.92143500889971,19.0436654106201,0 72.9213798808797,19.0436816161851,0 72.9213248610794,19.04369815101,0 72.9212609759832,19.0437173498219,0 72.9211968576795,19.0437358322315,0 72.9211325150518,19.0437535956781,0 72.9210679570145,19.0437706377006,0 72.9210031925121,19.0437869559381,0 72.92093823051751,19.0438025481297,0 72.9208730800311,19.0438174121154,0 72.9208077500796,19.0438315458357,0 72.9207422497141,19.0438449473325,0 72.9206765880098,19.0438576147491,0 72.9206107740637,19.0438695463306,0 72.92054481699461,19.043880740424,0 72.9204860615605,19.0438886242124,0 72.9204272834945,19.0438963539392,0 72.92036848324329,19.0439039295458,0 72.9203096612538,19.0439113509746,0 72.9202508179731,19.0439186181691,0 72.9201919538485,19.0439257310743,0 72.92013306932741,19.0439326896358,0 72.9200741648573,19.0439394938012,0 72.9200152408859,19.0439461435184,0 72.91995629786111,19.043952638737,0 72.9198973362309,19.0439589794078,0 72.91983835644341,19.0439651654824,0 72.9197863136579,19.0439714183478,0 72.91973433986721,19.0439781702631,0 72.91968244036271,19.0439854205406,0 72.91963062042851,19.0439931684423,0 72.9195788853403,19.0440014131792,0 72.9195272403652,19.0440101539118,0 72.9194756907614,19.0440193897503,0 72.91942424177731,19.0440291197543,0 72.91937289865059,19.0440393429331,0 72.91932166660899,19.0440500582458,0 72.91927055086831,19.0440612646016,0 72.9192195566328,19.0440729608592,0 72.9191692822689,19.0440854792511,0 72.9191190450636,19.0440981318342,0 72.9190688454127,19.0441109185087,0 72.9190186837121,19.0441238391741,0 72.9189685603571,19.0441368937283,0 72.9189184757429,19.0441500820684,0 72.9188684302643,19.0441634040904,0 72.918818424316,19.0441768596893,0 72.91876845829211,19.0441904487591,0 72.9187185325863,19.0442041711926,0 72.9186686475925,19.0442180268815,0 72.91861880370401,19.0442320157168,0 72.9183665404167,19.0443010646656,0 72.91832939979091,19.0441983492791,0 72.9173166408624,19.0445362481666,0 72.9163038783433,19.0448741410906,0 72.91632771422211,19.044938748838,0 72.9162731286288,19.0449528265717,0 72.91622734178171,19.0449643758362,0 72.9161814940237,19.04497570448,0 72.9161355865301,19.0449868122124,0 72.916089620478,19.0449976987489,0 72.9160435970461,19.0450083638102,0 72.9159975174145,19.0450188071229,0 72.9159513827646,19.0450290284192,0 72.9159051942794,19.0450390274371,0 72.9158589531432,19.0450488039202,0 72.9158126605416,19.0450583576179,0 72.91576631766171,19.0450676882852,0 72.9157199256917,19.0450767956828,0 72.9146310417959,19.0452731932019,0 72.9145261321477,19.0452919233973,0 72.91429640862491,19.0453315616611,0 72.91425957539281,19.045336927093,0 72.9141717142122,19.0453501491445,0 72.9141488470658,19.0453534060756,0 72.91412596771571,19.0453565845568,0 72.9141030764592,19.045359684547,0 72.9140801735944,19.0453627060056,0 72.914057259419,19.0453656488936,0 72.9140343342312,19.0453685131725,0 72.9140113983291,19.045371298805,0 72.9139884520112,19.0453740057551,0 72.91396549557589,19.0453766339874,0 72.9139425293218,19.0453791834679,0 72.9139195535477,19.0453816541632,0 72.9138965685525,19.0453840460414,0 72.91385200004081,19.0453882022765,0 72.91380740639261,19.0453921070845,0 72.9137627891765,19.0453957603281,0 72.9137181499619,19.0453991618787,0 72.9136734903188,19.0454023116167,0 72.9136288118181,19.0454052094315,0 72.9135841160315,19.045407855221,0 72.9135394045308,19.0454102488922,0 72.9134946788889,19.0454123903609,0 72.913449940679,19.0454142795519,0 72.9134051914746,19.0454159163987,0 72.9133604328497,19.0454173008437,0 72.91207930172661,19.0454531474668,0 72.91100449142171,19.045481964654,0 72.91092762800599,19.0454845209957,0 72.9108508080768,19.0454880675797,0 72.9107740457405,19.0454926037546,0 72.91069735509279,19.0454981286872,0 72.910620750216,19.0455046413629,0 72.91054424517711,19.0455121405859,0 72.9104678540245,19.0455206249786,0 72.91039159078569,19.0455300929831,0 72.91031546946471,19.0455405428607,0 72.9102395040395,19.0455519726924,0 72.91016370845961,19.0455643803791,0 72.91008809664299,19.0455777636424,0 72.9100243494477,19.0455903700033,0 72.909961005429,19.0456046968171,0 72.90989811592139,19.045620732473,0 72.90983573189131,19.0456384639753,0 72.9097739038956,19.0456578769542,0 72.90971268204019,19.045678955677,0 72.9096521159403,19.045701683061,0 72.9095922546793,19.0457260406875,0 72.9095331467699,19.0457520088168,0 72.9094748401137,19.0457795664037,0 72.90941738196391,19.0458086911152,0 72.90936081888511,19.045839359348,0 72.9093040833925,19.0458707144923,0 72.9092469580618,19.0459014228988,0 72.909189451045,19.0459314801854,0 72.9091315705486,19.0459608820626,0 72.90907332483261,19.0459896243347,0 72.90901472220889,19.0460177028998,0 72.9089557710405,19.0460451137512,0 72.90889647973999,19.046071852977,0 72.9088368567688,19.0460979167615,0 72.9087769106351,19.0461233013853,0 72.9087166498941,19.0461480032257,0 72.908656083145,19.0461720187578,0 72.9086132541706,19.046189346817,0 72.9085709204974,19.0462077426427,0 72.9085291115567,19.0462271934457,0 72.90848785641511,19.0462476857033,0 72.90844718375411,19.0462692051688,0 72.9084071218503,19.0462917368813,0 72.90836769855579,19.0463152651765,0 72.9083289412785,19.0463397736967,0 72.9082908769637,19.0463652454032,0 72.9082535320746,19.0463916625873,0 72.9082169325747,19.0464190068834,0 72.9081811039088,19.0464472592808,0 72.9081452261829,19.0464762510856,0 72.9081092792806,19.0465051653034,0 72.90807326338739,19.0465340017849,0 72.908037178689,19.0465627603812,0 72.908001025372,19.0465914409439,0 72.90796480362261,19.0466200433249,0 72.90792851362809,19.0466485673768,0 72.9078921555755,19.0466770129521,0 72.9078557296526,19.0467053799041,0 72.9078192360473,19.0467336680863,0 72.9077826749481,19.0467618773527,0 72.90774604654359,19.0467900075578,0 72.9075305396602,19.0469895170179,0 72.907504540163,19.0470139999062,0 72.9074371408236,19.0469495732941,0 72.9059153236289,19.0483892153605,0 72.9059865203687,19.0484572728164,0 72.90515855024221,19.0492910289064,0 72.90422543709511,19.0502296625307,0 72.9040130335307,19.0504297983094,0 72.90393135320841,19.0505001157108,0 72.9038475885344,19.0505681797453,0 72.9037618082297,19.0506339345715,0 72.9036740826694,19.0506973262422,0 72.9035844838245,19.050758302749,0 72.90349308520371,19.0508168140653,0 72.9033999617921,19.0508728121863,0 72.90330518998999,19.0509262511697,0 72.9032088475507,19.0509770871726,0 72.9031110135161,19.0510252784877,0 72.903011768152,19.0510707855772,0 72.9029111928823,19.0511135711061,0 72.9029019625979,19.0511173351828,0 72.9028927242146,19.0511210812502,0 72.9028834777712,19.0511248092926,0 72.9028742233065,19.0511285192944,0 72.9028649608597,19.05113221124,0 72.90285569046949,19.0511358851136,0 72.902846412175,19.0511395409001,0 72.9028371260153,19.051143178584,0 72.9028278320292,19.0511467981499,0 72.9028185302561,19.0511503995827,0 72.9028092207349,19.0511539828672,0 72.902799903505,19.0511575479883,0 72.90274704789729,19.05117747004,0 72.9027056411669,19.0511927489137,0 72.9026597731077,19.0512096739804,0 72.90259123564179,19.0512338463835,0 72.90255847416751,19.0511492191836,0 72.90054399456859,19.0518543901788,0 72.9005822625446,19.051953244598,0 72.89848022736049,19.0526633851709,0 72.8975189514976,19.0529945619238,0 72.89670891457961,19.0532702958233,0 72.8958988753113,19.0535460258984,0 72.8957622250969,19.0535904800065,0 72.89562430908541,19.0536312466113,0 72.8954852373024,19.0536682931911,0 72.89534512069589,19.0537015901919,0 72.8952040710472,19.053731111051,0 72.89506220088261,19.0537568322183,0 72.89491962338241,19.0537787331751,0 72.89477645229211,19.0537967964501,0 72.8946328018303,19.0538110076338,0 72.8944887865981,19.05382135539,0 72.8943445214878,19.0538278314642,0 72.894200121591,19.0538304306911,0 72.893781949594,19.0538367348569,0 72.8937824911809,19.0537895713587,0 72.89371755790479,19.0537880433292,0 72.8936526167396,19.0537868567036,0 72.8935876696704,19.053786011518,0 72.89352271868241,19.0537855077983,0 72.8934577657609,19.0537853455599,0 72.89339281289131,19.0537855248076,0 72.8933278620589,19.0537860455361,0 72.8932629152492,19.0537869077291,0 72.89319797444711,19.0537881113605,0 72.8931330416378,19.0537896563934,0 72.893068118806,19.0537915427804,0 72.8930032079362,19.053793770464,0 72.8928891509949,19.0538007294521,0 72.89277506649719,19.0538072672098,0 72.8926609561635,19.0538133836386,0 72.8925468217151,19.0538190786463,0 72.8924326648736,19.0538243521472,0 72.8923184873607,19.0538292040617,0 72.89220429089851,19.0538336343167,0 72.8920900772095,19.0538376428454,0 72.8919758480164,19.0538412295877,0 72.8918616050421,19.0538443944893,0 72.89174735000979,19.0538471375027,0 72.89163308464261,19.0538494585867,0 72.8916333934429,19.0538978809099,0 72.891169538477,19.0538807425927,0 72.89064324608241,19.0538459373295,0 72.8903076299106,19.0538233113295,0 72.89027964227731,19.053821535994,0 72.8902516400465,19.0538199826916,0 72.890223625166,19.0538186515306,0 72.8901955995848,19.0538175426035,0 72.8901675652524,19.0538166559875,0 72.89013952411899,19.0538159917441,0 72.8901114781354,19.0538155499197,0 72.8900834292525,19.053815330545,0 72.8900553794214,19.053815333635,0 72.8900273305935,19.0538155591898,0 72.88999928472011,19.0538160071934,0 72.8899712437521,19.053816677615,0 72.8898850307575,19.0538213007612,0 72.8897992063313,19.0538303461365,0 72.8897140211501,19.0538437873206,0 72.8896297240232,19.0538615850535,0 72.889546561166,19.0538836873511,0 72.8894647754815,19.053910029656,0 72.8893846058503,19.0539405350269,0 72.8893062864331,19.0539751143631,0 72.88923004598691,19.0540136666641,0 72.8891561071969,19.0540560793255,0 72.8890846860257,19.0541022284674,0 72.8890159910831,19.0541519792962,0 72.8889830032594,19.0541778375446,0 72.8889506488357,19.0542044095719,0 72.8889189448887,19.0542316813537,0 72.888887908152,19.0542596384959,0 72.88885755500711,19.0542882662427,0 72.8888279014747,19.0543175494841,0 72.8887989632062,19.0543474727648,0 72.88877075547561,19.0543780202911,0 72.8887432931713,19.0544091759398,0 72.88871659078831,19.0544409232672,0 72.8886906624205,19.0544732455168,0 72.8886655217533,19.054506125629,0 72.8886564600308,19.054518068574,0 72.8886474709508,19.0545300610547,0 72.8886385548128,19.0545421026717,0 72.88862971191389,19.0545541930236,0 72.8886209425486,19.054566331708,0 72.88861224700911,19.0545785183201,0 72.88860362558521,19.0545907524542,0 72.88859507856409,19.0546030337026,0 72.88858660623041,19.0546153616562,0 72.88857820886651,19.0546277359042,0 72.88856988675209,19.0546401560346,0 72.8885616401646,19.0546526216334,0 72.88851718600991,19.0546258956485,0 72.8879523852261,19.0554861624082,0 72.887359983411,19.0563295701887,0 72.8873980500682,19.0563550898292,0 72.88716304281699,19.0566720539393,0 72.8869280346395,19.0569890176535,0 72.8865941118342,19.0574364818648,0 72.8862601871722,19.0578839452781,0 72.8857956293831,19.0585427547552,0 72.88533106776789,19.0592015626632,0 72.88498110317239,19.0596847860852,0 72.8846311364684,19.0601680086232,0 72.8843085525365,19.0605798813242,0 72.8839859669614,19.0609917532893,0 72.8839323050009,19.0610649490022,0 72.88388357063241,19.0611411973621,0 72.8838399552952,19.0612201988581,0 72.883801630322,19.0613016431642,0 72.88376874626449,19.0613852103587,0 72.8837414323029,19.0614705721803,0 72.8837197957379,19.0615573933179,0 72.88370392156919,19.0616453327274,0 72.8836938721618,19.0617340449716,0 72.8836896870001,19.0618231815771,0 72.8836913825335,19.0619123924028,0 72.8836989521111,19.0620013270155,0 72.8837126868218,19.0620899910396,0 72.88373275243551,19.0621775572347,0 72.8837590554207,19.0622636173855,0 72.88379147316771,19.062347770297,0 72.8838298545612,19.0624296236648,0 72.883874020683,19.0625087959035,0 72.8839237656475,19.0625849179266,0 72.88397885756,19.062657634866,0 72.88403903959861,19.0627266077274,0 72.8841040312111,19.06279151497,0 72.8841735294225,19.0628520540059,0 72.88424721024781,19.0629079426107,0 72.88421377626371,19.0629439174936,0 72.8850180536291,19.0636198175518,0 72.8858223376027,19.064295714683,0 72.88585549857039,19.0642586162608,0 72.8859294247891,19.0643293920861,0 72.8860033510706,19.0644001678874,0 72.88609443202731,19.0645057645393,0 72.88617465377909,19.0646190450762,0 72.8862473574857,19.0647499837569,0 72.8863061408457,19.0648870959589,0 72.88640877647499,19.0652498874514,0 72.886471044156,19.0654674413973,0 72.8864764387212,19.0654855426674,0 72.88648211769851,19.0655035651147,0 72.8864880798147,19.0655215046993,0 72.8864943237336,19.0655393573998,0 72.8865008480556,19.0655571192144,0 72.8865076513184,19.0655747861616,0 72.8865147319969,19.0655923542812,0 72.88652208850409,19.0656098196351,0 72.886529719191,19.0656271783084,0 72.88653762234731,19.0656444264098,0 72.8865457962014,19.0656615600731,0 72.88655423892131,19.0656785754577,0 72.886564101554,19.06569791957,0 72.8865740898184,19.0657172053161,0 72.8865842033326,19.0657364319583,0 72.8865944417099,19.0657555987611,0 72.8866048045586,19.0657747049916,0 72.8866152914823,19.0657937499189,0 72.8866259020802,19.0658127328146,0 72.8866366359464,19.0658316529525,0 72.88664749267021,19.0658505096091,0 72.8866584718367,19.065869302063,0 72.8866695730257,19.0658880295956,0 72.88668079581289,19.0659066914905,0 72.8866921830505,19.0659252727447,0 72.8867037682827,19.0659437430148,0 72.8867155503132,19.0659621003937,0 72.8867275279254,19.0659803429855,0 72.8867396998826,19.0659984689065,0 72.88675206492781,19.0660164762849,0 72.8867646217843,19.0660343632613,0 72.8867773691555,19.0660521279885,0 72.886790305725,19.066069768632,0 72.886803430157,19.0660872833704,0 72.8868167410965,19.0661046703947,0 72.8868302371688,19.0661219279098,0 72.88696909993671,19.0663142077816,0 72.8871071735848,19.0665070008585,0 72.8873060289305,19.0667835040028,0 72.88749926957659,19.0670635833626,0 72.887510092725,19.0670798811771,0 72.8875203133659,19.0670965269436,0 72.88752991913979,19.0671135005331,0 72.88753889843061,19.0671307814204,0 72.8875472403801,19.0671483487087,0 72.88755493490039,19.0671661811545,0 72.8875619726867,19.067184257194,0 72.8875683452284,19.0672025549688,0 72.8875740448193,19.0672210523522,0 72.88757906456679,19.0672397269763,0 72.88758339840059,19.0672585562587,0 72.8875870410796,19.0672775174299,0 72.8875902373081,19.0672964177594,0 72.8875932801283,19.0673153409662,0 72.887596169359,19.0673342859248,0 72.88759890482839,19.0673532515082,0 72.8876014863735,19.067372236588,0 72.88760391384101,19.0673912400351,0 72.88760618708621,19.0674102607188,0 72.8876083059738,19.0674292975076,0 72.88761027037801,19.0674483492691,0 72.8876120801815,19.06746741487,0 72.8876137352767,19.067486493176,0 72.88761523556521,19.0675055830522,0 72.8876164111748,19.0675269968071,0 72.88761674935211,19.0675484373055,0 72.88761624963,19.0675698749499,0 72.8876149126981,19.0675912801466,0 72.88761274040149,19.0676126233467,0 72.88760973573871,19.0676338750868,0 72.8876059028574,19.0676550060296,0 72.887601247048,19.0676759870049,0 72.8875957747377,19.0676967890495,0 72.88758949348041,19.0677173834468,0 72.8875824119468,19.067737741767,0 72.88757453991241,19.0677578359066,0 72.88756623567249,19.0677775963855,0 72.8875577242617,19.0677972770114,0 72.8875490065293,19.0678168758207,0 72.8875400833446,19.067836390858,0 72.88753095559819,19.0678558201765,0 72.8875216242004,19.0678751618373,0 72.8875120900825,19.0678944139109,0 72.88750235419531,19.0679135744765,0 72.8874924175103,19.0679326416225,0 72.8874822810189,19.0679516134463,0 72.8874719457322,19.0679704880551,0 72.8874614126813,19.0679892635658,0 72.887423381674,19.0679630260269,0 72.886798076807,19.0687865627868,0 72.8861727655483,19.0696100967597,0 72.88621476343801,19.0696403484943,0 72.8858387740664,19.07009347801,0 72.8852212730376,19.0708280837959,0 72.8851884176996,19.0708671462726,0 72.8851555383654,19.0709061904967,0 72.8851226350459,19.0709452164547,0 72.8850897077527,19.0709842241334,0 72.8850567564968,19.0710232135194,0 72.88502378128931,19.0710621845995,0 72.8849907821418,19.0711011373605,0 72.8849577590652,19.0711400717888,0 72.8849247120709,19.0711789878715,0 72.8848916411702,19.0712178855949,0 72.8848585463743,19.0712567649461,0 72.88482542769449,19.0712956259117,0 72.8848125043306,19.0713103924131,0 72.8847994532187,19.0713250569915,0 72.88478627524781,19.0713396186479,0 72.8847729713157,19.07135407639,0 72.8847595423286,19.0713684292331,0 72.88474598920161,19.0713826761991,0 72.88473231285791,19.0713968163176,0 72.88471851422921,19.071410848625,0 72.8847045942555,19.0714247721656,0 72.88469055388531,19.0714385859907,0 72.8846763940749,19.071452289159,0 72.8846621157891,19.0714658807373,0 72.88427474558689,19.0718550250397,0 72.88374686499709,19.0723757366458,0 72.88344304185161,19.0726775583128,0 72.883413641563,19.0727059691066,0 72.8833834275725,19.0727335973798,0 72.88335242290999,19.0727604220731,0 72.88332065120861,19.0727864227392,0 72.8832881366862,19.0728115795591,0 72.8832549041265,19.0728358733572,0 72.88322097886081,19.0728592856155,0 72.88318638674851,19.072881798488,0 72.8831511541573,19.0729033948142,0 72.8831153079432,19.0729240581325,0 72.8830788754297,19.0729437726922,0 72.8830418843875,19.0729625234659,0 72.8830053390322,19.0729818879943,0 72.882968377922,19.0730005255404,0 72.8829310170521,19.073018428039,0 72.88289327259029,19.0730355877428,0 72.8828551608707,19.0730519972257,0 72.88281669838631,19.0730676493866,0 72.88277790178169,19.0730825374519,0 72.88273878784651,19.0730966549789,0 72.88269937350729,19.0731099958581,0 72.8826596758208,19.0731225543162,0 72.8826197119664,19.0731343249187,0 72.8825794992387,19.0731453025717,0 72.8825510288936,19.0731539230062,0 72.8825224917569,19.0731623414288,0 72.88249388941441,19.0731705573716,0 72.882465223455,19.073178570378,0 72.88243649547179,19.073186380003,0 72.88240770706069,19.0731939858124,0 72.8823788598213,19.0732013873839,0 72.8823499553567,19.0732085843061,0 72.88232099527271,19.0732155761792,0 72.8822919811783,19.0732223626147,0 72.8822629146857,19.0732289432355,0 72.8822337974101,19.073235317676,0 72.882029769868,19.0732891048012,0 72.88201725409491,19.0732461868307,0 72.88197315007061,19.073258189118,0 72.88192910765341,19.0732703942067,0 72.8818851278746,19.0732828018108,0 72.8818412117643,19.0732954116396,0 72.8817973603511,19.073308223398,0 72.8817535746618,19.0733212367857,0 72.88170985572221,19.073334451498,0 72.8816662045561,19.0733478672255,0 72.8816226221859,19.0733614836538,0 72.8815791096323,19.0733753004641,0 72.88153566791441,19.0733893173327,0 72.88149229804959,19.0734035339313,0 72.8814490010537,19.073417949927,0 72.8814057779407,19.0734325649822,0 72.8813626297231,19.0734473787544,0 72.8813195574113,19.0734623908968,0 72.88127656201419,19.0734776010576,0 72.8812336445387,19.0734930088808,0 72.8811908059901,19.0735086140054,0 72.8811480473716,19.0735244160659,0 72.8811053696847,19.0735404146922,0 72.8810627739289,19.0735566095096,0 72.8810202611019,19.0735730001387,0 72.88097783219941,19.0735895861957,0 72.8808932835634,19.0736231870643,0 72.88080906588451,19.0736575310975,0 72.8807251863886,19.0736926153488,0 72.8806416522721,19.073728436808,0 72.880558470702,19.0737649924016,0 72.88047564881521,19.0738022789934,0 72.8803931937172,19.0738402933842,0 72.8803111124827,19.0738790323123,0 72.88022941215399,19.0739184924542,0 72.8801480997406,19.0739586704244,0 72.88006718221931,19.0739995627753,0 72.8799866665323,19.0740411659988,0 72.8800084123662,19.0740803150516,0 72.8793129254786,19.0744295412796,0 72.8786174358772,19.0747787645863,0 72.8783453915834,19.0749223617027,0 72.8780733468501,19.0750659583698,0 72.8776987731722,19.0752937011177,0 72.8772281900447,19.0755970176371,0 72.87699945115639,19.0757453372576,0 72.8767707118767,19.0758936565523,0 72.8766767830821,19.075947221818,0 72.87658285423019,19.0760007870298,0 72.87657604965629,19.0760046371034,0 72.8765692172036,19.0760084422832,0 72.8765623571998,19.0760122023868,0 72.87655546997389,19.0760159172336,0 72.8765485558561,19.0760195866456,0 72.8765416151782,19.076023210447,0 72.8765346482727,19.0760267884637,0 72.87652765547389,19.0760303205243,0 72.8765206371171,19.0760338064594,0 72.8765135935388,19.0760372461018,0 72.87650652507691,19.0760406392866,0 72.8764994320704,19.0760439858512,0 72.8764923072355,19.0760472761467,0 72.8764851480372,19.0760504983094,0 72.87647795519619,19.0760536520148,0 72.87647072943661,19.0760567369456,0 72.87646347148581,19.0760597527912,0 72.87645618207451,19.0760626992479,0 72.8764488619366,19.0760655760191,0 72.87644151180901,19.0760683828153,0 72.8764341324315,19.0760711193537,0 72.8764267245471,19.076073785359,0 72.8764192889016,19.0760763805628,0 72.8764118262436,19.0760789047038,0 72.87639751188669,19.0760836257444,0 72.8763831692589,19.0760882685743,0 72.876368798833,19.0760928330406,0 72.8763544010824,19.0760973189928,0 72.8763399764819,19.076101726283,0 72.8763255255068,19.0761060547659,0 72.8763110486333,19.076110304299,0 72.87629654633869,19.076114474742,0 72.8762820191009,19.0761185659577,0 72.87626746739871,19.0761225778111,0 72.8762528917118,19.0761265101701,0 72.8762382925206,19.076130362905,0 72.8762236113913,19.0761340459584,0 72.87620885645271,19.0761374519624,0 72.87619403348759,19.076140579582,0 72.8761791483057,19.0761434275912,0 72.8761642067411,19.076145994874,0 72.8761492146501,19.0761482804241,0 72.8761341779087,19.0761502833457,0 72.8761191024102,19.0761520028538,0 72.8761039940635,19.0761534382744,0 72.8760888587901,19.0761545890449,0 72.87607370252211,19.0761554547145,0 72.8760585311999,19.0761560349436,0 72.8760416127253,19.0761564643071,0 72.8760246914256,19.0761567772423,0 72.87600776818719,19.0761569737325,0 72.8759908438964,19.0761570537677,0 72.8759739194397,19.0761570173436,0 72.8759569957038,19.076156864462,0 72.875940073575,19.0761565951311,0 72.87592315393989,19.0761562093649,0 72.8759062376844,19.0761557071837,0 72.8758893256949,19.0761550886137,0 72.8758724188571,19.0761543536874,0 72.8758555180567,19.0761535024431,0 72.875810958836,19.0761502634722,0 72.8757665690074,19.076145353164,0 72.87572241789211,19.0761387791872,0 72.87567857443899,19.0761305518078,0 72.8756351071159,19.0761206838745,0 72.8755920838035,19.0761091907975,0 72.87554957168901,19.0760960905252,0 72.87550763716141,19.0760814035156,0 72.8754663457073,19.076065152705,0 72.8754257618093,19.0760473634713,0 72.8753859488447,19.0760280635952,0 72.8753469689871,19.0760072832164,0 72.8746229567119,19.0756744949887,0 72.87354325713341,19.0751768938336,0 72.87303061507809,19.0749406481646,0 72.87300909478429,19.0749306999353,0 72.8729876006952,19.0749207006275,0 72.8729661329447,19.0749106503038,0 72.872944691667,19.0749005490269,0 72.87292327699581,19.0748903968598,0 72.87290188906471,19.0748801938658,0 72.8728805280071,19.0748699401086,0 72.8728591939564,19.0748596356521,0 72.87283788704561,19.0748492805607,0 72.8728166074077,19.074838874899,0 72.8727953551754,19.0748284187319,0 72.8727741304814,19.0748179121247,0 72.87275290579031,19.0748074055153,0 72.8727316535666,19.0747969493416,0 72.87271037394309,19.0747865436689,0 72.87268906705221,19.074776188562,0 72.8726677330271,19.0747658840856,0 72.8726463720008,19.074755630304,0 72.87262498410649,19.0747454272809,0 72.8726035694777,19.0747352750803,0 72.8725821282479,19.0747251737653,0 72.8725606605511,19.074715123399,0 72.8725391665209,19.0747051240441,0 72.8725176462916,19.0746951757629,0 72.8724804334401,19.0746771116041,0 72.8724440410561,19.0746575947923,0 72.8724085318337,19.0746366589501,0 72.8723739669456,19.0746143401443,0 72.87234040593751,19.0745906768245,0 72.87230790662549,19.0745657097563,0 72.87227652499691,19.0745394819514,0 72.872246315113,19.0745120385934,0 72.87221732901691,19.0744834269599,0 72.872189616643,19.0744536963411,0 72.8721632257316,19.0744228979548,0 72.8721382017461,19.0743910848582,0 72.8720859588671,19.0743345326513,0 72.87203644391801,19.0742758037185,0 72.8719897570996,19.0742150169109,0 72.87194599289001,19.0741522952439,0 72.8719052398515,19.0740877656486,0 72.8718675804531,19.0740215587143,0 72.8718330909025,19.0739538084249,0 72.87180184099231,19.0738846518871,0 72.8717738939589,19.0738142290535,0 72.8717493063544,19.073742682439,0 72.8717281279323,19.0736701568325,0 72.87171040154659,19.0735967990039,0 72.87170320860049,19.0735616300152,0 72.8716968103967,19.0735263224767,0 72.8716912098766,19.0734908926218,0 72.8716864096143,19.0734553567402,0 72.87168241181659,19.0734197311702,0 72.87167921832091,19.0733840322912,0 72.87167683059489,19.0733482765166,0 72.8716752497359,19.0733124802856,0 72.8716744764702,19.0732766600564,0 72.8716745111529,19.0732408322978,0 72.8716753537674,19.0732050134823,0 72.8716770039259,19.0731692200783,0 72.87168061881221,19.0731377981047,0 72.87168439114259,19.0731063928663,0 72.8716883208312,19.073075005076,0 72.8716924077888,19.0730436354466,0 72.87169665192231,19.0730122846907,0 72.8717010531355,19.07298095352,0 72.8717056113282,19.0729496426461,0 72.87171032639679,19.0729183527799,0 72.8717151982343,19.0728870846321,0 72.87172022672971,19.0728558389124,0 72.87172541176901,19.0728246163308,0 72.8717307532343,19.072793417596,0 72.8718070043136,19.0724211501265,0 72.8718162819946,19.0723731419094,0 72.87182448459551,19.0723249570802,0 72.87183160841281,19.0722766174005,0 72.87183765023001,19.0722281447015,0 72.87184260731949,19.0721795608751,0 72.8718464774434,19.0721308878627,0 72.87184925885489,19.0720821476464,0 72.87185095029869,19.0720333622383,0 72.871851551012,19.0719845536712,0 72.8718510607242,19.0719357439882,0 72.8718494796581,19.0718869552329,0 72.8718468085283,19.0718382094394,0 72.8718428364877,19.0717894271074,0 72.8718373698751,19.071740775662,0 72.87183041334239,19.0716922964895,0 72.87182197280841,19.0716440308296,0 72.8718120554544,19.0715960197402,0 72.8718006697184,19.0715483040629,0 72.8717878252868,19.0715009243877,0 72.87177353308731,19.071453921019,0 72.871757805279,19.0714073339406,0 72.87174065524241,19.0713612027828,0 72.8717220975673,19.0713155667874,0 72.87170214804161,19.0712704647753,0 72.87167724588809,19.0712183947752,0 72.8716508114729,19.071167012163,0 72.8716228657634,19.0711163576913,0 72.8715934309252,19.0710664715352,0 72.8715625303051,19.0710173932606,0 72.87153018841251,19.0709691617923,0 72.8714964308995,19.0709218153837,0 72.8714612845414,19.070875391586,0 72.8714247772144,19.0708299272189,0 72.8713869378745,19.0707854583407,0 72.8713477965338,19.0707420202205,0 72.8713073842369,19.0706996473097,0 72.871265786496,19.0706583637081,0 72.8712230465412,19.0706181486874,0 72.871179194726,19.0705790308073,0 72.87113426219391,19.0705410378484,0 72.8710882808556,19.0705041967922,0 72.87104128336679,19.0704685338022,0 72.8709933031045,19.0704340742054,0 72.8709443741437,19.0704008424737,0 72.87089453123311,19.0703688622075,0 72.87084380977031,19.0703381561181,0 72.8707922457768,19.0703087460122,0 72.8707398758725,19.0702806527757,0 72.8707671814677,19.0702409696505,0 72.86986693294929,19.0696809579963,0 72.868966690756,19.0691209424991,0 72.8689400691763,19.0691610468007,0 72.86854277983539,19.0689139016843,0 72.86663122630171,19.0677247443502,0 72.8641631226067,19.0661893111578,0 72.86423073316671,19.0660910580123,0 72.86235483723959,19.0649240048275,0 72.86228722619521,19.0650222572347,0 72.86101586922329,19.0642300568997,0 72.8607839712458,19.0640711066175,0 72.8607275399429,19.0640311261197,0 72.86067246248361,19.0639894736626,0 72.8606187936372,19.0639461906666,0 72.8605665867717,19.0639013201733,0 72.86051589380141,19.0638549068029,0 72.8604667651351,19.0638069967101,0 72.86041924962559,19.0637576375375,0 72.8603733945216,19.063706878369,0 72.8603292454206,19.0636547696803,0 72.8602868462233,19.0636013632893,0 72.8602462390903,19.0635467123042,0 72.86020746440011,19.0634908710707,0 72.86020746440011,19.0634908710707,0 72.8601680810245,19.0634355979173,0 72.8601301541904,19.0633794113674,0 72.8600937073153,19.0633223461147,0 72.8600587629023,19.0632644373958,0 72.8600253425271,19.0632057209677,0 72.85999346682431,19.0631462330864,0 72.8599631554745,19.0630860104841,0 72.8599344271922,19.0630250903464,0 72.85990729971461,19.0629635102901,0 72.85988178979019,19.0629013083389,0 72.8598579131688,19.0628385229006,0 72.8598356845914,19.0627751927434,0 72.8598326062985,19.0627659900306,0 72.8598295569075,19.0627567618517,0 72.8598227983653,19.0627359022388,0 72.8598054165541,19.0626796543055,0 72.8597716799493,19.0625596546536,0 72.8597249964642,19.0623737981495,0 72.85958692809081,19.061798910466,0 72.85958692809081,19.061798910466,0 72.8594273098668,19.0612768797373,0 72.8593784145618,19.0611930685566,0 72.8593236897535,19.0611125815135,0 72.85926338432699,19.0610357846452,0 72.8591977725458,19.0609630272062,0 72.85912715280441,19.0608946400796,0 72.859051846271,19.0608309342736,0 72.8589721954268,19.0607721995056,0 72.85888856250899,19.0607187028862,0 72.85880132786259,19.0606706877035,0 72.85871088821151,19.0606283723172,0 72.858617654854,19.0605919491654,0 72.85852205179221,19.0605615838902,0 72.85824630049081,19.0605042693984,0 72.8577061483502,19.0604152495673,0 72.85723232344959,19.0603372464833,0 72.85688106008379,19.0602751133733,0 72.8568203923728,19.0602605387978,0 72.8567600225646,19.0602448857285,0 72.8566999718623,19.0602281596631,0 72.8566402613571,19.0602103664764,0 72.856580912021,19.0601915124179,0 72.8565219446985,19.0601716041097,0 72.85646338010049,19.0601506485441,0 72.856405238796,19.0601286530815,0 72.8563475412054,19.0601056254474,0 72.8562903075934,19.0600815737296,0 72.8562335580616,19.0600565063758,0 72.8561773125415,19.0600304321905,0 72.8561128933552,19.0599985732219,0 72.85604926685539,19.0599653051691,0 72.85598646712531,19.0599306458534,0 72.8559245278057,19.0598946138417,0 72.8558634820758,19.059857228436,0 72.85580336263661,19.0598185096633,0 72.8557442016922,19.0597784782648,0 72.8556860309337,19.059737155685,0 72.8556288815216,19.05969456406,0 72.8555727840692,19.0596507262054,0 72.8555177686259,19.059605665605,0 72.8554638646617,19.0595594063969,0 72.8554373287963,19.0595363661629,0 72.85538421762171,19.0594894441241,0 72.8553593792973,19.0594672009927,0 72.8553327035859,19.059443152378,0 72.85525387452719,19.0593715168002,0 72.8545718118479,19.0587501241209,0 72.853889754278,19.0581287293766,0 72.8539571104711,19.0580618828026,0 72.8531478093005,19.0573245532305,0 72.8523385153229,19.0565872207518,0 72.852271196438,19.0566540456035,0 72.85210524441641,19.0565004167072,0 72.8519131307889,19.0563124802973,0 72.8517406462006,19.056135523092,0 72.8515748638773,19.0559624697365,0 72.85145731162589,19.055841640137,0 72.8514191862034,19.0558032688525,0 72.8513992411128,19.0557834001237,0 72.8513025234537,19.0556892000058,0 72.85120540293261,19.0555980635679,0 72.8510879387099,19.0554918797916,0 72.85074418526941,19.0551906046526,0 72.85064906172821,19.0551073195919,0 72.8505768427882,19.0550435175046,0 72.8505525199229,19.0550218335474,0 72.8505198239161,19.0549924803157,0 72.8505156912688,19.0549887735224,0 72.85051156318519,19.0549850621337,0 72.85050743967101,19.0549813461549,0 72.8505033207321,19.054977625591,0 72.8504992063738,19.0549739004472,0 72.850495096602,19.0549701707285,0 72.85049099142221,19.0549664364401,0 72.85048689084,19.054962697587,0 72.85048279486109,19.0549589541744,0 72.85047870349111,19.0549552062074,0 72.8504746167355,19.0549514536911,0 72.85047053460001,19.0549476966307,0 72.8504467603921,19.054925708184,0 72.85042307253499,19.0549036356353,0 72.85039947135761,19.0548814792912,0 72.8503759571876,19.0548592394593,0 72.8503525303518,19.0548369164488,0 72.8503291911755,19.0548145105695,0 72.8503059399828,19.0547920221328,0 72.8502827770967,19.0547694514511,0 72.8502597028388,19.0547467988379,0 72.8502367175298,19.0547240646078,0 72.85021382148879,19.0547012490767,0 72.8501910150337,19.0546783525615,0 72.85016653918029,19.0546535632514,0 72.8501421950855,19.0546286569072,0 72.85011798336819,19.0546036341621,0 72.8500939046437,19.0545784956524,0 72.85006995952431,19.0545532420169,0 72.8500461486187,19.054527873898,0 72.8500224725321,19.0545023919404,0 72.8499989318663,19.054476796792,0 72.8499755272198,19.0544510891035,0 72.8499522591875,19.0544252695285,0 72.849929128361,19.0543993387235,0 72.849906135328,19.0543732973475,0 72.8498961891013,19.0543619637272,0 72.8498862541751,19.0543506211489,0 72.8498763305581,19.054339269623,0 72.8498664182594,19.0543279091596,0 72.84985651728781,19.0543165397689,0 72.8498466276524,19.054305161461,0 72.8498367493619,19.0542937742463,0 72.84982688242521,19.054282378135,0 72.849817026851,19.0542709731372,0 72.84980718264851,19.0542595592633,0 72.8497973498262,19.0542481365234,0 72.84978752839319,19.0542367049279,0 72.8497562635677,19.054200249268,0 72.84972502961981,19.0541637696894,0 72.8496938265699,19.0541272662159,0 72.84966265443821,19.054090738871,0 72.8496315132448,19.0540541876785,0 72.8496004030098,19.054017612662,0 72.8495693237534,19.0539810138452,0 72.8495382754959,19.0539443912519,0 72.84950725825711,19.0539077449058,0 72.8494762720572,19.0538710748306,0 72.8494453169163,19.0538343810501,0 72.8494143928545,19.0537976635881,0 72.8493916498242,19.0537706581568,0 72.8493688856404,19.0537436688496,0 72.8493461003157,19.0537166956814,0 72.8493232938625,19.0536897386675,0 72.8493004662938,19.0536627978225,0 72.84927761762221,19.0536358731615,0 72.8492547478603,19.0536089646996,0 72.8492318570209,19.0535820724515,0 72.8492089451167,19.0535551964322,0 72.8491860121604,19.0535283366568,0 72.84916305816481,19.05350149314,0 72.8491400831427,19.0534746658967,0 72.8491343571385,19.0534679155135,0 72.84912862781729,19.0534611676759,0 72.8491228951801,19.0534544223856,0 72.8491171592282,19.0534476796439,0 72.8491114199629,19.0534409394524,0 72.8491056773855,19.0534342018123,0 72.84909993149719,19.0534274667255,0 72.8490941822993,19.0534207341931,0 72.8490884297929,19.0534140042167,0 72.8490826739794,19.0534072767979,0 72.84907691486021,19.053400551938,0 72.8490711524363,19.0533938296385,0 72.8490632407871,19.0533846104544,0 72.8490553074879,19.0533754081092,0 72.8490473525779,19.0533662226489,0 72.849039376097,19.0533570541193,0 72.8490313780852,19.0533479025663,0 72.8490233585823,19.0533387680356,0 72.8490153176285,19.0533296505729,0 72.8490072552638,19.0533205502237,0 72.8489991715285,19.0533114670333,0 72.8489910664632,19.0533024010474,0 72.8489829401082,19.0532933523111,0 72.84897479250419,19.0532843208695,0 72.848966610944,19.0532753034719,0 72.84895839328151,19.0532663158076,0 72.8489501396364,19.0532573580075,0 72.8489418501286,19.0532484302016,0 72.8489335248787,19.0532395325199,0 72.8489251640079,19.0532306650919,0 72.84891676763751,19.0532218280463,0 72.8489083358898,19.0532130215117,0 72.8488998688873,19.0532042456163,0 72.84889136675341,19.0531955004875,0 72.8488828296114,19.0531867862526,0 72.84887425758571,19.0531781030383,0 72.8488468834308,19.0531509631665,0 72.848837169965,19.0531415303673,0 72.84882740248111,19.053132148142,0 72.8488175812704,19.0531228167703,0 72.84880770662561,19.0531135365302,0 72.8487977788413,19.0531043076988,0 72.8487877982132,19.0530951305509,0 72.8487777650391,19.0530860053602,0 72.84876767961801,19.0530769323987,0 72.8487575422506,19.0530679119371,0 72.8487473532392,19.053058944244,0 72.84873711288761,19.0530500295871,0 72.8487268215009,19.0530411682318,0 72.8487068877576,19.0530242731667,0 72.8486867675938,19.0530075791143,0 72.84866646325079,19.0529910879341,0 72.84864597699109,19.0529748014637,0 72.848625311097,19.0529587215174,0 72.8486044678709,19.0529428498868,0 72.848583449635,19.0529271883399,0 72.84856225873089,19.0529117386216,0 72.8485408975197,19.0528965024534,0 72.8485193683812,19.0528814815324,0 72.84849767371399,19.0528666775323,0 72.8484758159351,19.0528520921021,0 72.8484538746857,19.0528377832362,0 72.84843176905591,19.0528237050069,0 72.84840950172691,19.0528098591216,0 72.848387075399,19.0527962472596,0 72.8483644927925,19.0527828710717,0 72.84834175664609,19.0527697321803,0 72.8483188697172,19.0527568321785,0 72.84829583478179,19.0527441726312,0 72.84827265463331,19.0527317550736,0 72.8482493320833,19.0527195810116,0 72.8482258699601,19.0527076519218,0 72.8482022711096,19.0526959692509,0 72.8481735863967,19.052682217521,0 72.8481447067625,19.0526688397785,0 72.84811563759931,19.0526558385211,0 72.84808638433449,19.0526432161761,0 72.84805695243,19.0526309751003,0 72.84802734738101,19.052619117579,0 72.8479975747148,19.0526076458261,0 72.8479676399906,19.0525965619837,0 72.84793754879721,19.0525858681209,0 72.8479073067529,19.0525755662345,0 72.8478769195043,19.0525656582478,0 72.84784639272471,19.0525561460107,0 72.847815732114,19.0525470312992,0 72.84778494339651,19.052538315815,0 72.84775403232091,19.0525300011855,0 72.84772300465831,19.0525220889629,0 72.847691866202,19.0525145806244,0 72.8476606227658,19.052507477572,0 72.8476292801829,19.0525007811318,0 72.8475978443053,19.0524944925541,0 72.8475663210023,19.0524886130129,0 72.8475347161595,19.052483143606,0 72.8475030356778,19.0524780853544,0 72.8474712854722,19.0524734392028,0 72.8474591081559,19.0524717837386,0 72.8474469231943,19.0524701799519,0 72.84743473082951,19.0524686278745,0 72.8474225313044,19.0524671275374,0 72.8474103248619,19.0524656789702,0 72.8473981117447,19.052464282202,0 72.847385892196,19.0524629372605,0 72.84737366645911,19.0524616441725,0 72.8473614347773,19.0524604029637,0 72.847349197394,19.0524592136587,0 72.8473369545528,19.0524580762814,0 72.8473247064973,19.0524569908543,0 72.84730628555771,19.0524554683956,0 72.8472878588203,19.0524540107617,0 72.84726942653759,19.0524526179728,0 72.8472509889619,19.0524512900476,0 72.8472325463456,19.0524500270046,0 72.84721409894119,19.0524488288608,0 72.8471956470011,19.0524476956328,0 72.8471771907781,19.0524466273362,0 72.8471587305249,19.0524456239853,0 72.84714026649419,19.0524446855941,0 72.8471217989386,19.0524438121754,0 72.8471033281112,19.052443003741,0 72.8471010359951,19.0524428985427,0 72.8470941648778,19.0524425848483,0 72.8470781803051,19.0524418688031,0 72.84703737158399,19.0524400982212,0 72.8469724175156,19.0524373139985,0 72.84691045055079,19.0524345173928,0 72.846853568039,19.0524316714101,0 72.8467994808537,19.0524285805152,0 72.8467651822364,19.0524263664678,0 72.846686698032,19.0524203486638,0 72.8466200461399,19.0524139387412,0 72.8464891619212,19.0523970358407,0 72.8463673894407,19.0523759298657,0 72.8463639585582,19.0523753270584,0 72.84636053078189,19.0523747084791,0 72.8463571061918,19.0523740741424,0 72.84635368486811,19.052373424063,0 72.84635026689089,19.0523727582562,0 72.84634685234011,19.0523720767377,0 72.8463434412956,19.0523713795232,0 72.84634003383719,19.0523706666292,0 72.8463366300446,19.0523699380722,0 72.8463332299974,19.0523691938695,0 72.8463298337751,19.0523684340383,0 72.84632644145729,19.0523676585963,0 72.8463237184087,19.0523670334147,0 72.8463209935,19.0523664156054,0 72.8463182667533,19.0523658051735,0 72.8463155381906,19.0523652021237,0 72.8463128078338,19.0523646064612,0 72.8463100757053,19.0523640181908,0 72.8463073418272,19.052363437317,0 72.8463046062214,19.0523628638448,0 72.8463018689104,19.0523622977787,0 72.84629912991611,19.0523617391232,0 72.8462963892609,19.052361187883,0 72.8462936469669,19.0523606440625,0 72.8462914048995,19.0523601978271,0 72.8462891648693,19.0523597424343,0 72.8462869269176,19.0523592778926,0 72.8462846910858,19.0523588042107,0 72.8462824574153,19.0523583213971,0 72.8462802259471,19.0523578294609,0 72.84627799672261,19.0523573284111,0 72.84627576978281,19.052356818257,0 72.8462735451691,19.052356299008,0 72.84627132292221,19.0523557706737,0 72.8462691030834,19.0523552332639,0 72.8462668856936,19.0523546867883,0 72.8462643215868,19.0523540532293,0 72.8462617554659,19.0523534270867,0 72.846259187355,19.0523528083663,0 72.8462566172775,19.0523521970737,0 72.8462540452574,19.0523515932146,0 72.8462514713183,19.0523509967948,0 72.84624889548429,19.0523504078195,0 72.84624631777881,19.0523498262943,0 72.84624373822589,19.0523492522246,0 72.8462411568494,19.0523486856156,0 72.84623857367311,19.0523481264727,0 72.84623598872091,19.0523475748009,0 72.8462344234232,19.0523472399626,0 72.84623285955919,19.0523468991206,0 72.84623129715421,19.0523465522805,0 72.84622973623389,19.052346199448,0 72.8462281768235,19.0523458406287,0 72.84622661894861,19.0523454758287,0 72.8462250626344,19.0523451050536,0 72.8462235079063,19.0523447283097,0 72.8462219547895,19.052344345603,0 72.8462204033095,19.0523439569399,0 72.84621885349161,19.0523435623265,0 72.8462173053608,19.0523431617693,0 72.84621627008239,19.0523428936063,0 72.846215233832,19.0523426288603,0 72.8462141966219,19.0523423675346,0 72.84621315846471,19.0523421096322,0 72.84621211937269,19.0523418551562,0 72.8462110793585,19.0523416041098,0 72.84621003843471,19.0523413564959,0 72.8462089966138,19.0523411123175,0 72.84620795390831,19.0523408715776,0 72.84620691033069,19.0523406342791,0 72.84620586589359,19.0523404004248,0 72.8462048206097,19.0523401700175,0 72.84619884722839,19.0523388494005,0 72.8461928805575,19.0523375016323,0 72.8461869207337,19.0523361267436,0 72.8461809678933,19.0523347247659,0 72.8461750221722,19.0523332957313,0 72.8461690837068,19.0523318396725,0 72.8461631526325,19.0523303566227,0 72.84615722908541,19.0523288466159,0 72.84615131320071,19.0523273096866,0 72.8461454051139,19.05232574587,0 72.84613950496011,19.0523241552019,0 72.8461336128741,19.0523225377186,0 72.8461288747808,19.0523212332239,0 72.84612413228859,19.0523199432646,0 72.8461193854466,19.0523186678544,0 72.8461146343042,19.0523174070063,0 72.8461098789108,19.0523161607336,0 72.84610511931611,19.0523149290493,0 72.84610035556911,19.0523137119661,0 72.8460955877198,19.0523125094967,0 72.8460908158176,19.0523113216535,0 72.84608603991229,19.052310148449,0 72.8460812600531,19.0523089898953,0 72.84607647629009,19.0523078460044,0 72.8460710979279,19.0523065574835,0 72.8460657252018,19.0523052478737,0 72.8460603582034,19.0523039171972,0 72.8460549970239,19.0523025654767,0 72.8460496417548,19.0523011927352,0 72.84604429248699,19.0522997989962,0 72.84603894931171,19.0522983842832,0 72.8460336123199,19.0522969486205,0 72.8460282816021,19.0522954920324,0 72.8460229572495,19.0522940145437,0 72.8460176393523,19.0522925161797,0 72.84601232800139,19.0522909969657,0 72.8460110792447,19.0522906395683,0 72.8460098290705,19.0522902866806,0 72.8460085774967,19.0522899383079,0 72.8460073245413,19.052289594455,0 72.8460060702224,19.052289255127,0 72.8460048145581,19.0522889203288,0 72.84600355756641,19.0522885900651,0 72.84600229926551,19.0522882643408,0 72.8460010396736,19.0522879431605,0 72.8459997788086,19.0522876265288,0 72.8459985166888,19.0522873144504,0 72.8459972533324,19.0522870069297,0 72.8459965298084,19.0522868307947,0 72.8459958070018,19.0522866520161,0 72.8459950849234,19.0522864705965,0 72.8459943635837,19.0522862865384,0 72.84599364299341,19.0522860998447,0 72.84599292316339,19.0522859105182,0 72.84599220410399,19.0522857185616,0 72.84599148582601,19.0522855239777,0 72.84599076834,19.0522853267694,0 72.8459900516565,19.0522851269397,0 72.8459893357863,19.0522849244915,0 72.8459886207398,19.0522847194279,0 72.8459852089958,19.0522837409406,0 72.84598179335261,19.0522827748329,0 72.8459783738596,19.0522818211188,0 72.8459749505667,19.0522808798121,0 72.8459715235235,19.0522799509266,0 72.8459680927801,19.0522790344757,0 72.84596465838619,19.0522781304727,0 72.8459612203919,19.0522772389309,0 72.84595777884699,19.0522763598631,0 72.8459543338017,19.0522754932822,0 72.8459508853062,19.0522746392009,0 72.8459474334104,19.0522737976314,0 72.84594524155619,19.0522732633289,0 72.8459430518249,19.0522727212127,0 72.8459408642473,19.0522721712905,0 72.8459386788543,19.05227161357,0 72.8459364956763,19.052271048059,0 72.8459343147444,19.0522704747654,0 72.845932136089,19.0522698936974,0 72.8459299597408,19.0522693048631,0 72.8459277857306,19.0522687082709,0 72.8459256140888,19.052268103929,0 72.84592344484589,19.0522674918461,0 72.84592127803271,19.0522668720306,0 72.84591417464711,19.0522648416786,0 72.84590706240709,19.0522628395525,0 72.8458999414366,19.0522608656872,0 72.8458928118596,19.0522589201172,0 72.84588567380069,19.0522570028763,0 72.8458785273843,19.0522551139979,0 72.845871372735,19.0522532535152,0 72.84586420997761,19.0522514214605,0 72.845857039237,19.0522496178657,0 72.8458498606383,19.0522478427622,0 72.8458426743066,19.0522460961811,0 72.8458354803674,19.0522443781529,0 72.8458168027733,19.0522399460551,0 72.8457981306245,19.0522354932621,0 72.8457794639461,19.05223101978,0 72.84576080276349,19.0522265256147,0 72.8457421471023,19.0522220107724,0 72.8457234969875,19.0522174752594,0 72.8457048524447,19.0522129190816,0 72.84568621349899,19.0522083422453,0 72.8456675801759,19.0522037447567,0 72.8456489525006,19.0521991266221,0 72.8456303304984,19.0521944878478,0 72.8456117141947,19.05218982844,0 72.845572314322,19.0521812027707,0 72.8455419827618,19.0521748181514,0 72.8454123551642,19.0521502070943,0 72.84523716091159,19.0521237287739,0 72.8450850878413,19.052106304765,0 72.84492237370201,19.0520912267395,0 72.844843511159,19.0520845266456,0 72.8445865609736,19.0520628586597,0 72.8444370200536,19.0520497081836,0 72.8444256908393,19.0520486922852,0 72.84441436555549,19.0520476375045,0 72.8444030443498,19.0520465438551,0 72.8443917273696,19.0520454113513,0 72.8443804147625,19.0520442400078,0 72.8443691066758,19.05204302984,0 72.844357803257,19.0520417808635,0 72.8443465046533,19.0520404930947,0 72.844335211012,19.0520391665503,0 72.8443239224802,19.0520378012477,0 72.844312639205,19.0520363972045,0 72.84430136133351,19.0520349544393,0 72.8442916616702,19.0520336832647,0 72.8442819658458,19.0520323858792,0 72.8442722739387,19.0520310622934,0 72.844262586027,19.0520297125177,0 72.8442529021891,19.0520283365631,0 72.8442432225031,19.0520269344407,0 72.84423354704749,19.052025506162,0 72.8442238759001,19.0520240517383,0 72.8442142091393,19.0520225711816,0 72.8442045468431,19.0520210645037,0 72.84419488908949,19.0520195317168,0 72.8441852359567,19.0520179728332,0 72.8441746072149,19.0520161395476,0 72.8441639881639,19.0520142561669,0 72.84415337906491,19.0520123227375,0 72.8441427801787,19.0520103393067,0 72.84413219176579,19.0520083059235,0 72.8441216140868,19.0520062226379,0 72.8441110474017,19.0520040895009,0 72.8441004919702,19.0520019065653,0 72.844089948052,19.0519996738845,0 72.84407941590629,19.0519973915134,0 72.84406889579211,19.0519950595083,0 72.8440583879681,19.0519926779265,0 72.8440291472364,19.0519855976998,0 72.843999994405,19.0519781969703,0 72.8439709333588,19.0519704767243,0 72.8439419679703,19.0519624379907,0 72.84391310209971,19.0519540818408,0 72.8438843395935,19.0519454093881,0 72.84385568428461,19.0519364217883,0 72.8438271399917,19.0519271202391,0 72.8437987105185,19.0519175059802,0 72.84377039965349,19.0519075802925,0 72.8437422111694,19.051897344499,0 72.8437141488227,19.0518867999636,0 72.8436659253958,19.0518684307445,0 72.8436177104942,19.0518500413173,0 72.8435695041269,19.0518316316858,0 72.8435213063036,19.0518132018534,0 72.8434731170334,19.051794751824,0 72.8434249363258,19.0517762816008,0 72.8433767641902,19.0517577911875,0 72.8433286006358,19.0517392805879,0 72.84328044567209,19.0517207498054,0 72.8432322993084,19.0517021988436,0 72.84318416155411,19.0516836277063,0 72.8431360324185,19.0516650363969,0 
					</coordinates>
				</LinearRing>
			</outerBoundaryIs>
		</Polygon>
	</Placemark>
	<Placemark>
		<name>ESIC NAGAR (M) STATION</name>
		<LookAt>
			<longitude>72.83607820695438</longitude>
			<latitude>19.11546121921845</latitude>
			<altitude>0</altitude>
			<heading>-0.01627147165515614</heading>
			<tilt>0</tilt>
			<range>1498.217019684158</range>
			<gx:altitudeMode>relativeToSeaFloor</gx:altitudeMode>
		</LookAt>
		<styleUrl>#msn_ylw-pushpin1</styleUrl>
		<Point>
			<gx:drawOrder>1</gx:drawOrder>
			<coordinates>72.83179268005679,19.11603193795796,0</coordinates>
		</Point>
	</Placemark>
	<Placemark>
		<name>PREM NAGAR (M) STATION</name>
		<LookAt>
			<longitude>72.83779755681181</longitude>
			<latitude>19.11086039691956</latitude>
			<altitude>0</altitude>
			<heading>-0.01570866395810494</heading>
			<tilt>0</tilt>
			<range>1141.380503707595</range>
			<gx:altitudeMode>relativeToSeaFloor</gx:altitudeMode>
		</LookAt>
		<styleUrl>#msn_ylw-pushpin1</styleUrl>
		<Point>
			<gx:drawOrder>1</gx:drawOrder>
			<coordinates>72.83705050966698,19.10922914177483,0</coordinates>
		</Point>
	</Placemark>
	<Placemark>
		<name>INDIRA NAGAR (M) STATION</name>
		<LookAt>
			<longitude>72.83682397230869</longitude>
			<latitude>19.10486336404641</latitude>
			<altitude>0</altitude>
			<heading>0.0001847559090532402</heading>
			<tilt>0</tilt>
			<range>1725.184054652721</range>
			<gx:altitudeMode>relativeToSeaFloor</gx:altitudeMode>
		</LookAt>
		<styleUrl>#msn_ylw-pushpin1</styleUrl>
		<Point>
			<gx:drawOrder>1</gx:drawOrder>
			<coordinates>72.83693237011593,19.10443150231329,0</coordinates>
		</Point>
	</Placemark>
	<Placemark>
		<name>NANAWATI HOSPITAL (M) STATION</name>
		<LookAt>
			<longitude>72.83975657189863</longitude>
			<latitude>19.09661616943929</latitude>
			<altitude>0</altitude>
			<heading>0.00114443465961731</heading>
			<tilt>0</tilt>
			<range>2212.001965716621</range>
			<gx:altitudeMode>relativeToSeaFloor</gx:altitudeMode>
		</LookAt>
		<styleUrl>#msn_ylw-pushpin1</styleUrl>
		<Point>
			<gx:drawOrder>1</gx:drawOrder>
			<coordinates>72.83962177208888,19.09562026390933,0</coordinates>
		</Point>
	</Placemark>
	<Placemark>
		<name>KHIRA NAGAR(M) STATION</name>
		<LookAt>
			<longitude>72.84456811149671</longitude>
			<latitude>19.08373970291882</latitude>
			<altitude>0</altitude>
			<heading>0.002717663095541025</heading>
			<tilt>0</tilt>
			<range>3164.568658650879</range>
			<gx:altitudeMode>relativeToSeaFloor</gx:altitudeMode>
		</LookAt>
		<styleUrl>#msn_ylw-pushpin1</styleUrl>
		<Point>
			<gx:drawOrder>1</gx:drawOrder>
			<coordinates>72.83800621895846,19.08174543562644,0</coordinates>
		</Point>
	</Placemark>
	<Placemark>
		<name>SARASWAT NAGAR(M) STATION</name>
		<LookAt>
			<longitude>72.84150162922421</longitude>
			<latitude>19.07461884274682</latitude>
			<altitude>0</altitude>
			<heading>0.001714779120512153</heading>
			<tilt>0</tilt>
			<range>2133.355241839429</range>
			<gx:altitudeMode>relativeToSeaFloor</gx:altitudeMode>
		</LookAt>
		<styleUrl>#msn_ylw-pushpin1</styleUrl>
		<Point>
			<gx:drawOrder>1</gx:drawOrder>
			<coordinates>72.83753240276678,19.07286994543635,0</coordinates>
		</Point>
	</Placemark>
	<Placemark>
		<name>NATIONAL COLLEGE (M) STATION</name>
		<LookAt>
			<longitude>72.84100216223057</longitude>
			<latitude>19.06786170797313</latitude>
			<altitude>0</altitude>
			<heading>0.001551196330948383</heading>
			<tilt>0</tilt>
			<range>2132.613617348428</range>
			<gx:altitudeMode>relativeToSeaFloor</gx:altitudeMode>
		</LookAt>
		<styleUrl>#msn_ylw-pushpin1</styleUrl>
		<Point>
			<gx:drawOrder>1</gx:drawOrder>
			<coordinates>72.8373503213211,19.06347398635916,0</coordinates>
		</Point>
	</Placemark>
	<Placemark>
		<name>BANDRA(M) STATION</name>
		<LookAt>
			<longitude>72.84094684826815</longitude>
			<latitude>19.05358666087602</latitude>
			<altitude>0</altitude>
			<heading>0.00153264303418093</heading>
			<tilt>0</tilt>
			<range>1476.850750017464</range>
			<gx:altitudeMode>relativeToSeaFloor</gx:altitudeMode>
		</LookAt>
		<styleUrl>#msn_ylw-pushpin1</styleUrl>
		<Point>
			<gx:drawOrder>1</gx:drawOrder>
			<coordinates>72.83793326747286,19.05368052414694,0</coordinates>
		</Point>
	</Placemark>
	<Placemark>
		<name>ITO (M) STATION</name>
		<LookAt>
			<longitude>72.85226501091911</longitude>
			<latitude>19.05803747981748</latitude>
			<altitude>0</altitude>
			<heading>6.425017928340306</heading>
			<tilt>0</tilt>
			<range>805.8228555086465</range>
			<gx:altitudeMode>relativeToSeaFloor</gx:altitudeMode>
		</LookAt>
		<styleUrl>#msn_ylw-pushpin0</styleUrl>
		<Point>
			<gx:drawOrder>1</gx:drawOrder>
			<coordinates>72.85276876135102,19.0575119995326,0</coordinates>
		</Point>
	</Placemark>
	<Placemark>
		<name>ILFS (M) STATION</name>
		<LookAt>
			<longitude>72.86336603792655</longitude>
			<latitude>19.06444907202893</latitude>
			<altitude>0</altitude>
			<heading>6.428642995237881</heading>
			<tilt>0</tilt>
			<range>882.1597661357492</range>
			<gx:altitudeMode>relativeToSeaFloor</gx:altitudeMode>
		</LookAt>
		<styleUrl>#msn_ylw-pushpin0</styleUrl>
		<Point>
			<gx:drawOrder>1</gx:drawOrder>
			<coordinates>72.8629996938022,19.06564277400559,0</coordinates>
		</Point>
	</Placemark>
	<Placemark>
		<name>MTNL (M) STATION</name>
		<LookAt>
			<longitude>72.8703454523029</longitude>
			<latitude>19.06907547945833</latitude>
			<altitude>0</altitude>
			<heading>6.430923002891767</heading>
			<tilt>0</tilt>
			<range>1535.441714164139</range>
			<gx:altitudeMode>relativeToSeaFloor</gx:altitudeMode>
		</LookAt>
		<styleUrl>#msn_ylw-pushpin0</styleUrl>
		<Point>
			<gx:drawOrder>1</gx:drawOrder>
			<coordinates>72.86903011606002,19.06950628849781,0</coordinates>
		</Point>
	</Placemark>
	<Placemark>
		<name>S.G BARVE MARG (M) STATION</name>
		<LookAt>
			<longitude>72.88041511219717</longitude>
			<latitude>19.07390096992362</latitude>
			<altitude>0</altitude>
			<heading>6.434213401422374</heading>
			<tilt>0</tilt>
			<range>648.156993292238</range>
			<gx:altitudeMode>relativeToSeaFloor</gx:altitudeMode>
		</LookAt>
		<styleUrl>#msn_ylw-pushpin0</styleUrl>
		<Point>
			<gx:drawOrder>1</gx:drawOrder>
			<coordinates>72.88071534863803,19.07396766189224,0</coordinates>
		</Point>
	</Placemark>
	<Placemark>
		<name>KURLA TERMINAL (M) STATION</name>
		<LookAt>
			<longitude>72.88746647109174</longitude>
			<latitude>19.06973749667857</latitude>
			<altitude>0</altitude>
			<heading>6.436517398416553</heading>
			<tilt>0</tilt>
			<range>1146.492516618304</range>
			<gx:altitudeMode>relativeToSeaFloor</gx:altitudeMode>
		</LookAt>
		<styleUrl>#msn_ylw-pushpin0</styleUrl>
		<Point>
			<gx:drawOrder>1</gx:drawOrder>
			<coordinates>72.88657804274141,19.06939214460063,0</coordinates>
		</Point>
	</Placemark>
	<Placemark>
		<name>KURLA EAST (M) STATION</name>
		<LookAt>
			<longitude>72.88822433318138</longitude>
			<latitude>19.06465837758413</latitude>
			<altitude>0</altitude>
			<heading>6.436764840856474</heading>
			<tilt>0</tilt>
			<range>1467.44233122672</range>
			<gx:altitudeMode>relativeToSeaFloor</gx:altitudeMode>
		</LookAt>
		<styleUrl>#msn_ylw-pushpin0</styleUrl>
		<Point>
			<gx:drawOrder>1</gx:drawOrder>
			<coordinates>72.88506076350481,19.06318731372867,0</coordinates>
		</Point>
	</Placemark>
	<Placemark>
		<name>EEH (M) STATION</name>
		<LookAt>
			<longitude>72.89091595640331</longitude>
			<latitude>19.05569565389371</latitude>
			<altitude>0</altitude>
			<heading>6.437643462722126</heading>
			<tilt>0</tilt>
			<range>1458.684455948086</range>
			<gx:altitudeMode>relativeToSeaFloor</gx:altitudeMode>
		</LookAt>
		<styleUrl>#msn_ylw-pushpin0</styleUrl>
		<Point>
			<gx:drawOrder>1</gx:drawOrder>
			<coordinates>72.88811080962417,19.05563474562127,0</coordinates>
		</Point>
	</Placemark>
	<Placemark>
		<name>CHEMBUR (M) STATION</name>
		<LookAt>
			<longitude>72.89220283197649</longitude>
			<latitude>19.05489328259197</latitude>
			<altitude>0</altitude>
			<heading>6.438063579961177</heading>
			<tilt>0</tilt>
			<range>1461.824006695986</range>
			<gx:altitudeMode>relativeToSeaFloor</gx:altitudeMode>
		</LookAt>
		<styleUrl>#msn_ylw-pushpin0</styleUrl>
		<Point>
			<gx:drawOrder>1</gx:drawOrder>
			<coordinates>72.89264444077669,19.05393423138822,0</coordinates>
		</Point>
	</Placemark>
	<Placemark>
		<name>DIAMOND GARDEN (M) STATION</name>
		<LookAt>
			<longitude>72.90049230609333</longitude>
			<latitude>19.05172116926635</latitude>
			<altitude>0</altitude>
			<heading>6.44076961070108</heading>
			<tilt>0</tilt>
			<range>406.0369455460227</range>
			<gx:altitudeMode>relativeToSeaFloor</gx:altitudeMode>
		</LookAt>
		<styleUrl>#msn_ylw-pushpin0</styleUrl>
		<Point>
			<gx:drawOrder>1</gx:drawOrder>
			<coordinates>72.9014858081179,19.05185810130003,0</coordinates>
		</Point>
	</Placemark>
	<Placemark>
		<name>SHIVAJI CHOWK (M) STATION</name>
		<LookAt>
			<longitude>72.906344940918</longitude>
			<latitude>19.04894772986791</latitude>
			<altitude>0</altitude>
			<heading>6.442679854312561</heading>
			<tilt>0</tilt>
			<range>625.0143518191336</range>
			<gx:altitudeMode>relativeToSeaFloor</gx:altitudeMode>
		</LookAt>
		<styleUrl>#msn_ylw-pushpin0</styleUrl>
		<Point>
			<gx:drawOrder>1</gx:drawOrder>
			<coordinates>72.9068639010636,19.04794473464117,0</coordinates>
		</Point>
	</Placemark>
	<Placemark>
		<name>BSNL (M) STATION</name>
		<LookAt>
			<longitude>72.91647315467345</longitude>
			<latitude>19.04725137761557</latitude>
			<altitude>0</altitude>
			<heading>6.445984825403147</heading>
			<tilt>0</tilt>
			<range>1964.194002119051</range>
			<gx:altitudeMode>relativeToSeaFloor</gx:altitudeMode>
		</LookAt>
		<styleUrl>#msn_ylw-pushpin0</styleUrl>
		<Point>
			<gx:drawOrder>1</gx:drawOrder>
			<coordinates>72.91727572544646,19.04481972518506,0</coordinates>
		</Point>
	</Placemark>
	<Placemark>
		<name>MANKHURD (M) STATION</name>
		<LookAt>
			<longitude>72.92853875697473</longitude>
			<latitude>19.04891416738388</latitude>
			<altitude>0</altitude>
			<heading>6.449922093454653</heading>
			<tilt>0</tilt>
			<range>1649.550832950954</range>
			<gx:altitudeMode>relativeToSeaFloor</gx:altitudeMode>
		</LookAt>
		<styleUrl>#msn_ylw-pushpin0</styleUrl>
		<Point>
			<gx:drawOrder>1</gx:drawOrder>
			<coordinates>72.93059011562615,19.04735419858205,0</coordinates>
		</Point>
	</Placemark>
	<Placemark>
		<name>MANDALE (M) STATION</name>
		<LookAt>
			<longitude>72.93807855240137</longitude>
			<latitude>19.04982467330602</latitude>
			<altitude>0</altitude>
			<heading>6.453035347665373</heading>
			<tilt>0</tilt>
			<range>1847.315405800869</range>
			<gx:altitudeMode>relativeToSeaFloor</gx:altitudeMode>
		</LookAt>
		<styleUrl>#msn_ylw-pushpin0</styleUrl>
		<Point>
			<gx:drawOrder>1</gx:drawOrder>
			<coordinates>72.93879480659635,19.04909002896622,0</coordinates>
		</Point>
	</Placemark>
</Document>
</kml>
