shape_id,shape_pt_lat,shape_pt_lon,shape_pt_sequence,shape_dist_traveled
SHP_NAG_AQUA_LINE_DIR0,21.110721,79.001737,1,0.00
SHP_NAG_AQUA_LINE_DIR0,21.110999,79.002189,2,56.17
SHP_NAG_AQUA_LINE_DIR0,21.111038,79.002252,3,63.97
SHP_NAG_AQUA_LINE_DIR0,21.111112,79.002388,4,80.34
SHP_NAG_AQUA_LINE_DIR0,21.111231,79.002636,5,109.24
SHP_NAG_AQUA_LINE_DIR0,21.111381,79.002960,6,146.81
SHP_NAG_AQUA_LINE_DIR0,21.111522,79.003292,7,184.61
SHP_NAG_AQUA_LINE_DIR0,21.111707,79.003711,8,232.71
SHP_NAG_AQUA_LINE_DIR0,21.111864,79.004069,9,273.74
SHP_NAG_AQUA_LINE_DIR0,21.112023,79.004441,10,316.16
SHP_NAG_AQUA_LINE_DIR0,21.112146,79.004724,11,348.61
SHP_NAG_AQUA_LINE_DIR0,21.112322,79.005109,12,393.04
SHP_NAG_AQUA_LINE_DIR0,21.112435,79.005385,13,424.33
SHP_NAG_AQUA_LINE_DIR0,21.112571,79.005691,14,459.47
SHP_NAG_AQUA_LINE_DIR0,21.112863,79.006353,15,535.49
SHP_NAG_AQUA_LINE_DIR0,21.113176,79.007089,16,619.38
SHP_NAG_AQUA_LINE_DIR0,21.113379,79.007550,17,672.22
SHP_NAG_AQUA_LINE_DIR0,21.113663,79.008214,18,748.00
SHP_NAG_AQUA_LINE_DIR0,21.113863,79.008670,19,800.21
SHP_NAG_AQUA_LINE_DIR0,21.114081,79.009162,20,856.71
SHP_NAG_AQUA_LINE_DIR0,21.114317,79.009705,21,918.92
SHP_NAG_AQUA_LINE_DIR0,21.114533,79.010207,22,976.21
SHP_NAG_AQUA_LINE_DIR0,21.114659,79.010487,23,1008.46
SHP_NAG_AQUA_LINE_DIR0,21.114731,79.010635,24,1025.85
SHP_NAG_AQUA_LINE_DIR0,21.114822,79.010805,25,1046.19
SHP_NAG_AQUA_LINE_DIR0,21.114883,79.010912,26,1059.13
SHP_NAG_AQUA_LINE_DIR0,21.114915,79.010964,27,1065.55
SHP_NAG_AQUA_LINE_DIR0,21.115037,79.011149,28,1089.09
SHP_NAG_AQUA_LINE_DIR0,21.115173,79.011341,29,1114.14
SHP_NAG_AQUA_LINE_DIR0,21.115292,79.011504,30,1135.60
SHP_NAG_AQUA_LINE_DIR0,21.115584,79.011898,31,1187.77
SHP_NAG_AQUA_LINE_DIR0,21.115682,79.012031,32,1205.36
SHP_NAG_AQUA_LINE_DIR0,21.116089,79.012586,33,1278.60
SHP_NAG_AQUA_LINE_DIR0,21.116377,79.012977,34,1330.27
SHP_NAG_AQUA_LINE_DIR0,21.116518,79.013158,35,1354.75
SHP_NAG_AQUA_LINE_DIR0,21.116795,79.013534,36,1404.45
SHP_NAG_AQUA_LINE_DIR0,21.117067,79.013903,37,1453.21
SHP_NAG_AQUA_LINE_DIR0,21.117444,79.014427,38,1521.89
SHP_NAG_AQUA_LINE_DIR0,21.117467,79.014462,39,1526.26
SHP_NAG_AQUA_LINE_DIR0,21.117489,79.014495,40,1530.54
SHP_NAG_AQUA_LINE_DIR0,21.117531,79.014561,41,1538.81
SHP_NAG_AQUA_LINE_DIR0,21.117557,79.014604,42,1544.04
SHP_NAG_AQUA_LINE_DIR0,21.117581,79.014651,43,1549.67
SHP_NAG_AQUA_LINE_DIR0,21.117611,79.014715,44,1557.13
SHP_NAG_AQUA_LINE_DIR0,21.117640,79.014787,45,1565.21
SHP_NAG_AQUA_LINE_DIR0,21.117660,79.014842,46,1571.31
SHP_NAG_AQUA_LINE_DIR0,21.117677,79.014902,47,1577.85
SHP_NAG_AQUA_LINE_DIR0,21.117689,79.014956,48,1583.66
SHP_NAG_AQUA_LINE_DIR0,21.117704,79.015036,49,1592.08
SHP_NAG_AQUA_LINE_DIR0,21.117711,79.015092,50,1597.93
SHP_NAG_AQUA_LINE_DIR0,21.117719,79.015162,51,1605.23
SHP_NAG_AQUA_LINE_DIR0,21.117721,79.015199,52,1609.10
SHP_NAG_AQUA_LINE_DIR0,21.117722,79.015251,53,1614.46
SHP_NAG_AQUA_LINE_DIR0,21.117720,79.015369,54,1626.74
SHP_NAG_AQUA_LINE_DIR0,21.117706,79.015709,55,1662.01
SHP_NAG_AQUA_LINE_DIR0,21.117672,79.016404,56,1734.24
SHP_NAG_AQUA_LINE_DIR0,21.117665,79.016492,57,1743.40
SHP_NAG_AQUA_LINE_DIR0,21.117657,79.016630,58,1757.70
SHP_NAG_AQUA_LINE_DIR0,21.117655,79.016708,59,1765.78
SHP_NAG_AQUA_LINE_DIR0,21.117657,79.016824,60,1777.87
SHP_NAG_AQUA_LINE_DIR0,21.117664,79.016939,61,1789.86
SHP_NAG_AQUA_LINE_DIR0,21.117671,79.017012,62,1797.38
SHP_NAG_AQUA_LINE_DIR0,21.117688,79.017113,63,1808.08
SHP_NAG_AQUA_LINE_DIR0,21.117709,79.017204,64,1817.78
SHP_NAG_AQUA_LINE_DIR0,21.117721,79.017247,65,1822.48
SHP_NAG_AQUA_LINE_DIR0,21.117754,79.017349,66,1833.69
SHP_NAG_AQUA_LINE_DIR0,21.117767,79.017387,67,1837.88
SHP_NAG_AQUA_LINE_DIR0,21.117809,79.017493,68,1849.84
SHP_NAG_AQUA_LINE_DIR0,21.117890,79.017679,69,1871.12
SHP_NAG_AQUA_LINE_DIR0,21.118002,79.017924,70,1899.41
SHP_NAG_AQUA_LINE_DIR0,21.118586,79.019216,71,2048.35
SHP_NAG_AQUA_LINE_DIR0,21.118599,79.019243,72,2051.48
SHP_NAG_AQUA_LINE_DIR0,21.118798,79.019680,73,2101.93
SHP_NAG_AQUA_LINE_DIR0,21.119053,79.020228,74,2165.42
SHP_NAG_AQUA_LINE_DIR0,21.119063,79.020250,75,2168.01
SHP_NAG_AQUA_LINE_DIR0,21.119615,79.021432,76,2305.04
SHP_NAG_AQUA_LINE_DIR0,21.120094,79.022406,77,2419.24
SHP_NAG_AQUA_LINE_DIR0,21.120200,79.022665,78,2448.60
SHP_NAG_AQUA_LINE_DIR0,21.120256,79.022829,79,2466.72
SHP_NAG_AQUA_LINE_DIR0,21.120315,79.023016,80,2487.24
SHP_NAG_AQUA_LINE_DIR0,21.120364,79.023222,81,2509.23
SHP_NAG_AQUA_LINE_DIR0,21.120410,79.023441,82,2532.53
SHP_NAG_AQUA_LINE_DIR0,21.120443,79.023622,83,2551.63
SHP_NAG_AQUA_LINE_DIR0,21.120501,79.023942,84,2585.46
SHP_NAG_AQUA_LINE_DIR0,21.120580,79.024371,85,2630.82
SHP_NAG_AQUA_LINE_DIR0,21.120639,79.024711,86,2666.67
SHP_NAG_AQUA_LINE_DIR0,21.120702,79.025062,87,2703.75
SHP_NAG_AQUA_LINE_DIR0,21.120791,79.025540,88,2754.41
SHP_NAG_AQUA_LINE_DIR0,21.120892,79.026106,89,2814.14
SHP_NAG_AQUA_LINE_DIR0,21.120974,79.026531,90,2859.17
SHP_NAG_AQUA_LINE_DIR0,21.121053,79.026975,91,2906.05
SHP_NAG_AQUA_LINE_DIR0,21.121171,79.027604,92,2972.61
SHP_NAG_AQUA_LINE_DIR0,21.121289,79.028187,93,3034.46
SHP_NAG_AQUA_LINE_DIR0,21.121409,79.028830,94,3102.51
SHP_NAG_AQUA_LINE_DIR0,21.121526,79.029381,95,3161.06
SHP_NAG_AQUA_LINE_DIR0,21.121535,79.029426,96,3165.83
SHP_NAG_AQUA_LINE_DIR0,21.121654,79.030107,97,3237.73
SHP_NAG_AQUA_LINE_DIR0,21.121771,79.030771,98,3307.78
SHP_NAG_AQUA_LINE_DIR0,21.121880,79.031380,99,3372.10
SHP_NAG_AQUA_LINE_DIR0,21.121941,79.031736,100,3409.69
SHP_NAG_AQUA_LINE_DIR0,21.122004,79.032080,101,3445.99
SHP_NAG_AQUA_LINE_DIR0,21.122096,79.032612,102,3502.15
SHP_NAG_AQUA_LINE_DIR0,21.122162,79.032958,103,3538.76
SHP_NAG_AQUA_LINE_DIR0,21.122263,79.033485,104,3594.57
SHP_NAG_AQUA_LINE_DIR0,21.122365,79.034071,105,3656.43
SHP_NAG_AQUA_LINE_DIR0,21.122401,79.034283,106,3678.73
SHP_NAG_AQUA_LINE_DIR0,21.122717,79.036028,107,3863.12
SHP_NAG_AQUA_LINE_DIR0,21.122828,79.036626,108,3926.37
SHP_NAG_AQUA_LINE_DIR0,21.123023,79.037746,109,4044.60
SHP_NAG_AQUA_LINE_DIR0,21.123159,79.038526,110,4126.90
SHP_NAG_AQUA_LINE_DIR0,21.123273,79.039200,111,4197.94
SHP_NAG_AQUA_LINE_DIR0,21.123307,79.039396,112,4218.66
SHP_NAG_AQUA_LINE_DIR0,21.123333,79.039565,113,4236.38
SHP_NAG_AQUA_LINE_DIR0,21.123344,79.039657,114,4246.02
SHP_NAG_AQUA_LINE_DIR0,21.123357,79.039775,115,4258.30
SHP_NAG_AQUA_LINE_DIR0,21.123368,79.039946,116,4276.08
SHP_NAG_AQUA_LINE_DIR0,21.123376,79.040129,117,4295.06
SHP_NAG_AQUA_LINE_DIR0,21.123375,79.040350,118,4318.04
SHP_NAG_AQUA_LINE_DIR0,21.123367,79.040764,119,4360.93
SHP_NAG_AQUA_LINE_DIR0,21.123346,79.041669,120,4454.83
SHP_NAG_AQUA_LINE_DIR0,21.123325,79.042101,121,4499.73
SHP_NAG_AQUA_LINE_DIR0,21.123305,79.042533,122,4544.63
SHP_NAG_AQUA_LINE_DIR0,21.123293,79.042911,123,4583.85
SHP_NAG_AQUA_LINE_DIR0,21.123294,79.043081,124,4601.44
SHP_NAG_AQUA_LINE_DIR0,21.123295,79.043121,125,4605.66
SHP_NAG_AQUA_LINE_DIR0,21.123298,79.043151,126,4608.73
SHP_NAG_AQUA_LINE_DIR0,21.123307,79.043221,127,4616.13
SHP_NAG_AQUA_LINE_DIR0,21.123314,79.043268,128,4620.99
SHP_NAG_AQUA_LINE_DIR0,21.123322,79.043309,129,4625.41
SHP_NAG_AQUA_LINE_DIR0,21.123333,79.043369,130,4631.65
SHP_NAG_AQUA_LINE_DIR0,21.123341,79.043403,131,4635.32
SHP_NAG_AQUA_LINE_DIR0,21.123358,79.043463,132,4641.88
SHP_NAG_AQUA_LINE_DIR0,21.123377,79.043516,133,4647.72
SHP_NAG_AQUA_LINE_DIR0,21.123402,79.043577,134,4654.65
SHP_NAG_AQUA_LINE_DIR0,21.123430,79.043633,135,4661.28
SHP_NAG_AQUA_LINE_DIR0,21.123466,79.043698,136,4669.09
SHP_NAG_AQUA_LINE_DIR0,21.123512,79.043768,137,4677.99
SHP_NAG_AQUA_LINE_DIR0,21.123547,79.043818,138,4684.38
SHP_NAG_AQUA_LINE_DIR0,21.123566,79.043843,139,4687.83
SHP_NAG_AQUA_LINE_DIR0,21.123607,79.043890,140,4694.46
SHP_NAG_AQUA_LINE_DIR0,21.123746,79.044041,141,4716.46
SHP_NAG_AQUA_LINE_DIR0,21.123884,79.044164,142,4736.45
SHP_NAG_AQUA_LINE_DIR0,21.124158,79.044397,143,4775.36
SHP_NAG_AQUA_LINE_DIR0,21.124236,79.044468,144,4786.64
SHP_NAG_AQUA_LINE_DIR0,21.124345,79.044558,145,4802.01
SHP_NAG_AQUA_LINE_DIR0,21.124482,79.044658,146,4820.42
SHP_NAG_AQUA_LINE_DIR0,21.124566,79.044715,147,4831.50
SHP_NAG_AQUA_LINE_DIR0,21.124654,79.044767,148,4842.70
SHP_NAG_AQUA_LINE_DIR0,21.124753,79.044821,149,4855.02
SHP_NAG_AQUA_LINE_DIR0,21.124825,79.044855,150,4863.73
SHP_NAG_AQUA_LINE_DIR0,21.124922,79.044895,151,4875.31
SHP_NAG_AQUA_LINE_DIR0,21.125090,79.044951,152,4894.82
SHP_NAG_AQUA_LINE_DIR0,21.125389,79.045034,153,4929.18
SHP_NAG_AQUA_LINE_DIR0,21.125734,79.045114,154,4968.47
SHP_NAG_AQUA_LINE_DIR0,21.126099,79.045197,155,5009.91
SHP_NAG_AQUA_LINE_DIR0,21.126368,79.045255,156,5040.40
SHP_NAG_AQUA_LINE_DIR0,21.126617,79.045314,157,5068.80
SHP_NAG_AQUA_LINE_DIR0,21.126953,79.045394,158,5107.08
SHP_NAG_AQUA_LINE_DIR0,21.127240,79.045456,159,5139.58
SHP_NAG_AQUA_LINE_DIR0,21.127742,79.045575,160,5196.81
SHP_NAG_AQUA_LINE_DIR0,21.127965,79.045624,161,5222.07
SHP_NAG_AQUA_LINE_DIR0,21.128698,79.045804,162,5305.72
SHP_NAG_AQUA_LINE_DIR0,21.128800,79.045828,163,5317.38
SHP_NAG_AQUA_LINE_DIR0,21.129224,79.045920,164,5365.46
SHP_NAG_AQUA_LINE_DIR0,21.129587,79.046000,165,5406.64
SHP_NAG_AQUA_LINE_DIR0,21.129953,79.046088,166,5448.38
SHP_NAG_AQUA_LINE_DIR0,21.130107,79.046124,167,5465.94
SHP_NAG_AQUA_LINE_DIR0,21.130208,79.046157,168,5477.63
SHP_NAG_AQUA_LINE_DIR0,21.130295,79.046192,169,5487.93
SHP_NAG_AQUA_LINE_DIR0,21.130425,79.046251,170,5503.63
SHP_NAG_AQUA_LINE_DIR0,21.130476,79.046284,171,5510.24
SHP_NAG_AQUA_LINE_DIR0,21.130518,79.046313,172,5515.82
SHP_NAG_AQUA_LINE_DIR0,21.130574,79.046359,173,5523.68
SHP_NAG_AQUA_LINE_DIR0,21.130633,79.046411,174,5532.17
SHP_NAG_AQUA_LINE_DIR0,21.130700,79.046480,175,5542.52
SHP_NAG_AQUA_LINE_DIR0,21.130744,79.046532,176,5549.79
SHP_NAG_AQUA_LINE_DIR0,21.130788,79.046592,177,5557.64
SHP_NAG_AQUA_LINE_DIR0,21.130839,79.046671,178,5567.69
SHP_NAG_AQUA_LINE_DIR0,21.130887,79.046757,179,5578.05
SHP_NAG_AQUA_LINE_DIR0,21.130923,79.046837,180,5587.31
SHP_NAG_AQUA_LINE_DIR0,21.130956,79.046927,181,5597.31
SHP_NAG_AQUA_LINE_DIR0,21.130970,79.046976,182,5602.59
SHP_NAG_AQUA_LINE_DIR0,21.130981,79.047020,183,5607.30
SHP_NAG_AQUA_LINE_DIR0,21.130995,79.047094,184,5615.22
SHP_NAG_AQUA_LINE_DIR0,21.131003,79.047146,185,5620.60
SHP_NAG_AQUA_LINE_DIR0,21.131012,79.047244,186,5630.82
SHP_NAG_AQUA_LINE_DIR0,21.131013,79.047284,187,5635.06
SHP_NAG_AQUA_LINE_DIR0,21.131012,79.047343,188,5641.08
SHP_NAG_AQUA_LINE_DIR0,21.131006,79.047440,189,5651.26
SHP_NAG_AQUA_LINE_DIR0,21.130998,79.047500,190,5657.47
SHP_NAG_AQUA_LINE_DIR0,21.130988,79.047556,191,5663.36
SHP_NAG_AQUA_LINE_DIR0,21.130917,79.047894,192,5699.30
SHP_NAG_AQUA_LINE_DIR0,21.130826,79.048256,193,5738.26
SHP_NAG_AQUA_LINE_DIR0,21.130765,79.048483,194,5762.75
SHP_NAG_AQUA_LINE_DIR0,21.130742,79.048592,195,5774.34
SHP_NAG_AQUA_LINE_DIR0,21.130718,79.048765,196,5792.45
SHP_NAG_AQUA_LINE_DIR0,21.130707,79.048867,197,5803.10
SHP_NAG_AQUA_LINE_DIR0,21.130700,79.049034,198,5820.41
SHP_NAG_AQUA_LINE_DIR0,21.130702,79.049156,199,5833.09
SHP_NAG_AQUA_LINE_DIR0,21.130704,79.049201,200,5837.80
SHP_NAG_AQUA_LINE_DIR0,21.130715,79.049324,201,5850.58
SHP_NAG_AQUA_LINE_DIR0,21.130726,79.049416,202,5860.19
SHP_NAG_AQUA_LINE_DIR0,21.130743,79.049519,203,5871.11
SHP_NAG_AQUA_LINE_DIR0,21.130798,79.049769,204,5897.75
SHP_NAG_AQUA_LINE_DIR0,21.131062,79.050828,205,6011.38
SHP_NAG_AQUA_LINE_DIR0,21.131157,79.051202,206,6051.62
SHP_NAG_AQUA_LINE_DIR0,21.131282,79.051682,207,6103.24
SHP_NAG_AQUA_LINE_DIR0,21.131325,79.051837,208,6120.00
SHP_NAG_AQUA_LINE_DIR0,21.131364,79.051961,209,6133.68
SHP_NAG_AQUA_LINE_DIR0,21.131427,79.052125,210,6151.97
SHP_NAG_AQUA_LINE_DIR0,21.131450,79.052181,211,6158.38
SHP_NAG_AQUA_LINE_DIR0,21.131536,79.052359,212,6179.21
SHP_NAG_AQUA_LINE_DIR0,21.131607,79.052498,213,6195.60
SHP_NAG_AQUA_LINE_DIR0,21.131721,79.052702,214,6220.25
SHP_NAG_AQUA_LINE_DIR0,21.131896,79.053004,215,6257.18
SHP_NAG_AQUA_LINE_DIR0,21.132122,79.053407,216,6305.93
SHP_NAG_AQUA_LINE_DIR0,21.132374,79.053845,217,6359.25
SHP_NAG_AQUA_LINE_DIR0,21.132650,79.054338,218,6418.97
SHP_NAG_AQUA_LINE_DIR0,21.132953,79.054849,219,6481.71
SHP_NAG_AQUA_LINE_DIR0,21.133021,79.054963,220,6495.71
SHP_NAG_AQUA_LINE_DIR0,21.133349,79.055574,221,6568.87
SHP_NAG_AQUA_LINE_DIR0,21.133624,79.056052,222,6627.18
SHP_NAG_AQUA_LINE_DIR0,21.133910,79.056562,223,6688.86
SHP_NAG_AQUA_LINE_DIR0,21.134288,79.057239,224,6770.73
SHP_NAG_AQUA_LINE_DIR0,21.134657,79.057897,225,6850.31
SHP_NAG_AQUA_LINE_DIR0,21.134872,79.058282,226,6896.87
SHP_NAG_AQUA_LINE_DIR0,21.135002,79.058515,227,6924.98
SHP_NAG_AQUA_LINE_DIR0,21.135097,79.058685,228,6945.59
SHP_NAG_AQUA_LINE_DIR0,21.135181,79.058842,229,6964.39
SHP_NAG_AQUA_LINE_DIR0,21.135318,79.059115,230,6996.47
SHP_NAG_AQUA_LINE_DIR0,21.135386,79.059257,231,7013.07
SHP_NAG_AQUA_LINE_DIR0,21.135574,79.059698,232,7063.31
SHP_NAG_AQUA_LINE_DIR0,21.135586,79.059726,233,7066.52
SHP_NAG_AQUA_LINE_DIR0,21.135713,79.060035,234,7101.59
SHP_NAG_AQUA_LINE_DIR0,21.135786,79.060232,235,7123.54
SHP_NAG_AQUA_LINE_DIR0,21.135884,79.060516,236,7154.99
SHP_NAG_AQUA_LINE_DIR0,21.135965,79.060767,237,7182.48
SHP_NAG_AQUA_LINE_DIR0,21.136063,79.061106,238,7219.29
SHP_NAG_AQUA_LINE_DIR0,21.136108,79.061282,239,7238.27
SHP_NAG_AQUA_LINE_DIR0,21.136197,79.061659,240,7278.54
SHP_NAG_AQUA_LINE_DIR0,21.136277,79.062057,241,7320.83
SHP_NAG_AQUA_LINE_DIR0,21.136350,79.062466,242,7364.00
SHP_NAG_AQUA_LINE_DIR0,21.136419,79.062865,243,7406.06
SHP_NAG_AQUA_LINE_DIR0,21.136423,79.062895,244,7409.22
SHP_NAG_AQUA_LINE_DIR0,21.136626,79.064184,245,7544.79
SHP_NAG_AQUA_LINE_DIR0,21.136644,79.064297,246,7556.70
SHP_NAG_AQUA_LINE_DIR0,21.136734,79.064842,247,7614.04
SHP_NAG_AQUA_LINE_DIR0,21.136786,79.065121,248,7643.59
SHP_NAG_AQUA_LINE_DIR0,21.136820,79.065290,249,7661.54
SHP_NAG_AQUA_LINE_DIR0,21.136861,79.065468,250,7680.52
SHP_NAG_AQUA_LINE_DIR0,21.136973,79.065876,251,7724.61
SHP_NAG_AQUA_LINE_DIR0,21.137150,79.066471,252,7789.39
SHP_NAG_AQUA_LINE_DIR0,21.137384,79.067232,253,7872.50
SHP_NAG_AQUA_LINE_DIR0,21.137748,79.068429,254,8003.05
SHP_NAG_AQUA_LINE_DIR0,21.137949,79.069116,255,8077.73
SHP_NAG_AQUA_LINE_DIR0,21.137994,79.069260,256,8093.52
SHP_NAG_AQUA_LINE_DIR0,21.138119,79.069617,257,8133.05
SHP_NAG_AQUA_LINE_DIR0,21.138214,79.069874,258,8161.74
SHP_NAG_AQUA_LINE_DIR0,21.138349,79.070229,259,8201.49
SHP_NAG_AQUA_LINE_DIR0,21.138484,79.070584,260,8241.24
SHP_NAG_AQUA_LINE_DIR0,21.138693,79.071134,261,8302.88
SHP_NAG_AQUA_LINE_DIR0,21.138805,79.071456,262,8338.50
SHP_NAG_AQUA_LINE_DIR0,21.138930,79.071877,263,8384.31
SHP_NAG_AQUA_LINE_DIR0,21.139124,79.072505,264,8452.96
SHP_NAG_AQUA_LINE_DIR0,21.139365,79.073271,265,8536.72
SHP_NAG_AQUA_LINE_DIR0,21.139557,79.073908,266,8606.22
SHP_NAG_AQUA_LINE_DIR0,21.139683,79.074331,267,8652.24
SHP_NAG_AQUA_LINE_DIR0,21.139771,79.074667,268,8688.41
SHP_NAG_AQUA_LINE_DIR0,21.139817,79.074860,269,8709.10
SHP_NAG_AQUA_LINE_DIR0,21.139962,79.075461,270,8773.50
SHP_NAG_AQUA_LINE_DIR0,21.139993,79.075589,271,8787.15
SHP_NAG_AQUA_LINE_DIR0,21.140068,79.075872,272,8817.72
SHP_NAG_AQUA_LINE_DIR0,21.140137,79.076110,273,8843.60
SHP_NAG_AQUA_LINE_DIR0,21.140199,79.076306,274,8865.06
SHP_NAG_AQUA_LINE_DIR0,21.140314,79.076652,275,8903.08
SHP_NAG_AQUA_LINE_DIR0,21.140558,79.077378,276,8983.14
SHP_NAG_AQUA_LINE_DIR0,21.140734,79.077889,277,9039.62
SHP_NAG_AQUA_LINE_DIR0,21.140803,79.078089,278,9061.73
SHP_NAG_AQUA_LINE_DIR0,21.140905,79.078407,279,9096.58
SHP_NAG_AQUA_LINE_DIR0,21.140957,79.078583,280,9115.78
SHP_NAG_AQUA_LINE_DIR0,21.141082,79.079026,281,9163.73
SHP_NAG_AQUA_LINE_DIR0,21.141157,79.079310,282,9194.46
SHP_NAG_AQUA_LINE_DIR0,21.141214,79.079537,283,9218.82
SHP_NAG_AQUA_LINE_DIR0,21.141232,79.079620,284,9227.62
SHP_NAG_AQUA_LINE_DIR0,21.141262,79.079816,285,9248.24
SHP_NAG_AQUA_LINE_DIR0,21.141274,79.079940,286,9261.15
SHP_NAG_AQUA_LINE_DIR0,21.141297,79.080319,287,9300.51
SHP_NAG_AQUA_LINE_DIR0,21.141314,79.080793,288,9349.74
SHP_NAG_AQUA_LINE_DIR0,21.141339,79.081739,289,9447.91
SHP_NAG_AQUA_LINE_DIR0,21.141345,79.081849,290,9459.36
SHP_NAG_AQUA_LINE_DIR0,21.141358,79.081994,291,9474.41
SHP_NAG_AQUA_LINE_DIR0,21.141359,79.082008,292,9475.92
SHP_NAG_AQUA_LINE_DIR0,21.141380,79.082143,293,9490.09
SHP_NAG_AQUA_LINE_DIR0,21.141390,79.082203,294,9496.33
SHP_NAG_AQUA_LINE_DIR0,21.141410,79.082297,295,9506.40
SHP_NAG_AQUA_LINE_DIR0,21.141436,79.082400,296,9517.49
SHP_NAG_AQUA_LINE_DIR0,21.141485,79.082559,297,9534.78
SHP_NAG_AQUA_LINE_DIR0,21.141606,79.082949,298,9577.40
SHP_NAG_AQUA_LINE_DIR0,21.141611,79.082965,299,9579.24
SHP_NAG_AQUA_LINE_DIR0,21.141816,79.083672,300,9656.02
SHP_NAG_AQUA_LINE_DIR0,21.141992,79.084277,301,9721.67
SHP_NAG_AQUA_LINE_DIR0,21.142006,79.084324,302,9726.85
SHP_NAG_AQUA_LINE_DIR0,21.142189,79.084930,303,9792.86
SHP_NAG_AQUA_LINE_DIR0,21.142352,79.085477,304,9852.50
SHP_NAG_AQUA_LINE_DIR0,21.142549,79.086104,305,9921.02
SHP_NAG_AQUA_LINE_DIR0,21.142719,79.086675,306,9983.18
SHP_NAG_AQUA_LINE_DIR0,21.142855,79.087095,307,10029.36
SHP_NAG_AQUA_LINE_DIR0,21.142893,79.087202,308,10041.21
SHP_NAG_AQUA_LINE_DIR0,21.142917,79.087262,309,10047.92
SHP_NAG_AQUA_LINE_DIR0,21.142957,79.087349,310,10058.06
SHP_NAG_AQUA_LINE_DIR0,21.142987,79.087410,311,10065.19
SHP_NAG_AQUA_LINE_DIR0,21.143044,79.087509,312,10077.26
SHP_NAG_AQUA_LINE_DIR0,21.143103,79.087605,313,10089.19
SHP_NAG_AQUA_LINE_DIR0,21.143168,79.087695,314,10100.97
SHP_NAG_AQUA_LINE_DIR0,21.143221,79.087763,315,10110.19
SHP_NAG_AQUA_LINE_DIR0,21.143397,79.087973,316,10139.43
SHP_NAG_AQUA_LINE_DIR0,21.143705,79.088316,317,10188.79
SHP_NAG_AQUA_LINE_DIR0,21.144051,79.088716,318,10245.41
SHP_NAG_AQUA_LINE_DIR0,21.144374,79.089089,319,10298.23
SHP_NAG_AQUA_LINE_DIR0,21.144555,79.089286,320,10326.86
SHP_NAG_AQUA_LINE_DIR0,21.144661,79.089391,321,10342.94
SHP_NAG_AQUA_LINE_DIR0,21.144738,79.089455,322,10353.77
SHP_NAG_AQUA_LINE_DIR0,21.144825,79.089519,323,10365.51
SHP_NAG_AQUA_LINE_DIR0,21.144891,79.089560,324,10374.01
SHP_NAG_AQUA_LINE_DIR0,21.144917,79.089574,325,10377.23
SHP_NAG_AQUA_LINE_DIR0,21.145023,79.089621,326,10389.94
SHP_NAG_AQUA_LINE_DIR0,21.145120,79.089658,327,10401.40
SHP_NAG_AQUA_LINE_DIR0,21.145133,79.089663,328,10402.87
SHP_NAG_AQUA_LINE_DIR0,21.145219,79.089689,329,10412.87
SHP_NAG_AQUA_LINE_DIR0,21.145296,79.089705,330,10421.55
SHP_NAG_AQUA_LINE_DIR0,21.145443,79.089726,331,10438.07
SHP_NAG_AQUA_LINE_DIR0,21.145775,79.089765,332,10475.24
SHP_NAG_AQUA_LINE_DIR0,21.146149,79.089809,333,10517.04
SHP_NAG_AQUA_LINE_DIR0,21.147522,79.089947,334,10670.40
SHP_NAG_AQUA_LINE_DIR0,21.147746,79.089971,335,10695.45
SHP_NAG_AQUA_LINE_DIR0,21.148057,79.090011,336,10730.21
SHP_NAG_AQUA_LINE_DIR0,21.148342,79.090054,337,10762.30
SHP_NAG_AQUA_LINE_DIR0,21.148656,79.090096,338,10797.45
SHP_NAG_AQUA_LINE_DIR0,21.148923,79.090133,339,10827.40
SHP_NAG_AQUA_LINE_DIR0,21.149224,79.090179,340,10861.16
SHP_NAG_AQUA_LINE_DIR0,21.149578,79.090225,341,10900.87
SHP_NAG_AQUA_LINE_DIR0,21.149914,79.090277,342,10938.54
SHP_NAG_AQUA_LINE_DIR0,21.150103,79.090302,343,10959.72
SHP_NAG_AQUA_LINE_DIR0,21.150339,79.090332,344,10986.22
SHP_NAG_AQUA_LINE_DIR0,21.150540,79.090359,345,11008.67
SHP_NAG_AQUA_LINE_DIR0,21.150890,79.090409,346,11047.99
SHP_NAG_AQUA_LINE_DIR0,21.151206,79.090451,347,11083.37
SHP_NAG_AQUA_LINE_DIR0,21.151486,79.090489,348,11114.80
SHP_NAG_AQUA_LINE_DIR0,21.151767,79.090528,349,11146.23
SHP_NAG_AQUA_LINE_DIR0,21.152080,79.090570,350,11181.39
SHP_NAG_AQUA_LINE_DIR0,21.152371,79.090608,351,11213.89
SHP_NAG_AQUA_LINE_DIR0,21.152491,79.090632,352,11227.51
SHP_NAG_AQUA_LINE_DIR0,21.152628,79.090668,353,11243.19
SHP_NAG_AQUA_LINE_DIR0,21.152696,79.090692,354,11251.16
SHP_NAG_AQUA_LINE_DIR0,21.152763,79.090719,355,11259.14
SHP_NAG_AQUA_LINE_DIR0,21.152808,79.090742,356,11264.67
SHP_NAG_AQUA_LINE_DIR0,21.152867,79.090774,357,11272.01
SHP_NAG_AQUA_LINE_DIR0,21.152952,79.090834,358,11283.29
SHP_NAG_AQUA_LINE_DIR0,21.153026,79.090895,359,11293.68
SHP_NAG_AQUA_LINE_DIR0,21.153115,79.090984,360,11307.25
SHP_NAG_AQUA_LINE_DIR0,21.153150,79.091023,361,11312.89
SHP_NAG_AQUA_LINE_DIR0,21.153232,79.091137,362,11327.79
SHP_NAG_AQUA_LINE_DIR0,21.153278,79.091219,363,11337.71
SHP_NAG_AQUA_LINE_DIR0,21.153329,79.091323,364,11349.84
SHP_NAG_AQUA_LINE_DIR0,21.153354,79.091386,365,11356.97
SHP_NAG_AQUA_LINE_DIR0,21.153385,79.091476,366,11366.98
SHP_NAG_AQUA_LINE_DIR0,21.153404,79.091552,367,11375.11
SHP_NAG_AQUA_LINE_DIR0,21.153422,79.091643,368,11384.77
SHP_NAG_AQUA_LINE_DIR0,21.153431,79.091720,369,11392.84
SHP_NAG_AQUA_LINE_DIR0,21.153436,79.091809,370,11402.04
SHP_NAG_AQUA_LINE_DIR0,21.153436,79.092110,371,11433.28
SHP_NAG_AQUA_LINE_DIR0,21.153430,79.092417,372,11465.14
SHP_NAG_AQUA_LINE_DIR0,21.153421,79.092702,373,11494.69
SHP_NAG_AQUA_LINE_DIR0,21.153409,79.092940,374,11519.35
SHP_NAG_AQUA_LINE_DIR0,21.153397,79.093083,375,11534.27
SHP_NAG_AQUA_LINE_DIR0,21.153377,79.093214,376,11548.01
SHP_NAG_AQUA_LINE_DIR0,21.153371,79.093249,377,11551.72
SHP_NAG_AQUA_LINE_DIR0,21.153338,79.093426,378,11570.44
SHP_NAG_AQUA_LINE_DIR0,21.153309,79.093550,379,11583.68
SHP_NAG_AQUA_LINE_DIR0,21.153180,79.094090,380,11641.47
SHP_NAG_AQUA_LINE_DIR0,21.153131,79.094307,381,11664.65
SHP_NAG_AQUA_LINE_DIR0,21.152975,79.095029,382,11741.48
SHP_NAG_AQUA_LINE_DIR0,21.152945,79.095142,383,11753.70
SHP_NAG_AQUA_LINE_DIR0,21.152773,79.095804,384,11825.02
SHP_NAG_AQUA_LINE_DIR0,21.152631,79.096416,385,11890.38
SHP_NAG_AQUA_LINE_DIR0,21.152570,79.096650,386,11915.56
SHP_NAG_AQUA_LINE_DIR0,21.152511,79.096863,387,11938.62
SHP_NAG_AQUA_LINE_DIR0,21.152431,79.097113,388,11966.05
SHP_NAG_AQUA_LINE_DIR0,21.152340,79.097365,389,11994.06
SHP_NAG_AQUA_LINE_DIR0,21.152189,79.097794,390,12041.65
SHP_NAG_AQUA_LINE_DIR0,21.152172,79.097847,391,12047.47
SHP_NAG_AQUA_LINE_DIR0,21.152099,79.098097,392,12074.64
SHP_NAG_AQUA_LINE_DIR0,21.152024,79.098384,393,12105.46
SHP_NAG_AQUA_LINE_DIR0,21.151811,79.099209,394,12194.27
SHP_NAG_AQUA_LINE_DIR0,21.151681,79.099715,395,12248.67
SHP_NAG_AQUA_LINE_DIR0,21.151451,79.100627,396,12346.65
SHP_NAG_AQUA_LINE_DIR0,21.151409,79.100789,397,12364.14
SHP_NAG_AQUA_LINE_DIR0,21.151340,79.101082,398,12395.46
SHP_NAG_AQUA_LINE_DIR0,21.151289,79.101338,399,12422.62
SHP_NAG_AQUA_LINE_DIR0,21.151241,79.101630,400,12453.32
SHP_NAG_AQUA_LINE_DIR0,21.151223,79.101752,401,12466.10
SHP_NAG_AQUA_LINE_DIR0,21.151146,79.102436,402,12537.63
SHP_NAG_AQUA_LINE_DIR0,21.151082,79.102930,403,12589.32
SHP_NAG_AQUA_LINE_DIR0,21.151017,79.103438,404,12642.47
SHP_NAG_AQUA_LINE_DIR0,21.150976,79.103690,405,12669.07
SHP_NAG_AQUA_LINE_DIR0,21.150845,79.104435,406,12747.61
SHP_NAG_AQUA_LINE_DIR0,21.150717,79.105048,407,12812.81
SHP_NAG_AQUA_LINE_DIR0,21.150605,79.105550,408,12866.28
SHP_NAG_AQUA_LINE_DIR0,21.150486,79.106041,409,12918.90
SHP_NAG_AQUA_LINE_DIR0,21.150450,79.106187,410,12934.57
SHP_NAG_AQUA_LINE_DIR0,21.150326,79.106666,411,12986.10
SHP_NAG_AQUA_LINE_DIR0,21.150135,79.107432,412,13068.34
SHP_NAG_AQUA_LINE_DIR0,21.150088,79.107619,413,13088.48
SHP_NAG_AQUA_LINE_DIR0,21.149980,79.108056,414,13135.33
SHP_NAG_AQUA_LINE_DIR0,21.149899,79.108417,415,13173.81
SHP_NAG_AQUA_LINE_DIR0,21.149857,79.108613,416,13194.67
SHP_NAG_AQUA_LINE_DIR0,21.149826,79.108749,417,13209.19
SHP_NAG_AQUA_LINE_DIR0,21.149776,79.109004,418,13236.25
SHP_NAG_AQUA_LINE_DIR0,21.149760,79.109096,419,13245.94
SHP_NAG_AQUA_LINE_DIR0,21.149718,79.109365,420,13274.28
SHP_NAG_AQUA_LINE_DIR0,21.149705,79.109480,421,13286.24
SHP_NAG_AQUA_LINE_DIR0,21.149695,79.109608,422,13299.58
SHP_NAG_AQUA_LINE_DIR0,21.149684,79.110066,423,13347.12
SHP_NAG_AQUA_LINE_DIR0,21.149669,79.110450,424,13386.94
SHP_NAG_AQUA_LINE_DIR0,21.149654,79.110834,425,13426.77
SHP_NAG_AQUA_LINE_DIR0,21.149648,79.110959,426,13439.80
SHP_NAG_AQUA_LINE_DIR0,21.149611,79.111655,427,13512.06
SHP_NAG_AQUA_LINE_DIR0,21.149603,79.111775,428,13524.54
SHP_NAG_AQUA_LINE_DIR0,21.149577,79.112017,429,13549.83
SHP_NAG_AQUA_LINE_DIR0,21.149519,79.112386,430,13588.64
SHP_NAG_AQUA_LINE_DIR0,21.149430,79.112821,431,13634.80
SHP_NAG_AQUA_LINE_DIR0,21.149400,79.112954,432,13648.99
SHP_NAG_AQUA_LINE_DIR0,21.149294,79.113467,433,13703.51
SHP_NAG_AQUA_LINE_DIR0,21.149232,79.113778,434,13736.49
SHP_NAG_AQUA_LINE_DIR0,21.149199,79.113934,435,13753.03
SHP_NAG_AQUA_LINE_DIR0,21.149163,79.114164,436,13777.26
SHP_NAG_AQUA_LINE_DIR0,21.149141,79.114342,437,13795.82
SHP_NAG_AQUA_LINE_DIR0,21.149087,79.114962,438,13860.46
SHP_NAG_AQUA_LINE_DIR0,21.149023,79.115551,439,13921.93
SHP_NAG_AQUA_LINE_DIR0,21.148963,79.116012,440,13970.16
SHP_NAG_AQUA_LINE_DIR0,21.148911,79.116456,441,14016.60
SHP_NAG_AQUA_LINE_DIR0,21.148881,79.116981,442,14071.12
SHP_NAG_AQUA_LINE_DIR0,21.148863,79.117662,443,14141.83
SHP_NAG_AQUA_LINE_DIR0,21.148839,79.118316,444,14209.64
SHP_NAG_AQUA_LINE_DIR0,21.148836,79.118392,445,14217.62
SHP_NAG_AQUA_LINE_DIR0,21.148799,79.119143,446,14295.52
SHP_NAG_AQUA_LINE_DIR0,21.148778,79.119559,447,14338.77
SHP_NAG_AQUA_LINE_DIR0,21.148742,79.120068,448,14391.66
SHP_NAG_AQUA_LINE_DIR0,21.148726,79.120394,449,14425.51
SHP_NAG_AQUA_LINE_DIR0,21.148654,79.121786,450,14570.14
SHP_NAG_AQUA_LINE_DIR0,21.148623,79.122405,451,14634.40
SHP_NAG_AQUA_LINE_DIR0,21.148602,79.122802,452,14675.71
SHP_NAG_AQUA_LINE_DIR0,21.148579,79.123270,453,14724.26
SHP_NAG_AQUA_LINE_DIR0,21.148560,79.123829,454,14782.26
SHP_NAG_AQUA_LINE_DIR0,21.148535,79.124409,455,14842.49
SHP_NAG_AQUA_LINE_DIR0,21.148507,79.125068,456,14910.86
SHP_NAG_AQUA_LINE_DIR0,21.148485,79.125661,457,14972.48
SHP_NAG_AQUA_LINE_DIR0,21.148459,79.126176,458,15025.96
SHP_NAG_AQUA_LINE_DIR0,21.148429,79.126766,459,15087.22
SHP_NAG_AQUA_LINE_DIR0,21.148409,79.127399,460,15152.85
SHP_NAG_AQUA_LINE_DIR0,21.148386,79.128075,461,15223.09
SHP_NAG_AQUA_LINE_DIR0,21.148361,79.128794,462,15297.68
SHP_NAG_AQUA_LINE_DIR0,21.148331,79.129634,463,15384.86
SHP_NAG_AQUA_LINE_DIR0,21.148310,79.130395,464,15463.77
SHP_NAG_AQUA_LINE_DIR0,21.148274,79.131111,465,15538.13
SHP_NAG_AQUA_LINE_DIR0,21.148255,79.131485,466,15576.96
SHP_NAG_AQUA_LINE_DIR0,21.148232,79.131931,467,15623.31
SHP_NAG_AQUA_LINE_DIR0,21.148204,79.132477,468,15680.07
SHP_NAG_AQUA_LINE_DIR0,21.148182,79.133134,469,15748.24
SHP_NAG_AQUA_LINE_DIR0,21.148151,79.133683,470,15805.26
SHP_NAG_AQUA_LINE_DIR0,21.148095,79.134662,471,15906.96
SHP_NAG_AQUA_LINE_DIR0,21.148061,79.135599,472,16004.17
SHP_NAG_AQUA_LINE_DIR0,21.148039,79.136291,473,16076.03
SHP_NAG_AQUA_LINE_DIR0,21.148013,79.136942,474,16143.65
SHP_NAG_AQUA_LINE_DIR0,21.147982,79.137828,475,16235.54
SHP_NAG_AQUA_LINE_DIR0,21.147979,79.138134,476,16267.26
SHP_NAG_AQUA_LINE_DIR0,21.147985,79.138758,477,16331.98
SHP_NAG_AQUA_LINE_DIR0,21.147994,79.139687,478,16428.38
SHP_NAG_AQUA_LINE_DIR0,21.148014,79.140806,479,16544.37
SHP_NAG_AQUA_LINE_DIR0,21.148044,79.141961,480,16664.24
SHP_NAG_AQUA_LINE_DIR0,21.148066,79.143072,481,16779.47
SHP_NAG_AQUA_LINE_DIR0,21.148106,79.144270,482,16903.81
SHP_NAG_AQUA_LINE_DIR0,21.148115,79.144835,483,16962.43
SHP_NAG_AQUA_LINE_DIR0,21.148138,79.145126,484,16992.71
SHP_NAG_AQUA_LINE_DIR0,21.148161,79.145314,485,17012.38
SHP_NAG_AQUA_LINE_DIR0,21.148191,79.145484,486,17030.29
SHP_NAG_AQUA_LINE_DIR0,21.148230,79.145652,487,17048.25
SHP_NAG_AQUA_LINE_DIR0,21.148267,79.145783,488,17062.45
SHP_NAG_AQUA_LINE_DIR0,21.148316,79.145938,489,17079.41
SHP_NAG_AQUA_LINE_DIR0,21.148368,79.146081,490,17095.37
SHP_NAG_AQUA_LINE_DIR0,21.148440,79.146261,491,17115.61
SHP_NAG_AQUA_LINE_DIR0,21.148531,79.146472,492,17139.74
SHP_NAG_AQUA_LINE_DIR0,21.148553,79.146518,493,17145.16
SHP_NAG_AQUA_LINE_DIR0,21.148636,79.146670,494,17163.38
SHP_NAG_AQUA_LINE_DIR0,21.148771,79.146895,495,17191.13
SHP_NAG_AQUA_LINE_DIR0,21.148841,79.147004,496,17204.86
SHP_NAG_AQUA_LINE_DIR0,21.149023,79.147271,497,17239.10
SHP_NAG_AQUA_LINE_DIR0,21.149176,79.147493,498,17267.78
SHP_NAG_AQUA_LINE_DIR0,21.149373,79.147790,499,17305.58
SHP_NAG_AQUA_LINE_DIR0,21.149568,79.148065,500,17341.41
SHP_NAG_AQUA_LINE_DIR0,21.149841,79.148415,501,17388.71
SHP_NAG_AQUA_LINE_DIR0,21.150004,79.148609,502,17415.81
SHP_NAG_AQUA_LINE_DIR0,21.150309,79.148950,503,17464.76
SHP_NAG_AQUA_LINE_DIR1,21.150309,79.148950,1,0.00
SHP_NAG_AQUA_LINE_DIR1,21.150004,79.148609,2,48.96
SHP_NAG_AQUA_LINE_DIR1,21.149841,79.148415,3,76.06
SHP_NAG_AQUA_LINE_DIR1,21.149568,79.148065,4,123.36
SHP_NAG_AQUA_LINE_DIR1,21.149373,79.147790,5,159.19
SHP_NAG_AQUA_LINE_DIR1,21.149176,79.147493,6,196.99
SHP_NAG_AQUA_LINE_DIR1,21.149023,79.147271,7,225.66
SHP_NAG_AQUA_LINE_DIR1,21.148841,79.147004,8,259.90
SHP_NAG_AQUA_LINE_DIR1,21.148771,79.146895,9,273.63
SHP_NAG_AQUA_LINE_DIR1,21.148636,79.146670,10,301.38
SHP_NAG_AQUA_LINE_DIR1,21.148553,79.146518,11,319.60
SHP_NAG_AQUA_LINE_DIR1,21.148531,79.146472,12,325.03
SHP_NAG_AQUA_LINE_DIR1,21.148440,79.146261,13,349.15
SHP_NAG_AQUA_LINE_DIR1,21.148368,79.146081,14,369.39
SHP_NAG_AQUA_LINE_DIR1,21.148316,79.145938,15,385.35
SHP_NAG_AQUA_LINE_DIR1,21.148267,79.145783,16,402.32
SHP_NAG_AQUA_LINE_DIR1,21.148230,79.145652,17,416.51
SHP_NAG_AQUA_LINE_DIR1,21.148191,79.145484,18,434.48
SHP_NAG_AQUA_LINE_DIR1,21.148161,79.145314,19,452.38
SHP_NAG_AQUA_LINE_DIR1,21.148138,79.145126,20,472.06
SHP_NAG_AQUA_LINE_DIR1,21.148115,79.144835,21,502.33
SHP_NAG_AQUA_LINE_DIR1,21.148106,79.144270,22,560.95
SHP_NAG_AQUA_LINE_DIR1,21.148066,79.143072,23,685.29
SHP_NAG_AQUA_LINE_DIR1,21.148044,79.141961,24,800.52
SHP_NAG_AQUA_LINE_DIR1,21.148014,79.140806,25,920.39
SHP_NAG_AQUA_LINE_DIR1,21.147994,79.139687,26,1036.39
SHP_NAG_AQUA_LINE_DIR1,21.147985,79.138758,27,1132.78
SHP_NAG_AQUA_LINE_DIR1,21.147979,79.138134,28,1197.50
SHP_NAG_AQUA_LINE_DIR1,21.147982,79.137828,29,1229.23
SHP_NAG_AQUA_LINE_DIR1,21.148013,79.136942,30,1321.11
SHP_NAG_AQUA_LINE_DIR1,21.148039,79.136291,31,1388.73
SHP_NAG_AQUA_LINE_DIR1,21.148061,79.135599,32,1460.59
SHP_NAG_AQUA_LINE_DIR1,21.148095,79.134662,33,1557.80
SHP_NAG_AQUA_LINE_DIR1,21.148151,79.133683,34,1659.50
SHP_NAG_AQUA_LINE_DIR1,21.148182,79.133134,35,1716.52
SHP_NAG_AQUA_LINE_DIR1,21.148204,79.132477,36,1784.70
SHP_NAG_AQUA_LINE_DIR1,21.148232,79.131931,37,1841.45
SHP_NAG_AQUA_LINE_DIR1,21.148255,79.131485,38,1887.80
SHP_NAG_AQUA_LINE_DIR1,21.148274,79.131111,39,1926.63
SHP_NAG_AQUA_LINE_DIR1,21.148310,79.130395,40,2000.99
SHP_NAG_AQUA_LINE_DIR1,21.148331,79.129634,41,2079.90
SHP_NAG_AQUA_LINE_DIR1,21.148361,79.128794,42,2167.08
SHP_NAG_AQUA_LINE_DIR1,21.148386,79.128075,43,2241.67
SHP_NAG_AQUA_LINE_DIR1,21.148409,79.127399,44,2311.91
SHP_NAG_AQUA_LINE_DIR1,21.148429,79.126766,45,2377.54
SHP_NAG_AQUA_LINE_DIR1,21.148459,79.126176,46,2438.80
SHP_NAG_AQUA_LINE_DIR1,21.148485,79.125661,47,2492.28
SHP_NAG_AQUA_LINE_DIR1,21.148507,79.125068,48,2553.90
SHP_NAG_AQUA_LINE_DIR1,21.148535,79.124409,49,2622.27
SHP_NAG_AQUA_LINE_DIR1,21.148560,79.123829,50,2682.50
SHP_NAG_AQUA_LINE_DIR1,21.148579,79.123270,51,2740.50
SHP_NAG_AQUA_LINE_DIR1,21.148602,79.122802,52,2789.06
SHP_NAG_AQUA_LINE_DIR1,21.148623,79.122405,53,2830.36
SHP_NAG_AQUA_LINE_DIR1,21.148654,79.121786,54,2894.62
SHP_NAG_AQUA_LINE_DIR1,21.148726,79.120394,55,3039.25
SHP_NAG_AQUA_LINE_DIR1,21.148742,79.120068,56,3073.11
SHP_NAG_AQUA_LINE_DIR1,21.148778,79.119559,57,3125.99
SHP_NAG_AQUA_LINE_DIR1,21.148799,79.119143,58,3169.24
SHP_NAG_AQUA_LINE_DIR1,21.148836,79.118392,59,3247.15
SHP_NAG_AQUA_LINE_DIR1,21.148839,79.118316,60,3255.13
SHP_NAG_AQUA_LINE_DIR1,21.148863,79.117662,61,3322.93
SHP_NAG_AQUA_LINE_DIR1,21.148881,79.116981,62,3393.64
SHP_NAG_AQUA_LINE_DIR1,21.148911,79.116456,63,3448.16
SHP_NAG_AQUA_LINE_DIR1,21.148963,79.116012,64,3494.60
SHP_NAG_AQUA_LINE_DIR1,21.149023,79.115551,65,3542.84
SHP_NAG_AQUA_LINE_DIR1,21.149087,79.114962,66,3604.30
SHP_NAG_AQUA_LINE_DIR1,21.149141,79.114342,67,3668.94
SHP_NAG_AQUA_LINE_DIR1,21.149163,79.114164,68,3687.50
SHP_NAG_AQUA_LINE_DIR1,21.149199,79.113934,69,3711.73
SHP_NAG_AQUA_LINE_DIR1,21.149232,79.113778,70,3728.27
SHP_NAG_AQUA_LINE_DIR1,21.149294,79.113467,71,3761.26
SHP_NAG_AQUA_LINE_DIR1,21.149400,79.112954,72,3815.78
SHP_NAG_AQUA_LINE_DIR1,21.149430,79.112821,73,3829.96
SHP_NAG_AQUA_LINE_DIR1,21.149519,79.112386,74,3876.13
SHP_NAG_AQUA_LINE_DIR1,21.149577,79.112017,75,3914.93
SHP_NAG_AQUA_LINE_DIR1,21.149603,79.111775,76,3940.23
SHP_NAG_AQUA_LINE_DIR1,21.149611,79.111655,77,3952.70
SHP_NAG_AQUA_LINE_DIR1,21.149648,79.110959,78,4024.97
SHP_NAG_AQUA_LINE_DIR1,21.149654,79.110834,79,4037.99
SHP_NAG_AQUA_LINE_DIR1,21.149669,79.110450,80,4077.82
SHP_NAG_AQUA_LINE_DIR1,21.149684,79.110066,81,4117.65
SHP_NAG_AQUA_LINE_DIR1,21.149695,79.109608,82,4165.18
SHP_NAG_AQUA_LINE_DIR1,21.149705,79.109480,83,4178.53
SHP_NAG_AQUA_LINE_DIR1,21.149718,79.109365,84,4190.49
SHP_NAG_AQUA_LINE_DIR1,21.149760,79.109096,85,4218.83
SHP_NAG_AQUA_LINE_DIR1,21.149776,79.109004,86,4228.51
SHP_NAG_AQUA_LINE_DIR1,21.149826,79.108749,87,4255.57
SHP_NAG_AQUA_LINE_DIR1,21.149857,79.108613,88,4270.09
SHP_NAG_AQUA_LINE_DIR1,21.149899,79.108417,89,4290.95
SHP_NAG_AQUA_LINE_DIR1,21.149980,79.108056,90,4329.43
SHP_NAG_AQUA_LINE_DIR1,21.150088,79.107619,91,4376.28
SHP_NAG_AQUA_LINE_DIR1,21.150135,79.107432,92,4396.42
SHP_NAG_AQUA_LINE_DIR1,21.150326,79.106666,93,4478.66
SHP_NAG_AQUA_LINE_DIR1,21.150450,79.106187,94,4530.19
SHP_NAG_AQUA_LINE_DIR1,21.150486,79.106041,95,4545.86
SHP_NAG_AQUA_LINE_DIR1,21.150605,79.105550,96,4598.48
SHP_NAG_AQUA_LINE_DIR1,21.150717,79.105048,97,4651.95
SHP_NAG_AQUA_LINE_DIR1,21.150845,79.104435,98,4717.16
SHP_NAG_AQUA_LINE_DIR1,21.150976,79.103690,99,4795.69
SHP_NAG_AQUA_LINE_DIR1,21.151017,79.103438,100,4822.29
SHP_NAG_AQUA_LINE_DIR1,21.151082,79.102930,101,4875.44
SHP_NAG_AQUA_LINE_DIR1,21.151146,79.102436,102,4927.13
SHP_NAG_AQUA_LINE_DIR1,21.151223,79.101752,103,4998.66
SHP_NAG_AQUA_LINE_DIR1,21.151241,79.101630,104,5011.45
SHP_NAG_AQUA_LINE_DIR1,21.151289,79.101338,105,5042.14
SHP_NAG_AQUA_LINE_DIR1,21.151340,79.101082,106,5069.30
SHP_NAG_AQUA_LINE_DIR1,21.151409,79.100789,107,5100.62
SHP_NAG_AQUA_LINE_DIR1,21.151451,79.100627,108,5118.11
SHP_NAG_AQUA_LINE_DIR1,21.151681,79.099715,109,5216.09
SHP_NAG_AQUA_LINE_DIR1,21.151811,79.099209,110,5270.50
SHP_NAG_AQUA_LINE_DIR1,21.152024,79.098384,111,5359.30
SHP_NAG_AQUA_LINE_DIR1,21.152099,79.098097,112,5390.12
SHP_NAG_AQUA_LINE_DIR1,21.152172,79.097847,113,5417.30
SHP_NAG_AQUA_LINE_DIR1,21.152189,79.097794,114,5423.11
SHP_NAG_AQUA_LINE_DIR1,21.152340,79.097365,115,5470.71
SHP_NAG_AQUA_LINE_DIR1,21.152431,79.097113,116,5498.72
SHP_NAG_AQUA_LINE_DIR1,21.152511,79.096863,117,5526.14
SHP_NAG_AQUA_LINE_DIR1,21.152570,79.096650,118,5549.21
SHP_NAG_AQUA_LINE_DIR1,21.152631,79.096416,119,5574.38
SHP_NAG_AQUA_LINE_DIR1,21.152773,79.095804,120,5639.74
SHP_NAG_AQUA_LINE_DIR1,21.152945,79.095142,121,5711.07
SHP_NAG_AQUA_LINE_DIR1,21.152975,79.095029,122,5723.28
SHP_NAG_AQUA_LINE_DIR1,21.153131,79.094307,123,5800.11
SHP_NAG_AQUA_LINE_DIR1,21.153180,79.094090,124,5823.29
SHP_NAG_AQUA_LINE_DIR1,21.153309,79.093550,125,5881.08
SHP_NAG_AQUA_LINE_DIR1,21.153338,79.093426,126,5894.33
SHP_NAG_AQUA_LINE_DIR1,21.153371,79.093249,127,5913.04
SHP_NAG_AQUA_LINE_DIR1,21.153377,79.093214,128,5916.75
SHP_NAG_AQUA_LINE_DIR1,21.153397,79.093083,129,5930.49
SHP_NAG_AQUA_LINE_DIR1,21.153409,79.092940,130,5945.41
SHP_NAG_AQUA_LINE_DIR1,21.153421,79.092702,131,5970.07
SHP_NAG_AQUA_LINE_DIR1,21.153430,79.092417,132,5999.62
SHP_NAG_AQUA_LINE_DIR1,21.153436,79.092110,133,6031.49
SHP_NAG_AQUA_LINE_DIR1,21.153436,79.091809,134,6062.73
SHP_NAG_AQUA_LINE_DIR1,21.153431,79.091720,135,6071.92
SHP_NAG_AQUA_LINE_DIR1,21.153422,79.091643,136,6079.99
SHP_NAG_AQUA_LINE_DIR1,21.153404,79.091552,137,6089.65
SHP_NAG_AQUA_LINE_DIR1,21.153385,79.091476,138,6097.79
SHP_NAG_AQUA_LINE_DIR1,21.153354,79.091386,139,6107.79
SHP_NAG_AQUA_LINE_DIR1,21.153329,79.091323,140,6114.93
SHP_NAG_AQUA_LINE_DIR1,21.153278,79.091219,141,6127.05
SHP_NAG_AQUA_LINE_DIR1,21.153232,79.091137,142,6136.97
SHP_NAG_AQUA_LINE_DIR1,21.153150,79.091023,143,6151.87
SHP_NAG_AQUA_LINE_DIR1,21.153115,79.090984,144,6157.51
SHP_NAG_AQUA_LINE_DIR1,21.153026,79.090895,145,6171.08
SHP_NAG_AQUA_LINE_DIR1,21.152952,79.090834,146,6181.47
SHP_NAG_AQUA_LINE_DIR1,21.152867,79.090774,147,6192.75
SHP_NAG_AQUA_LINE_DIR1,21.152808,79.090742,148,6200.10
SHP_NAG_AQUA_LINE_DIR1,21.152763,79.090719,149,6205.63
SHP_NAG_AQUA_LINE_DIR1,21.152696,79.090692,150,6213.61
SHP_NAG_AQUA_LINE_DIR1,21.152628,79.090668,151,6221.57
SHP_NAG_AQUA_LINE_DIR1,21.152491,79.090632,152,6237.26
SHP_NAG_AQUA_LINE_DIR1,21.152371,79.090608,153,6250.87
SHP_NAG_AQUA_LINE_DIR1,21.152080,79.090570,154,6283.37
SHP_NAG_AQUA_LINE_DIR1,21.151767,79.090528,155,6318.54
SHP_NAG_AQUA_LINE_DIR1,21.151486,79.090489,156,6349.96
SHP_NAG_AQUA_LINE_DIR1,21.151206,79.090451,157,6381.39
SHP_NAG_AQUA_LINE_DIR1,21.150890,79.090409,158,6416.77
SHP_NAG_AQUA_LINE_DIR1,21.150540,79.090359,159,6456.09
SHP_NAG_AQUA_LINE_DIR1,21.150339,79.090332,160,6478.54
SHP_NAG_AQUA_LINE_DIR1,21.150103,79.090302,161,6505.05
SHP_NAG_AQUA_LINE_DIR1,21.149914,79.090277,162,6526.22
SHP_NAG_AQUA_LINE_DIR1,21.149578,79.090225,163,6563.90
SHP_NAG_AQUA_LINE_DIR1,21.149224,79.090179,164,6603.61
SHP_NAG_AQUA_LINE_DIR1,21.148923,79.090133,165,6637.36
SHP_NAG_AQUA_LINE_DIR1,21.148656,79.090096,166,6667.31
SHP_NAG_AQUA_LINE_DIR1,21.148342,79.090054,167,6702.46
SHP_NAG_AQUA_LINE_DIR1,21.148057,79.090011,168,6734.55
SHP_NAG_AQUA_LINE_DIR1,21.147746,79.089971,169,6769.31
SHP_NAG_AQUA_LINE_DIR1,21.147522,79.089947,170,6794.37
SHP_NAG_AQUA_LINE_DIR1,21.146149,79.089809,171,6947.72
SHP_NAG_AQUA_LINE_DIR1,21.145775,79.089765,172,6989.52
SHP_NAG_AQUA_LINE_DIR1,21.145443,79.089726,173,7026.70
SHP_NAG_AQUA_LINE_DIR1,21.145296,79.089705,174,7043.21
SHP_NAG_AQUA_LINE_DIR1,21.145219,79.089689,175,7051.89
SHP_NAG_AQUA_LINE_DIR1,21.145133,79.089663,176,7061.89
SHP_NAG_AQUA_LINE_DIR1,21.145120,79.089658,177,7063.37
SHP_NAG_AQUA_LINE_DIR1,21.145023,79.089621,178,7074.82
SHP_NAG_AQUA_LINE_DIR1,21.144917,79.089574,179,7087.54
SHP_NAG_AQUA_LINE_DIR1,21.144891,79.089560,180,7090.75
SHP_NAG_AQUA_LINE_DIR1,21.144825,79.089519,181,7099.26
SHP_NAG_AQUA_LINE_DIR1,21.144738,79.089455,182,7110.99
SHP_NAG_AQUA_LINE_DIR1,21.144661,79.089391,183,7121.82
SHP_NAG_AQUA_LINE_DIR1,21.144555,79.089286,184,7137.90
SHP_NAG_AQUA_LINE_DIR1,21.144374,79.089089,185,7166.54
SHP_NAG_AQUA_LINE_DIR1,21.144051,79.088716,186,7219.35
SHP_NAG_AQUA_LINE_DIR1,21.143705,79.088316,187,7275.98
SHP_NAG_AQUA_LINE_DIR1,21.143397,79.087973,188,7325.34
SHP_NAG_AQUA_LINE_DIR1,21.143221,79.087763,189,7354.57
SHP_NAG_AQUA_LINE_DIR1,21.143168,79.087695,190,7363.79
SHP_NAG_AQUA_LINE_DIR1,21.143103,79.087605,191,7375.57
SHP_NAG_AQUA_LINE_DIR1,21.143044,79.087509,192,7387.51
SHP_NAG_AQUA_LINE_DIR1,21.142987,79.087410,193,7399.57
SHP_NAG_AQUA_LINE_DIR1,21.142957,79.087349,194,7406.70
SHP_NAG_AQUA_LINE_DIR1,21.142917,79.087262,195,7416.84
SHP_NAG_AQUA_LINE_DIR1,21.142893,79.087202,196,7423.55
SHP_NAG_AQUA_LINE_DIR1,21.142855,79.087095,197,7435.40
SHP_NAG_AQUA_LINE_DIR1,21.142719,79.086675,198,7481.58
SHP_NAG_AQUA_LINE_DIR1,21.142549,79.086104,199,7543.74
SHP_NAG_AQUA_LINE_DIR1,21.142352,79.085477,200,7612.27
SHP_NAG_AQUA_LINE_DIR1,21.142189,79.084930,201,7671.91
SHP_NAG_AQUA_LINE_DIR1,21.142006,79.084324,202,7737.91
SHP_NAG_AQUA_LINE_DIR1,21.141992,79.084277,203,7743.09
SHP_NAG_AQUA_LINE_DIR1,21.141816,79.083672,204,7808.75
SHP_NAG_AQUA_LINE_DIR1,21.141611,79.082965,205,7885.52
SHP_NAG_AQUA_LINE_DIR1,21.141606,79.082949,206,7887.36
SHP_NAG_AQUA_LINE_DIR1,21.141485,79.082559,207,7929.99
SHP_NAG_AQUA_LINE_DIR1,21.141436,79.082400,208,7947.27
SHP_NAG_AQUA_LINE_DIR1,21.141410,79.082297,209,7958.36
SHP_NAG_AQUA_LINE_DIR1,21.141390,79.082203,210,7968.43
SHP_NAG_AQUA_LINE_DIR1,21.141380,79.082143,211,7974.67
SHP_NAG_AQUA_LINE_DIR1,21.141359,79.082008,212,7988.85
SHP_NAG_AQUA_LINE_DIR1,21.141358,79.081994,213,7990.35
SHP_NAG_AQUA_LINE_DIR1,21.141345,79.081849,214,8005.41
SHP_NAG_AQUA_LINE_DIR1,21.141339,79.081739,215,8016.85
SHP_NAG_AQUA_LINE_DIR1,21.141314,79.080793,216,8115.03
SHP_NAG_AQUA_LINE_DIR1,21.141297,79.080319,217,8164.25
SHP_NAG_AQUA_LINE_DIR1,21.141274,79.079940,218,8203.62
SHP_NAG_AQUA_LINE_DIR1,21.141262,79.079816,219,8216.52
SHP_NAG_AQUA_LINE_DIR1,21.141232,79.079620,220,8237.15
SHP_NAG_AQUA_LINE_DIR1,21.141214,79.079537,221,8245.95
SHP_NAG_AQUA_LINE_DIR1,21.141157,79.079310,222,8270.30
SHP_NAG_AQUA_LINE_DIR1,21.141082,79.079026,223,8301.03
SHP_NAG_AQUA_LINE_DIR1,21.140957,79.078583,224,8348.98
SHP_NAG_AQUA_LINE_DIR1,21.140905,79.078407,225,8368.18
SHP_NAG_AQUA_LINE_DIR1,21.140803,79.078089,226,8403.03
SHP_NAG_AQUA_LINE_DIR1,21.140734,79.077889,227,8425.14
SHP_NAG_AQUA_LINE_DIR1,21.140558,79.077378,228,8481.62
SHP_NAG_AQUA_LINE_DIR1,21.140314,79.076652,229,8561.68
SHP_NAG_AQUA_LINE_DIR1,21.140199,79.076306,230,8599.70
SHP_NAG_AQUA_LINE_DIR1,21.140137,79.076110,231,8621.16
SHP_NAG_AQUA_LINE_DIR1,21.140068,79.075872,232,8647.05
SHP_NAG_AQUA_LINE_DIR1,21.139993,79.075589,233,8677.61
SHP_NAG_AQUA_LINE_DIR1,21.139962,79.075461,234,8691.26
SHP_NAG_AQUA_LINE_DIR1,21.139817,79.074860,235,8755.66
SHP_NAG_AQUA_LINE_DIR1,21.139771,79.074667,236,8776.36
SHP_NAG_AQUA_LINE_DIR1,21.139683,79.074331,237,8812.52
SHP_NAG_AQUA_LINE_DIR1,21.139557,79.073908,238,8858.55
SHP_NAG_AQUA_LINE_DIR1,21.139365,79.073271,239,8928.04
SHP_NAG_AQUA_LINE_DIR1,21.139124,79.072505,240,9011.80
SHP_NAG_AQUA_LINE_DIR1,21.138930,79.071877,241,9080.45
SHP_NAG_AQUA_LINE_DIR1,21.138805,79.071456,242,9126.26
SHP_NAG_AQUA_LINE_DIR1,21.138693,79.071134,243,9161.89
SHP_NAG_AQUA_LINE_DIR1,21.138484,79.070584,244,9223.52
SHP_NAG_AQUA_LINE_DIR1,21.138349,79.070229,245,9263.27
SHP_NAG_AQUA_LINE_DIR1,21.138214,79.069874,246,9303.02
SHP_NAG_AQUA_LINE_DIR1,21.138119,79.069617,247,9331.71
SHP_NAG_AQUA_LINE_DIR1,21.137994,79.069260,248,9371.24
SHP_NAG_AQUA_LINE_DIR1,21.137949,79.069116,249,9387.03
SHP_NAG_AQUA_LINE_DIR1,21.137748,79.068429,250,9461.71
SHP_NAG_AQUA_LINE_DIR1,21.137384,79.067232,251,9592.26
SHP_NAG_AQUA_LINE_DIR1,21.137150,79.066471,252,9675.38
SHP_NAG_AQUA_LINE_DIR1,21.136973,79.065876,253,9740.15
SHP_NAG_AQUA_LINE_DIR1,21.136861,79.065468,254,9784.25
SHP_NAG_AQUA_LINE_DIR1,21.136820,79.065290,255,9803.22
SHP_NAG_AQUA_LINE_DIR1,21.136786,79.065121,256,9821.17
SHP_NAG_AQUA_LINE_DIR1,21.136734,79.064842,257,9850.72
SHP_NAG_AQUA_LINE_DIR1,21.136644,79.064297,258,9908.06
SHP_NAG_AQUA_LINE_DIR1,21.136626,79.064184,259,9919.97
SHP_NAG_AQUA_LINE_DIR1,21.136423,79.062895,260,10055.55
SHP_NAG_AQUA_LINE_DIR1,21.136419,79.062865,261,10058.70
SHP_NAG_AQUA_LINE_DIR1,21.136350,79.062466,262,10100.77
SHP_NAG_AQUA_LINE_DIR1,21.136277,79.062057,263,10143.93
SHP_NAG_AQUA_LINE_DIR1,21.136197,79.061659,264,10186.22
SHP_NAG_AQUA_LINE_DIR1,21.136108,79.061282,265,10226.49
SHP_NAG_AQUA_LINE_DIR1,21.136063,79.061106,266,10245.47
SHP_NAG_AQUA_LINE_DIR1,21.135965,79.060767,267,10282.29
SHP_NAG_AQUA_LINE_DIR1,21.135884,79.060516,268,10309.77
SHP_NAG_AQUA_LINE_DIR1,21.135786,79.060232,269,10341.22
SHP_NAG_AQUA_LINE_DIR1,21.135713,79.060035,270,10363.18
SHP_NAG_AQUA_LINE_DIR1,21.135586,79.059726,271,10398.25
SHP_NAG_AQUA_LINE_DIR1,21.135574,79.059698,272,10401.45
SHP_NAG_AQUA_LINE_DIR1,21.135386,79.059257,273,10451.69
SHP_NAG_AQUA_LINE_DIR1,21.135318,79.059115,274,10468.29
SHP_NAG_AQUA_LINE_DIR1,21.135181,79.058842,275,10500.37
SHP_NAG_AQUA_LINE_DIR1,21.135097,79.058685,276,10519.17
SHP_NAG_AQUA_LINE_DIR1,21.135002,79.058515,277,10539.79
SHP_NAG_AQUA_LINE_DIR1,21.134872,79.058282,278,10567.89
SHP_NAG_AQUA_LINE_DIR1,21.134657,79.057897,279,10614.46
SHP_NAG_AQUA_LINE_DIR1,21.134288,79.057239,280,10694.04
SHP_NAG_AQUA_LINE_DIR1,21.133910,79.056562,281,10775.90
SHP_NAG_AQUA_LINE_DIR1,21.133624,79.056052,282,10837.58
SHP_NAG_AQUA_LINE_DIR1,21.133349,79.055574,283,10895.89
SHP_NAG_AQUA_LINE_DIR1,21.133021,79.054963,284,10969.05
SHP_NAG_AQUA_LINE_DIR1,21.132953,79.054849,285,10983.05
SHP_NAG_AQUA_LINE_DIR1,21.132650,79.054338,286,11045.79
SHP_NAG_AQUA_LINE_DIR1,21.132374,79.053845,287,11105.51
SHP_NAG_AQUA_LINE_DIR1,21.132122,79.053407,288,11158.83
SHP_NAG_AQUA_LINE_DIR1,21.131896,79.053004,289,11207.59
SHP_NAG_AQUA_LINE_DIR1,21.131721,79.052702,290,11244.51
SHP_NAG_AQUA_LINE_DIR1,21.131607,79.052498,291,11269.16
SHP_NAG_AQUA_LINE_DIR1,21.131536,79.052359,292,11285.55
SHP_NAG_AQUA_LINE_DIR1,21.131450,79.052181,293,11306.38
SHP_NAG_AQUA_LINE_DIR1,21.131427,79.052125,294,11312.79
SHP_NAG_AQUA_LINE_DIR1,21.131364,79.051961,295,11331.08
SHP_NAG_AQUA_LINE_DIR1,21.131325,79.051837,296,11344.76
SHP_NAG_AQUA_LINE_DIR1,21.131282,79.051682,297,11361.52
SHP_NAG_AQUA_LINE_DIR1,21.131157,79.051202,298,11413.14
SHP_NAG_AQUA_LINE_DIR1,21.131062,79.050828,299,11453.38
SHP_NAG_AQUA_LINE_DIR1,21.130798,79.049769,300,11567.01
SHP_NAG_AQUA_LINE_DIR1,21.130743,79.049519,301,11593.65
SHP_NAG_AQUA_LINE_DIR1,21.130726,79.049416,302,11604.57
SHP_NAG_AQUA_LINE_DIR1,21.130715,79.049324,303,11614.19
SHP_NAG_AQUA_LINE_DIR1,21.130704,79.049201,304,11626.96
SHP_NAG_AQUA_LINE_DIR1,21.130702,79.049156,305,11631.67
SHP_NAG_AQUA_LINE_DIR1,21.130700,79.049034,306,11644.36
SHP_NAG_AQUA_LINE_DIR1,21.130707,79.048867,307,11661.67
SHP_NAG_AQUA_LINE_DIR1,21.130718,79.048765,308,11672.31
SHP_NAG_AQUA_LINE_DIR1,21.130742,79.048592,309,11690.42
SHP_NAG_AQUA_LINE_DIR1,21.130765,79.048483,310,11702.01
SHP_NAG_AQUA_LINE_DIR1,21.130826,79.048256,311,11726.51
SHP_NAG_AQUA_LINE_DIR1,21.130917,79.047894,312,11765.46
SHP_NAG_AQUA_LINE_DIR1,21.130988,79.047556,313,11801.40
SHP_NAG_AQUA_LINE_DIR1,21.130998,79.047500,314,11807.29
SHP_NAG_AQUA_LINE_DIR1,21.131006,79.047440,315,11813.50
SHP_NAG_AQUA_LINE_DIR1,21.131012,79.047343,316,11823.68
SHP_NAG_AQUA_LINE_DIR1,21.131013,79.047284,317,11829.71
SHP_NAG_AQUA_LINE_DIR1,21.131012,79.047244,318,11833.94
SHP_NAG_AQUA_LINE_DIR1,21.131003,79.047146,319,11844.16
SHP_NAG_AQUA_LINE_DIR1,21.130995,79.047094,320,11849.55
SHP_NAG_AQUA_LINE_DIR1,21.130981,79.047020,321,11857.47
SHP_NAG_AQUA_LINE_DIR1,21.130970,79.046976,322,11862.17
SHP_NAG_AQUA_LINE_DIR1,21.130956,79.046927,323,11867.45
SHP_NAG_AQUA_LINE_DIR1,21.130923,79.046837,324,11877.46
SHP_NAG_AQUA_LINE_DIR1,21.130887,79.046757,325,11886.72
SHP_NAG_AQUA_LINE_DIR1,21.130839,79.046671,326,11897.07
SHP_NAG_AQUA_LINE_DIR1,21.130788,79.046592,327,11907.12
SHP_NAG_AQUA_LINE_DIR1,21.130744,79.046532,328,11914.98
SHP_NAG_AQUA_LINE_DIR1,21.130700,79.046480,329,11922.25
SHP_NAG_AQUA_LINE_DIR1,21.130633,79.046411,330,11932.59
SHP_NAG_AQUA_LINE_DIR1,21.130574,79.046359,331,11941.08
SHP_NAG_AQUA_LINE_DIR1,21.130518,79.046313,332,11948.95
SHP_NAG_AQUA_LINE_DIR1,21.130476,79.046284,333,11954.53
SHP_NAG_AQUA_LINE_DIR1,21.130425,79.046251,334,11961.14
SHP_NAG_AQUA_LINE_DIR1,21.130295,79.046192,335,11976.83
SHP_NAG_AQUA_LINE_DIR1,21.130208,79.046157,336,11987.14
SHP_NAG_AQUA_LINE_DIR1,21.130107,79.046124,337,11998.83
SHP_NAG_AQUA_LINE_DIR1,21.129953,79.046088,338,12016.39
SHP_NAG_AQUA_LINE_DIR1,21.129587,79.046000,339,12058.12
SHP_NAG_AQUA_LINE_DIR1,21.129224,79.045920,340,12099.30
SHP_NAG_AQUA_LINE_DIR1,21.128800,79.045828,341,12147.38
SHP_NAG_AQUA_LINE_DIR1,21.128698,79.045804,342,12159.04
SHP_NAG_AQUA_LINE_DIR1,21.127965,79.045624,343,12242.69
SHP_NAG_AQUA_LINE_DIR1,21.127742,79.045575,344,12267.95
SHP_NAG_AQUA_LINE_DIR1,21.127240,79.045456,345,12325.18
SHP_NAG_AQUA_LINE_DIR1,21.126953,79.045394,346,12357.69
SHP_NAG_AQUA_LINE_DIR1,21.126617,79.045314,347,12395.96
SHP_NAG_AQUA_LINE_DIR1,21.126368,79.045255,348,12424.37
SHP_NAG_AQUA_LINE_DIR1,21.126099,79.045197,349,12454.85
SHP_NAG_AQUA_LINE_DIR1,21.125734,79.045114,350,12496.30
SHP_NAG_AQUA_LINE_DIR1,21.125389,79.045034,351,12535.59
SHP_NAG_AQUA_LINE_DIR1,21.125090,79.044951,352,12569.95
SHP_NAG_AQUA_LINE_DIR1,21.124922,79.044895,353,12589.46
SHP_NAG_AQUA_LINE_DIR1,21.124825,79.044855,354,12601.03
SHP_NAG_AQUA_LINE_DIR1,21.124753,79.044821,355,12609.75
SHP_NAG_AQUA_LINE_DIR1,21.124654,79.044767,356,12622.06
SHP_NAG_AQUA_LINE_DIR1,21.124566,79.044715,357,12633.27
SHP_NAG_AQUA_LINE_DIR1,21.124482,79.044658,358,12644.34
SHP_NAG_AQUA_LINE_DIR1,21.124345,79.044558,359,12662.75
SHP_NAG_AQUA_LINE_DIR1,21.124236,79.044468,360,12678.12
SHP_NAG_AQUA_LINE_DIR1,21.124158,79.044397,361,12689.40
SHP_NAG_AQUA_LINE_DIR1,21.123884,79.044164,362,12728.31
SHP_NAG_AQUA_LINE_DIR1,21.123746,79.044041,363,12748.30
SHP_NAG_AQUA_LINE_DIR1,21.123607,79.043890,364,12770.30
SHP_NAG_AQUA_LINE_DIR1,21.123566,79.043843,365,12776.93
SHP_NAG_AQUA_LINE_DIR1,21.123547,79.043818,366,12780.38
SHP_NAG_AQUA_LINE_DIR1,21.123512,79.043768,367,12786.77
SHP_NAG_AQUA_LINE_DIR1,21.123466,79.043698,368,12795.67
SHP_NAG_AQUA_LINE_DIR1,21.123430,79.043633,369,12803.48
SHP_NAG_AQUA_LINE_DIR1,21.123402,79.043577,370,12810.11
SHP_NAG_AQUA_LINE_DIR1,21.123377,79.043516,371,12817.04
SHP_NAG_AQUA_LINE_DIR1,21.123358,79.043463,372,12822.89
SHP_NAG_AQUA_LINE_DIR1,21.123341,79.043403,373,12829.44
SHP_NAG_AQUA_LINE_DIR1,21.123333,79.043369,374,12833.11
SHP_NAG_AQUA_LINE_DIR1,21.123322,79.043309,375,12839.35
SHP_NAG_AQUA_LINE_DIR1,21.123314,79.043268,376,12843.77
SHP_NAG_AQUA_LINE_DIR1,21.123307,79.043221,377,12848.63
SHP_NAG_AQUA_LINE_DIR1,21.123298,79.043151,378,12856.03
SHP_NAG_AQUA_LINE_DIR1,21.123295,79.043121,379,12859.11
SHP_NAG_AQUA_LINE_DIR1,21.123294,79.043081,380,12863.33
SHP_NAG_AQUA_LINE_DIR1,21.123293,79.042911,381,12880.91
SHP_NAG_AQUA_LINE_DIR1,21.123305,79.042533,382,12920.13
SHP_NAG_AQUA_LINE_DIR1,21.123325,79.042101,383,12965.03
SHP_NAG_AQUA_LINE_DIR1,21.123346,79.041669,384,13009.93
SHP_NAG_AQUA_LINE_DIR1,21.123367,79.040764,385,13103.83
SHP_NAG_AQUA_LINE_DIR1,21.123375,79.040350,386,13146.73
SHP_NAG_AQUA_LINE_DIR1,21.123376,79.040129,387,13169.70
SHP_NAG_AQUA_LINE_DIR1,21.123368,79.039946,388,13188.69
SHP_NAG_AQUA_LINE_DIR1,21.123357,79.039775,389,13206.47
SHP_NAG_AQUA_LINE_DIR1,21.123344,79.039657,390,13218.75
SHP_NAG_AQUA_LINE_DIR1,21.123333,79.039565,391,13228.39
SHP_NAG_AQUA_LINE_DIR1,21.123307,79.039396,392,13246.11
SHP_NAG_AQUA_LINE_DIR1,21.123273,79.039200,393,13266.82
SHP_NAG_AQUA_LINE_DIR1,21.123159,79.038526,394,13337.86
SHP_NAG_AQUA_LINE_DIR1,21.123023,79.037746,395,13420.16
SHP_NAG_AQUA_LINE_DIR1,21.122828,79.036626,396,13538.39
SHP_NAG_AQUA_LINE_DIR1,21.122717,79.036028,397,13601.64
SHP_NAG_AQUA_LINE_DIR1,21.122401,79.034283,398,13786.03
SHP_NAG_AQUA_LINE_DIR1,21.122365,79.034071,399,13808.33
SHP_NAG_AQUA_LINE_DIR1,21.122263,79.033485,400,13870.20
SHP_NAG_AQUA_LINE_DIR1,21.122162,79.032958,401,13926.01
SHP_NAG_AQUA_LINE_DIR1,21.122096,79.032612,402,13962.61
SHP_NAG_AQUA_LINE_DIR1,21.122004,79.032080,403,14018.77
SHP_NAG_AQUA_LINE_DIR1,21.121941,79.031736,404,14055.07
SHP_NAG_AQUA_LINE_DIR1,21.121880,79.031380,405,14092.66
SHP_NAG_AQUA_LINE_DIR1,21.121771,79.030771,406,14156.98
SHP_NAG_AQUA_LINE_DIR1,21.121654,79.030107,407,14227.03
SHP_NAG_AQUA_LINE_DIR1,21.121535,79.029426,408,14298.93
SHP_NAG_AQUA_LINE_DIR1,21.121526,79.029381,409,14303.71
SHP_NAG_AQUA_LINE_DIR1,21.121409,79.028830,410,14362.25
SHP_NAG_AQUA_LINE_DIR1,21.121289,79.028187,411,14430.30
SHP_NAG_AQUA_LINE_DIR1,21.121171,79.027604,412,14492.16
SHP_NAG_AQUA_LINE_DIR1,21.121053,79.026975,413,14558.72
SHP_NAG_AQUA_LINE_DIR1,21.120974,79.026531,414,14605.59
SHP_NAG_AQUA_LINE_DIR1,21.120892,79.026106,415,14650.63
SHP_NAG_AQUA_LINE_DIR1,21.120791,79.025540,416,14710.35
SHP_NAG_AQUA_LINE_DIR1,21.120702,79.025062,417,14761.01
SHP_NAG_AQUA_LINE_DIR1,21.120639,79.024711,418,14798.09
SHP_NAG_AQUA_LINE_DIR1,21.120580,79.024371,419,14833.95
SHP_NAG_AQUA_LINE_DIR1,21.120501,79.023942,420,14879.30
SHP_NAG_AQUA_LINE_DIR1,21.120443,79.023622,421,14913.14
SHP_NAG_AQUA_LINE_DIR1,21.120410,79.023441,422,14932.23
SHP_NAG_AQUA_LINE_DIR1,21.120364,79.023222,423,14955.53
SHP_NAG_AQUA_LINE_DIR1,21.120315,79.023016,424,14977.52
SHP_NAG_AQUA_LINE_DIR1,21.120256,79.022829,425,14998.04
SHP_NAG_AQUA_LINE_DIR1,21.120200,79.022665,426,15016.16
SHP_NAG_AQUA_LINE_DIR1,21.120094,79.022406,427,15045.53
SHP_NAG_AQUA_LINE_DIR1,21.119615,79.021432,428,15159.72
SHP_NAG_AQUA_LINE_DIR1,21.119063,79.020250,429,15296.76
SHP_NAG_AQUA_LINE_DIR1,21.119053,79.020228,430,15299.34
SHP_NAG_AQUA_LINE_DIR1,21.118798,79.019680,431,15362.83
SHP_NAG_AQUA_LINE_DIR1,21.118599,79.019243,432,15413.29
SHP_NAG_AQUA_LINE_DIR1,21.118586,79.019216,433,15416.42
SHP_NAG_AQUA_LINE_DIR1,21.118002,79.017924,434,15565.36
SHP_NAG_AQUA_LINE_DIR1,21.117890,79.017679,435,15593.64
SHP_NAG_AQUA_LINE_DIR1,21.117809,79.017493,436,15614.93
SHP_NAG_AQUA_LINE_DIR1,21.117767,79.017387,437,15626.89
SHP_NAG_AQUA_LINE_DIR1,21.117754,79.017349,438,15631.07
SHP_NAG_AQUA_LINE_DIR1,21.117721,79.017247,439,15642.28
SHP_NAG_AQUA_LINE_DIR1,21.117709,79.017204,440,15646.98
SHP_NAG_AQUA_LINE_DIR1,21.117688,79.017113,441,15656.68
SHP_NAG_AQUA_LINE_DIR1,21.117671,79.017012,442,15667.38
SHP_NAG_AQUA_LINE_DIR1,21.117664,79.016939,443,15674.91
SHP_NAG_AQUA_LINE_DIR1,21.117657,79.016824,444,15686.89
SHP_NAG_AQUA_LINE_DIR1,21.117655,79.016708,445,15698.98
SHP_NAG_AQUA_LINE_DIR1,21.117657,79.016630,446,15707.06
SHP_NAG_AQUA_LINE_DIR1,21.117665,79.016492,447,15721.36
SHP_NAG_AQUA_LINE_DIR1,21.117672,79.016404,448,15730.52
SHP_NAG_AQUA_LINE_DIR1,21.117706,79.015709,449,15802.76
SHP_NAG_AQUA_LINE_DIR1,21.117720,79.015369,450,15838.02
SHP_NAG_AQUA_LINE_DIR1,21.117722,79.015251,451,15850.30
SHP_NAG_AQUA_LINE_DIR1,21.117721,79.015199,452,15855.66
SHP_NAG_AQUA_LINE_DIR1,21.117719,79.015162,453,15859.53
SHP_NAG_AQUA_LINE_DIR1,21.117711,79.015092,454,15866.83
SHP_NAG_AQUA_LINE_DIR1,21.117704,79.015036,455,15872.68
SHP_NAG_AQUA_LINE_DIR1,21.117689,79.014956,456,15881.10
SHP_NAG_AQUA_LINE_DIR1,21.117677,79.014902,457,15886.91
SHP_NAG_AQUA_LINE_DIR1,21.117660,79.014842,458,15893.45
SHP_NAG_AQUA_LINE_DIR1,21.117640,79.014787,459,15899.55
SHP_NAG_AQUA_LINE_DIR1,21.117611,79.014715,460,15907.63
SHP_NAG_AQUA_LINE_DIR1,21.117581,79.014651,461,15915.09
SHP_NAG_AQUA_LINE_DIR1,21.117557,79.014604,462,15920.72
SHP_NAG_AQUA_LINE_DIR1,21.117531,79.014561,463,15925.95
SHP_NAG_AQUA_LINE_DIR1,21.117489,79.014495,464,15934.23
SHP_NAG_AQUA_LINE_DIR1,21.117467,79.014462,465,15938.50
SHP_NAG_AQUA_LINE_DIR1,21.117444,79.014427,466,15942.87
SHP_NAG_AQUA_LINE_DIR1,21.117067,79.013903,467,16011.55
SHP_NAG_AQUA_LINE_DIR1,21.116795,79.013534,468,16060.31
SHP_NAG_AQUA_LINE_DIR1,21.116518,79.013158,469,16110.01
SHP_NAG_AQUA_LINE_DIR1,21.116377,79.012977,470,16134.49
SHP_NAG_AQUA_LINE_DIR1,21.116089,79.012586,471,16186.16
SHP_NAG_AQUA_LINE_DIR1,21.115682,79.012031,472,16259.41
SHP_NAG_AQUA_LINE_DIR1,21.115584,79.011898,473,16276.99
SHP_NAG_AQUA_LINE_DIR1,21.115292,79.011504,474,16329.17
SHP_NAG_AQUA_LINE_DIR1,21.115173,79.011341,475,16350.62
SHP_NAG_AQUA_LINE_DIR1,21.115037,79.011149,476,16375.68
SHP_NAG_AQUA_LINE_DIR1,21.114915,79.010964,477,16399.22
SHP_NAG_AQUA_LINE_DIR1,21.114883,79.010912,478,16405.64
SHP_NAG_AQUA_LINE_DIR1,21.114822,79.010805,479,16418.57
SHP_NAG_AQUA_LINE_DIR1,21.114731,79.010635,480,16438.92
SHP_NAG_AQUA_LINE_DIR1,21.114659,79.010487,481,16456.31
SHP_NAG_AQUA_LINE_DIR1,21.114533,79.010207,482,16488.55
SHP_NAG_AQUA_LINE_DIR1,21.114317,79.009705,483,16545.85
SHP_NAG_AQUA_LINE_DIR1,21.114081,79.009162,484,16608.05
SHP_NAG_AQUA_LINE_DIR1,21.113863,79.008670,485,16664.55
SHP_NAG_AQUA_LINE_DIR1,21.113663,79.008214,486,16716.76
SHP_NAG_AQUA_LINE_DIR1,21.113379,79.007550,487,16792.54
SHP_NAG_AQUA_LINE_DIR1,21.113176,79.007089,488,16845.38
SHP_NAG_AQUA_LINE_DIR1,21.112863,79.006353,489,16929.27
SHP_NAG_AQUA_LINE_DIR1,21.112571,79.005691,490,17005.29
SHP_NAG_AQUA_LINE_DIR1,21.112435,79.005385,491,17040.44
SHP_NAG_AQUA_LINE_DIR1,21.112322,79.005109,492,17071.72
SHP_NAG_AQUA_LINE_DIR1,21.112146,79.004724,493,17116.15
SHP_NAG_AQUA_LINE_DIR1,21.112023,79.004441,494,17148.60
SHP_NAG_AQUA_LINE_DIR1,21.111864,79.004069,495,17191.02
SHP_NAG_AQUA_LINE_DIR1,21.111707,79.003711,496,17232.05
SHP_NAG_AQUA_LINE_DIR1,21.111522,79.003292,497,17280.15
SHP_NAG_AQUA_LINE_DIR1,21.111381,79.002960,498,17317.95
SHP_NAG_AQUA_LINE_DIR1,21.111231,79.002636,499,17355.52
SHP_NAG_AQUA_LINE_DIR1,21.111112,79.002388,500,17384.42
SHP_NAG_AQUA_LINE_DIR1,21.111038,79.002252,501,17400.79
SHP_NAG_AQUA_LINE_DIR1,21.110999,79.002189,502,17408.59
SHP_NAG_AQUA_LINE_DIR1,21.110721,79.001737,503,17464.76
SHP_NAG_ORANGE_LINE_DIR0,21.049334,79.047828,1,0.00
SHP_NAG_ORANGE_LINE_DIR0,21.049643,79.047971,2,37.46
SHP_NAG_ORANGE_LINE_DIR0,21.050194,79.048207,3,103.51
SHP_NAG_ORANGE_LINE_DIR0,21.050524,79.048365,4,143.59
SHP_NAG_ORANGE_LINE_DIR0,21.050749,79.048466,5,170.76
SHP_NAG_ORANGE_LINE_DIR0,21.050780,79.048480,6,174.52
SHP_NAG_ORANGE_LINE_DIR0,21.050885,79.048529,7,187.23
SHP_NAG_ORANGE_LINE_DIR0,21.050929,79.048551,8,192.67
SHP_NAG_ORANGE_LINE_DIR0,21.050967,79.048571,9,197.35
SHP_NAG_ORANGE_LINE_DIR0,21.051064,79.048630,10,209.80
SHP_NAG_ORANGE_LINE_DIR0,21.051135,79.048676,11,218.99
SHP_NAG_ORANGE_LINE_DIR0,21.051353,79.048819,12,247.37
SHP_NAG_ORANGE_LINE_DIR0,21.051742,79.049093,13,299.18
SHP_NAG_ORANGE_LINE_DIR0,21.052055,79.049300,14,340.02
SHP_NAG_ORANGE_LINE_DIR0,21.052240,79.049410,15,363.60
SHP_NAG_ORANGE_LINE_DIR0,21.052598,79.049593,16,407.72
SHP_NAG_ORANGE_LINE_DIR0,21.052978,79.049775,17,453.97
SHP_NAG_ORANGE_LINE_DIR0,21.053533,79.050034,18,521.33
SHP_NAG_ORANGE_LINE_DIR0,21.053892,79.050205,19,565.03
SHP_NAG_ORANGE_LINE_DIR0,21.054499,79.050503,20,639.23
SHP_NAG_ORANGE_LINE_DIR0,21.054681,79.050601,21,661.84
SHP_NAG_ORANGE_LINE_DIR0,21.055009,79.050773,22,702.48
SHP_NAG_ORANGE_LINE_DIR0,21.055313,79.050936,23,740.34
SHP_NAG_ORANGE_LINE_DIR0,21.055650,79.051115,24,782.16
SHP_NAG_ORANGE_LINE_DIR0,21.055941,79.051270,25,818.23
SHP_NAG_ORANGE_LINE_DIR0,21.056134,79.051367,26,841.94
SHP_NAG_ORANGE_LINE_DIR0,21.056316,79.051454,27,864.09
SHP_NAG_ORANGE_LINE_DIR0,21.056526,79.051552,28,889.59
SHP_NAG_ORANGE_LINE_DIR0,21.056686,79.051625,29,908.89
SHP_NAG_ORANGE_LINE_DIR0,21.056867,79.051709,30,930.84
SHP_NAG_ORANGE_LINE_DIR0,21.057234,79.051876,31,975.15
SHP_NAG_ORANGE_LINE_DIR0,21.057596,79.052037,32,1018.73
SHP_NAG_ORANGE_LINE_DIR0,21.057759,79.052110,33,1038.38
SHP_NAG_ORANGE_LINE_DIR0,21.058064,79.052252,34,1075.36
SHP_NAG_ORANGE_LINE_DIR0,21.058486,79.052447,35,1126.49
SHP_NAG_ORANGE_LINE_DIR0,21.058878,79.052625,36,1173.82
SHP_NAG_ORANGE_LINE_DIR0,21.059203,79.052772,37,1213.09
SHP_NAG_ORANGE_LINE_DIR0,21.059529,79.052918,38,1252.34
SHP_NAG_ORANGE_LINE_DIR0,21.059936,79.053104,39,1301.57
SHP_NAG_ORANGE_LINE_DIR0,21.060358,79.053296,40,1352.51
SHP_NAG_ORANGE_LINE_DIR0,21.060645,79.053424,41,1387.11
SHP_NAG_ORANGE_LINE_DIR0,21.061107,79.053624,42,1442.53
SHP_NAG_ORANGE_LINE_DIR0,21.061620,79.053861,43,1504.62
SHP_NAG_ORANGE_LINE_DIR0,21.062347,79.054174,44,1591.75
SHP_NAG_ORANGE_LINE_DIR0,21.062840,79.054378,45,1650.48
SHP_NAG_ORANGE_LINE_DIR0,21.063850,79.054819,46,1771.72
SHP_NAG_ORANGE_LINE_DIR0,21.064642,79.055165,47,1866.90
SHP_NAG_ORANGE_LINE_DIR0,21.065286,79.055463,48,1944.84
SHP_NAG_ORANGE_LINE_DIR0,21.065382,79.055511,49,1956.62
SHP_NAG_ORANGE_LINE_DIR0,21.066070,79.055837,50,2040.29
SHP_NAG_ORANGE_LINE_DIR0,21.066144,79.055870,51,2049.21
SHP_NAG_ORANGE_LINE_DIR0,21.066371,79.055972,52,2076.60
SHP_NAG_ORANGE_LINE_DIR0,21.066644,79.056113,53,2110.29
SHP_NAG_ORANGE_LINE_DIR0,21.067367,79.056460,54,2198.41
SHP_NAG_ORANGE_LINE_DIR0,21.067633,79.056581,55,2230.53
SHP_NAG_ORANGE_LINE_DIR0,21.068949,79.057114,56,2386.96
SHP_NAG_ORANGE_LINE_DIR0,21.069025,79.057145,57,2395.96
SHP_NAG_ORANGE_LINE_DIR0,21.069300,79.057264,58,2428.96
SHP_NAG_ORANGE_LINE_DIR0,21.069631,79.057403,59,2468.47
SHP_NAG_ORANGE_LINE_DIR0,21.070171,79.057618,60,2532.54
SHP_NAG_ORANGE_LINE_DIR0,21.070821,79.057906,61,2610.70
SHP_NAG_ORANGE_LINE_DIR0,21.071333,79.058161,62,2673.53
SHP_NAG_ORANGE_LINE_DIR0,21.071378,79.058185,63,2679.08
SHP_NAG_ORANGE_LINE_DIR0,21.071709,79.058349,64,2719.65
SHP_NAG_ORANGE_LINE_DIR0,21.071789,79.058393,65,2729.65
SHP_NAG_ORANGE_LINE_DIR0,21.072413,79.058715,66,2806.72
SHP_NAG_ORANGE_LINE_DIR0,21.072684,79.058846,67,2839.78
SHP_NAG_ORANGE_LINE_DIR0,21.072886,79.058930,68,2863.82
SHP_NAG_ORANGE_LINE_DIR0,21.073111,79.059010,69,2890.24
SHP_NAG_ORANGE_LINE_DIR0,21.073272,79.059056,70,2908.71
SHP_NAG_ORANGE_LINE_DIR0,21.073376,79.059081,71,2920.51
SHP_NAG_ORANGE_LINE_DIR0,21.073575,79.059119,72,2943.00
SHP_NAG_ORANGE_LINE_DIR0,21.074260,79.059243,73,3020.30
SHP_NAG_ORANGE_LINE_DIR0,21.074381,79.059264,74,3033.96
SHP_NAG_ORANGE_LINE_DIR0,21.075401,79.059425,75,3148.59
SHP_NAG_ORANGE_LINE_DIR0,21.075955,79.059511,76,3210.83
SHP_NAG_ORANGE_LINE_DIR0,21.076613,79.059613,77,3284.76
SHP_NAG_ORANGE_LINE_DIR0,21.076919,79.059667,78,3319.25
SHP_NAG_ORANGE_LINE_DIR0,21.077065,79.059698,79,3335.79
SHP_NAG_ORANGE_LINE_DIR0,21.077382,79.059788,80,3372.19
SHP_NAG_ORANGE_LINE_DIR0,21.077511,79.059833,81,3387.32
SHP_NAG_ORANGE_LINE_DIR0,21.077870,79.059971,82,3429.70
SHP_NAG_ORANGE_LINE_DIR0,21.078157,79.060098,83,3464.22
SHP_NAG_ORANGE_LINE_DIR0,21.078639,79.060318,84,3522.56
SHP_NAG_ORANGE_LINE_DIR0,21.078798,79.060390,85,3541.71
SHP_NAG_ORANGE_LINE_DIR0,21.079127,79.060544,86,3581.69
SHP_NAG_ORANGE_LINE_DIR0,21.079527,79.060732,87,3630.13
SHP_NAG_ORANGE_LINE_DIR0,21.079918,79.060930,88,3678.29
SHP_NAG_ORANGE_LINE_DIR0,21.080393,79.061156,89,3736.02
SHP_NAG_ORANGE_LINE_DIR0,21.080906,79.061399,90,3798.37
SHP_NAG_ORANGE_LINE_DIR0,21.081087,79.061480,91,3820.29
SHP_NAG_ORANGE_LINE_DIR0,21.081598,79.061724,92,3882.41
SHP_NAG_ORANGE_LINE_DIR0,21.081652,79.061752,93,3889.15
SHP_NAG_ORANGE_LINE_DIR0,21.081848,79.061841,94,3912.81
SHP_NAG_ORANGE_LINE_DIR0,21.081931,79.061883,95,3922.97
SHP_NAG_ORANGE_LINE_DIR0,21.082007,79.061925,96,3932.45
SHP_NAG_ORANGE_LINE_DIR0,21.082079,79.061971,97,3941.81
SHP_NAG_ORANGE_LINE_DIR0,21.082156,79.062021,98,3951.81
SHP_NAG_ORANGE_LINE_DIR0,21.082217,79.062065,99,3959.94
SHP_NAG_ORANGE_LINE_DIR0,21.082263,79.062100,100,3966.29
SHP_NAG_ORANGE_LINE_DIR0,21.082349,79.062173,101,3978.48
SHP_NAG_ORANGE_LINE_DIR0,21.082391,79.062208,102,3984.40
SHP_NAG_ORANGE_LINE_DIR0,21.082447,79.062260,103,3992.65
SHP_NAG_ORANGE_LINE_DIR0,21.082528,79.062338,104,4004.73
SHP_NAG_ORANGE_LINE_DIR0,21.082672,79.062486,105,4026.94
SHP_NAG_ORANGE_LINE_DIR0,21.082881,79.062705,106,4059.41
SHP_NAG_ORANGE_LINE_DIR0,21.082961,79.062783,107,4071.45
SHP_NAG_ORANGE_LINE_DIR0,21.083082,79.062882,108,4088.35
SHP_NAG_ORANGE_LINE_DIR0,21.083142,79.062927,109,4096.50
SHP_NAG_ORANGE_LINE_DIR0,21.083210,79.062974,110,4105.47
SHP_NAG_ORANGE_LINE_DIR0,21.083330,79.063045,111,4120.81
SHP_NAG_ORANGE_LINE_DIR0,21.083413,79.063091,112,4131.11
SHP_NAG_ORANGE_LINE_DIR0,21.083489,79.063125,113,4140.29
SHP_NAG_ORANGE_LINE_DIR0,21.083529,79.063141,114,4145.07
SHP_NAG_ORANGE_LINE_DIR0,21.083632,79.063181,115,4157.20
SHP_NAG_ORANGE_LINE_DIR0,21.083702,79.063204,116,4165.33
SHP_NAG_ORANGE_LINE_DIR0,21.083860,79.063245,117,4183.47
SHP_NAG_ORANGE_LINE_DIR0,21.084117,79.063316,118,4212.99
SHP_NAG_ORANGE_LINE_DIR0,21.084434,79.063395,119,4249.13
SHP_NAG_ORANGE_LINE_DIR0,21.084719,79.063467,120,4281.69
SHP_NAG_ORANGE_LINE_DIR0,21.085074,79.063559,121,4322.33
SHP_NAG_ORANGE_LINE_DIR0,21.085427,79.063651,122,4362.73
SHP_NAG_ORANGE_LINE_DIR0,21.085761,79.063732,123,4400.74
SHP_NAG_ORANGE_LINE_DIR0,21.086369,79.063881,124,4470.17
SHP_NAG_ORANGE_LINE_DIR0,21.086599,79.063937,125,4496.43
SHP_NAG_ORANGE_LINE_DIR0,21.087097,79.064065,126,4553.29
SHP_NAG_ORANGE_LINE_DIR0,21.087639,79.064201,127,4615.19
SHP_NAG_ORANGE_LINE_DIR0,21.088020,79.064302,128,4658.83
SHP_NAG_ORANGE_LINE_DIR0,21.088487,79.064423,129,4712.23
SHP_NAG_ORANGE_LINE_DIR0,21.088921,79.064533,130,4761.83
SHP_NAG_ORANGE_LINE_DIR0,21.089345,79.064642,131,4810.31
SHP_NAG_ORANGE_LINE_DIR0,21.089776,79.064753,132,4859.64
SHP_NAG_ORANGE_LINE_DIR0,21.090165,79.064853,133,4904.08
SHP_NAG_ORANGE_LINE_DIR0,21.090378,79.064915,134,4928.70
SHP_NAG_ORANGE_LINE_DIR0,21.090876,79.065035,135,4985.43
SHP_NAG_ORANGE_LINE_DIR0,21.091330,79.065144,136,5037.14
SHP_NAG_ORANGE_LINE_DIR0,21.091737,79.065246,137,5083.58
SHP_NAG_ORANGE_LINE_DIR0,21.092131,79.065345,138,5128.62
SHP_NAG_ORANGE_LINE_DIR0,21.092605,79.065459,139,5182.62
SHP_NAG_ORANGE_LINE_DIR0,21.093091,79.065579,140,5238.15
SHP_NAG_ORANGE_LINE_DIR0,21.093447,79.065671,141,5278.85
SHP_NAG_ORANGE_LINE_DIR0,21.093972,79.065801,142,5338.70
SHP_NAG_ORANGE_LINE_DIR0,21.094244,79.065876,143,5369.97
SHP_NAG_ORANGE_LINE_DIR0,21.094790,79.066010,144,5432.26
SHP_NAG_ORANGE_LINE_DIR0,21.095087,79.066087,145,5466.23
SHP_NAG_ORANGE_LINE_DIR0,21.095446,79.066175,146,5507.18
SHP_NAG_ORANGE_LINE_DIR0,21.096304,79.066405,147,5605.49
SHP_NAG_ORANGE_LINE_DIR0,21.096355,79.066420,148,5611.40
SHP_NAG_ORANGE_LINE_DIR0,21.096727,79.066509,149,5653.79
SHP_NAG_ORANGE_LINE_DIR0,21.097151,79.066598,150,5701.77
SHP_NAG_ORANGE_LINE_DIR0,21.097525,79.066692,151,5744.56
SHP_NAG_ORANGE_LINE_DIR0,21.097803,79.066763,152,5776.27
SHP_NAG_ORANGE_LINE_DIR0,21.097931,79.066794,153,5790.97
SHP_NAG_ORANGE_LINE_DIR0,21.099421,79.067169,154,5961.15
SHP_NAG_ORANGE_LINE_DIR0,21.099664,79.067226,155,5988.74
SHP_NAG_ORANGE_LINE_DIR0,21.099928,79.067293,156,6018.91
SHP_NAG_ORANGE_LINE_DIR0,21.099994,79.067309,157,6026.41
SHP_NAG_ORANGE_LINE_DIR0,21.101968,79.067821,158,6252.25
SHP_NAG_ORANGE_LINE_DIR0,21.102020,79.067835,159,6258.24
SHP_NAG_ORANGE_LINE_DIR0,21.102268,79.067892,160,6286.48
SHP_NAG_ORANGE_LINE_DIR0,21.102846,79.068031,161,6352.26
SHP_NAG_ORANGE_LINE_DIR0,21.103377,79.068176,162,6413.28
SHP_NAG_ORANGE_LINE_DIR0,21.103731,79.068260,163,6453.58
SHP_NAG_ORANGE_LINE_DIR0,21.104085,79.068344,164,6493.89
SHP_NAG_ORANGE_LINE_DIR0,21.104475,79.068433,165,6538.16
SHP_NAG_ORANGE_LINE_DIR0,21.105882,79.068811,166,6699.45
SHP_NAG_ORANGE_LINE_DIR0,21.105916,79.068820,167,6703.38
SHP_NAG_ORANGE_LINE_DIR0,21.106227,79.068905,168,6739.11
SHP_NAG_ORANGE_LINE_DIR0,21.106757,79.069050,169,6799.92
SHP_NAG_ORANGE_LINE_DIR0,21.107253,79.069189,170,6856.87
SHP_NAG_ORANGE_LINE_DIR0,21.107707,79.069317,171,6909.07
SHP_NAG_ORANGE_LINE_DIR0,21.107781,79.069337,172,6917.63
SHP_NAG_ORANGE_LINE_DIR0,21.108670,79.069588,173,7019.87
SHP_NAG_ORANGE_LINE_DIR0,21.109241,79.069747,174,7085.38
SHP_NAG_ORANGE_LINE_DIR0,21.109301,79.069763,175,7092.33
SHP_NAG_ORANGE_LINE_DIR0,21.109674,79.069855,176,7134.86
SHP_NAG_ORANGE_LINE_DIR0,21.109775,79.069881,177,7146.38
SHP_NAG_ORANGE_LINE_DIR0,21.111020,79.070212,178,7289.00
SHP_NAG_ORANGE_LINE_DIR0,21.113485,79.070875,179,7571.67
SHP_NAG_ORANGE_LINE_DIR0,21.113833,79.070971,180,7611.57
SHP_NAG_ORANGE_LINE_DIR0,21.114283,79.071095,181,7663.28
SHP_NAG_ORANGE_LINE_DIR0,21.114872,79.071252,182,7730.72
SHP_NAG_ORANGE_LINE_DIR0,21.115329,79.071378,183,7783.24
SHP_NAG_ORANGE_LINE_DIR0,21.115839,79.071513,184,7841.65
SHP_NAG_ORANGE_LINE_DIR0,21.116434,79.071676,185,7909.86
SHP_NAG_ORANGE_LINE_DIR0,21.116839,79.071790,186,7956.49
SHP_NAG_ORANGE_LINE_DIR0,21.117231,79.071899,187,8001.52
SHP_NAG_ORANGE_LINE_DIR0,21.117338,79.071927,188,8013.76
SHP_NAG_ORANGE_LINE_DIR0,21.118283,79.072191,189,8122.29
SHP_NAG_ORANGE_LINE_DIR0,21.118399,79.072223,190,8135.64
SHP_NAG_ORANGE_LINE_DIR0,21.118688,79.072303,191,8168.80
SHP_NAG_ORANGE_LINE_DIR0,21.118948,79.072383,192,8198.93
SHP_NAG_ORANGE_LINE_DIR0,21.119076,79.072425,193,8213.80
SHP_NAG_ORANGE_LINE_DIR0,21.119545,79.072594,194,8268.88
SHP_NAG_ORANGE_LINE_DIR0,21.119934,79.072746,195,8314.88
SHP_NAG_ORANGE_LINE_DIR0,21.120362,79.072923,196,8365.91
SHP_NAG_ORANGE_LINE_DIR0,21.120902,79.073139,197,8429.99
SHP_NAG_ORANGE_LINE_DIR0,21.121184,79.073249,198,8463.37
SHP_NAG_ORANGE_LINE_DIR0,21.121672,79.073446,199,8521.35
SHP_NAG_ORANGE_LINE_DIR0,21.121929,79.073548,200,8551.79
SHP_NAG_ORANGE_LINE_DIR0,21.122966,79.073962,201,8674.82
SHP_NAG_ORANGE_LINE_DIR0,21.124254,79.074459,202,8827.10
SHP_NAG_ORANGE_LINE_DIR0,21.124732,79.074635,203,8883.25
SHP_NAG_ORANGE_LINE_DIR0,21.125161,79.074802,204,8933.93
SHP_NAG_ORANGE_LINE_DIR0,21.126625,79.075372,205,9107.16
SHP_NAG_ORANGE_LINE_DIR0,21.126756,79.075422,206,9122.67
SHP_NAG_ORANGE_LINE_DIR0,21.127006,79.075515,207,9152.10
SHP_NAG_ORANGE_LINE_DIR0,21.127126,79.075555,208,9166.05
SHP_NAG_ORANGE_LINE_DIR0,21.127623,79.075734,209,9224.33
SHP_NAG_ORANGE_LINE_DIR0,21.127681,79.075753,210,9231.06
SHP_NAG_ORANGE_LINE_DIR0,21.127824,79.075800,211,9247.73
SHP_NAG_ORANGE_LINE_DIR0,21.128116,79.075899,212,9281.79
SHP_NAG_ORANGE_LINE_DIR0,21.128274,79.075946,213,9300.06
SHP_NAG_ORANGE_LINE_DIR0,21.128396,79.075991,214,9314.39
SHP_NAG_ORANGE_LINE_DIR0,21.128450,79.076014,215,9320.79
SHP_NAG_ORANGE_LINE_DIR0,21.128529,79.076053,216,9330.46
SHP_NAG_ORANGE_LINE_DIR0,21.128570,79.076077,217,9335.65
SHP_NAG_ORANGE_LINE_DIR0,21.128648,79.076122,218,9345.56
SHP_NAG_ORANGE_LINE_DIR0,21.128728,79.076173,219,9355.85
SHP_NAG_ORANGE_LINE_DIR0,21.128758,79.076196,220,9360.01
SHP_NAG_ORANGE_LINE_DIR0,21.128812,79.076247,221,9367.93
SHP_NAG_ORANGE_LINE_DIR0,21.128886,79.076316,222,9378.86
SHP_NAG_ORANGE_LINE_DIR0,21.128950,79.076381,223,9388.72
SHP_NAG_ORANGE_LINE_DIR0,21.128987,79.076423,224,9394.70
SHP_NAG_ORANGE_LINE_DIR0,21.129038,79.076491,225,9403.73
SHP_NAG_ORANGE_LINE_DIR0,21.129089,79.076573,226,9413.99
SHP_NAG_ORANGE_LINE_DIR0,21.129140,79.076655,227,9424.20
SHP_NAG_ORANGE_LINE_DIR0,21.129184,79.076742,228,9434.48
SHP_NAG_ORANGE_LINE_DIR0,21.129220,79.076830,229,9444.36
SHP_NAG_ORANGE_LINE_DIR0,21.129239,79.076874,230,9449.42
SHP_NAG_ORANGE_LINE_DIR0,21.129274,79.076979,231,9460.99
SHP_NAG_ORANGE_LINE_DIR0,21.129301,79.077085,232,9472.38
SHP_NAG_ORANGE_LINE_DIR0,21.129321,79.077187,233,9483.16
SHP_NAG_ORANGE_LINE_DIR0,21.129331,79.077273,234,9492.22
SHP_NAG_ORANGE_LINE_DIR0,21.129338,79.077392,235,9504.57
SHP_NAG_ORANGE_LINE_DIR0,21.129340,79.077502,236,9515.96
SHP_NAG_ORANGE_LINE_DIR0,21.129339,79.077555,237,9521.44
SHP_NAG_ORANGE_LINE_DIR0,21.129327,79.077669,238,9533.35
SHP_NAG_ORANGE_LINE_DIR0,21.129318,79.077727,239,9539.50
SHP_NAG_ORANGE_LINE_DIR0,21.129296,79.077813,240,9548.75
SHP_NAG_ORANGE_LINE_DIR0,21.129264,79.077924,241,9560.77
SHP_NAG_ORANGE_LINE_DIR0,21.129212,79.078052,242,9575.22
SHP_NAG_ORANGE_LINE_DIR0,21.129158,79.078166,243,9588.56
SHP_NAG_ORANGE_LINE_DIR0,21.129110,79.078254,244,9599.04
SHP_NAG_ORANGE_LINE_DIR0,21.129088,79.078291,245,9603.63
SHP_NAG_ORANGE_LINE_DIR0,21.129059,79.078336,246,9609.32
SHP_NAG_ORANGE_LINE_DIR0,21.128992,79.078420,247,9620.82
SHP_NAG_ORANGE_LINE_DIR0,21.128940,79.078481,248,9629.40
SHP_NAG_ORANGE_LINE_DIR0,21.128829,79.078591,249,9646.20
SHP_NAG_ORANGE_LINE_DIR0,21.128751,79.078662,250,9657.54
SHP_NAG_ORANGE_LINE_DIR0,21.127616,79.079688,251,9822.64
SHP_NAG_ORANGE_LINE_DIR0,21.127537,79.079759,252,9834.08
SHP_NAG_ORANGE_LINE_DIR0,21.127289,79.079969,253,9869.18
SHP_NAG_ORANGE_LINE_DIR0,21.127042,79.080181,254,9904.42
SHP_NAG_ORANGE_LINE_DIR0,21.126869,79.080328,255,9928.96
SHP_NAG_ORANGE_LINE_DIR0,21.126788,79.080402,256,9940.80
SHP_NAG_ORANGE_LINE_DIR0,21.126771,79.080418,257,9943.27
SHP_NAG_ORANGE_LINE_DIR0,21.126692,79.080503,258,9955.78
SHP_NAG_ORANGE_LINE_DIR0,21.126673,79.080526,259,9958.90
SHP_NAG_ORANGE_LINE_DIR0,21.126630,79.080580,260,9966.30
SHP_NAG_ORANGE_LINE_DIR0,21.126587,79.080643,261,9974.37
SHP_NAG_ORANGE_LINE_DIR0,21.126564,79.080682,262,9979.21
SHP_NAG_ORANGE_LINE_DIR0,21.126500,79.080798,263,9993.17
SHP_NAG_ORANGE_LINE_DIR0,21.126459,79.080895,264,10004.21
SHP_NAG_ORANGE_LINE_DIR0,21.126445,79.080939,265,10009.01
SHP_NAG_ORANGE_LINE_DIR0,21.126418,79.081047,266,10020.58
SHP_NAG_ORANGE_LINE_DIR0,21.126400,79.081136,267,10030.01
SHP_NAG_ORANGE_LINE_DIR0,21.126394,79.081185,268,10035.23
SHP_NAG_ORANGE_LINE_DIR0,21.126387,79.081282,269,10045.24
SHP_NAG_ORANGE_LINE_DIR0,21.126389,79.081363,270,10053.69
SHP_NAG_ORANGE_LINE_DIR0,21.126391,79.081409,271,10058.41
SHP_NAG_ORANGE_LINE_DIR0,21.126399,79.081480,272,10065.87
SHP_NAG_ORANGE_LINE_DIR0,21.126405,79.081520,273,10070.07
SHP_NAG_ORANGE_LINE_DIR0,21.126420,79.081598,274,10078.35
SHP_NAG_ORANGE_LINE_DIR0,21.126425,79.081618,275,10080.51
SHP_NAG_ORANGE_LINE_DIR0,21.126449,79.081710,276,10090.39
SHP_NAG_ORANGE_LINE_DIR0,21.126462,79.081745,277,10094.31
SHP_NAG_ORANGE_LINE_DIR0,21.126488,79.081803,278,10101.00
SHP_NAG_ORANGE_LINE_DIR0,21.126532,79.081899,279,10112.07
SHP_NAG_ORANGE_LINE_DIR0,21.126547,79.081927,280,10115.40
SHP_NAG_ORANGE_LINE_DIR0,21.126585,79.081994,281,10123.53
SHP_NAG_ORANGE_LINE_DIR0,21.126638,79.082075,282,10133.77
SHP_NAG_ORANGE_LINE_DIR0,21.126654,79.082096,283,10136.58
SHP_NAG_ORANGE_LINE_DIR0,21.126696,79.082149,284,10143.87
SHP_NAG_ORANGE_LINE_DIR0,21.126742,79.082202,285,10151.29
SHP_NAG_ORANGE_LINE_DIR0,21.126793,79.082254,286,10159.17
SHP_NAG_ORANGE_LINE_DIR0,21.126861,79.082313,287,10168.92
SHP_NAG_ORANGE_LINE_DIR0,21.126923,79.082360,288,10177.38
SHP_NAG_ORANGE_LINE_DIR0,21.127009,79.082415,289,10188.48
SHP_NAG_ORANGE_LINE_DIR0,21.127069,79.082448,290,10195.97
SHP_NAG_ORANGE_LINE_DIR0,21.127122,79.082473,291,10202.36
SHP_NAG_ORANGE_LINE_DIR0,21.127220,79.082507,292,10213.86
SHP_NAG_ORANGE_LINE_DIR0,21.127257,79.082518,293,10218.09
SHP_NAG_ORANGE_LINE_DIR0,21.127300,79.082528,294,10223.06
SHP_NAG_ORANGE_LINE_DIR0,21.127357,79.082536,295,10229.42
SHP_NAG_ORANGE_LINE_DIR0,21.127555,79.082558,296,10251.57
SHP_NAG_ORANGE_LINE_DIR0,21.127852,79.082589,297,10284.70
SHP_NAG_ORANGE_LINE_DIR0,21.128196,79.082613,298,10323.07
SHP_NAG_ORANGE_LINE_DIR0,21.128326,79.082620,299,10337.53
SHP_NAG_ORANGE_LINE_DIR0,21.129393,79.082699,300,10456.47
SHP_NAG_ORANGE_LINE_DIR0,21.129915,79.082758,301,10514.85
SHP_NAG_ORANGE_LINE_DIR0,21.130023,79.082773,302,10526.92
SHP_NAG_ORANGE_LINE_DIR0,21.130318,79.082818,303,10560.05
SHP_NAG_ORANGE_LINE_DIR0,21.130697,79.082894,304,10602.96
SHP_NAG_ORANGE_LINE_DIR0,21.131073,79.082981,305,10645.70
SHP_NAG_ORANGE_LINE_DIR0,21.131316,79.083041,306,10673.42
SHP_NAG_ORANGE_LINE_DIR0,21.131577,79.083115,307,10703.49
SHP_NAG_ORANGE_LINE_DIR0,21.131822,79.083187,308,10731.69
SHP_NAG_ORANGE_LINE_DIR0,21.132094,79.083276,309,10763.40
SHP_NAG_ORANGE_LINE_DIR0,21.132343,79.083357,310,10792.32
SHP_NAG_ORANGE_LINE_DIR0,21.132614,79.083454,311,10824.03
SHP_NAG_ORANGE_LINE_DIR0,21.132832,79.083542,312,10849.96
SHP_NAG_ORANGE_LINE_DIR0,21.133066,79.083635,313,10877.67
SHP_NAG_ORANGE_LINE_DIR0,21.133275,79.083726,314,10902.82
SHP_NAG_ORANGE_LINE_DIR0,21.133517,79.083830,315,10931.73
SHP_NAG_ORANGE_LINE_DIR0,21.133759,79.083939,316,10960.93
SHP_NAG_ORANGE_LINE_DIR0,21.133966,79.084042,317,10986.36
SHP_NAG_ORANGE_LINE_DIR0,21.135032,79.084584,318,11117.47
SHP_NAG_ORANGE_LINE_DIR0,21.135194,79.084666,319,11137.40
SHP_NAG_ORANGE_LINE_DIR0,21.135437,79.084787,320,11167.19
SHP_NAG_ORANGE_LINE_DIR0,21.135604,79.084876,321,11187.97
SHP_NAG_ORANGE_LINE_DIR0,21.136606,79.085393,322,11311.58
SHP_NAG_ORANGE_LINE_DIR0,21.136818,79.085500,323,11337.65
SHP_NAG_ORANGE_LINE_DIR0,21.137054,79.085618,324,11366.61
SHP_NAG_ORANGE_LINE_DIR0,21.137230,79.085694,325,11387.74
SHP_NAG_ORANGE_LINE_DIR0,21.137321,79.085727,326,11398.41
SHP_NAG_ORANGE_LINE_DIR0,21.137422,79.085754,327,11409.96
SHP_NAG_ORANGE_LINE_DIR0,21.137506,79.085769,328,11419.40
SHP_NAG_ORANGE_LINE_DIR0,21.137579,79.085776,329,11427.60
SHP_NAG_ORANGE_LINE_DIR0,21.137618,79.085777,330,11431.92
SHP_NAG_ORANGE_LINE_DIR0,21.137687,79.085775,331,11439.61
SHP_NAG_ORANGE_LINE_DIR0,21.137839,79.085759,332,11456.63
SHP_NAG_ORANGE_LINE_DIR0,21.137894,79.085751,333,11462.71
SHP_NAG_ORANGE_LINE_DIR0,21.137969,79.085733,334,11471.31
SHP_NAG_ORANGE_LINE_DIR0,21.138041,79.085710,335,11479.62
SHP_NAG_ORANGE_LINE_DIR0,21.138146,79.085667,336,11492.18
SHP_NAG_ORANGE_LINE_DIR0,21.138220,79.085630,337,11501.23
SHP_NAG_ORANGE_LINE_DIR0,21.138313,79.085574,338,11513.14
SHP_NAG_ORANGE_LINE_DIR0,21.138376,79.085528,339,11521.59
SHP_NAG_ORANGE_LINE_DIR0,21.138430,79.085483,340,11529.21
SHP_NAG_ORANGE_LINE_DIR0,21.138508,79.085408,341,11540.83
SHP_NAG_ORANGE_LINE_DIR0,21.138552,79.085361,342,11547.71
SHP_NAG_ORANGE_LINE_DIR0,21.138624,79.085274,343,11559.85
SHP_NAG_ORANGE_LINE_DIR0,21.138650,79.085237,344,11564.64
SHP_NAG_ORANGE_LINE_DIR0,21.138696,79.085167,345,11573.46
SHP_NAG_ORANGE_LINE_DIR0,21.138725,79.085119,346,11579.45
SHP_NAG_ORANGE_LINE_DIR0,21.138770,79.085029,347,11590.02
SHP_NAG_ORANGE_LINE_DIR0,21.138795,79.084966,348,11597.07
SHP_NAG_ORANGE_LINE_DIR0,21.138853,79.084808,349,11614.71
SHP_NAG_ORANGE_LINE_DIR0,21.138900,79.084657,350,11631.23
SHP_NAG_ORANGE_LINE_DIR0,21.138980,79.084410,351,11658.36
SHP_NAG_ORANGE_LINE_DIR0,21.139061,79.084156,352,11686.18
SHP_NAG_ORANGE_LINE_DIR0,21.139115,79.084035,353,11700.14
SHP_NAG_ORANGE_LINE_DIR0,21.139159,79.083951,354,11710.03
SHP_NAG_ORANGE_LINE_DIR0,21.139213,79.083858,355,11721.40
SHP_NAG_ORANGE_LINE_DIR0,21.139286,79.083754,356,11734.99
SHP_NAG_ORANGE_LINE_DIR0,21.139362,79.083662,357,11747.75
SHP_NAG_ORANGE_LINE_DIR0,21.139462,79.083556,358,11763.30
SHP_NAG_ORANGE_LINE_DIR0,21.139514,79.083514,359,11770.53
SHP_NAG_ORANGE_LINE_DIR0,21.139627,79.083427,360,11786.02
SHP_NAG_ORANGE_LINE_DIR0,21.139714,79.083373,361,11797.18
SHP_NAG_ORANGE_LINE_DIR0,21.139808,79.083325,362,11808.75
SHP_NAG_ORANGE_LINE_DIR0,21.140011,79.083227,363,11833.61
SHP_NAG_ORANGE_LINE_DIR0,21.140452,79.083027,364,11886.83
SHP_NAG_ORANGE_LINE_DIR0,21.140837,79.082854,365,11933.27
SHP_NAG_ORANGE_LINE_DIR0,21.141103,79.082734,366,11965.26
SHP_NAG_ORANGE_LINE_DIR0,21.141485,79.082559,367,12011.50
SHP_NAG_ORANGE_LINE_DIR0,21.141892,79.082372,368,12060.72
SHP_NAG_ORANGE_LINE_DIR0,21.142446,79.082090,369,12128.93
SHP_NAG_ORANGE_LINE_DIR0,21.142530,79.082045,370,12139.38
SHP_NAG_ORANGE_LINE_DIR0,21.142618,79.081986,371,12150.97
SHP_NAG_ORANGE_LINE_DIR0,21.142756,79.081882,372,12169.64
SHP_NAG_ORANGE_LINE_DIR0,21.142862,79.081792,373,12184.70
SHP_NAG_ORANGE_LINE_DIR0,21.142991,79.081668,374,12203.96
SHP_NAG_ORANGE_LINE_DIR0,21.143152,79.081493,375,12229.47
SHP_NAG_ORANGE_LINE_DIR0,21.143337,79.081293,376,12258.64
SHP_NAG_ORANGE_LINE_DIR0,21.143433,79.081201,377,12272.99
SHP_NAG_ORANGE_LINE_DIR0,21.143563,79.081094,378,12291.17
SHP_NAG_ORANGE_LINE_DIR0,21.143607,79.081060,379,12297.24
SHP_NAG_ORANGE_LINE_DIR0,21.143671,79.081017,380,12305.63
SHP_NAG_ORANGE_LINE_DIR0,21.143739,79.080980,381,12314.17
SHP_NAG_ORANGE_LINE_DIR0,21.143814,79.080941,382,12323.43
SHP_NAG_ORANGE_LINE_DIR0,21.143901,79.080901,383,12333.94
SHP_NAG_ORANGE_LINE_DIR0,21.144004,79.080860,384,12346.11
SHP_NAG_ORANGE_LINE_DIR0,21.144029,79.080851,385,12349.02
SHP_NAG_ORANGE_LINE_DIR0,21.144063,79.080842,386,12352.90
SHP_NAG_ORANGE_LINE_DIR0,21.144120,79.080826,387,12359.47
SHP_NAG_ORANGE_LINE_DIR0,21.144196,79.080810,388,12368.09
SHP_NAG_ORANGE_LINE_DIR0,21.144293,79.080792,389,12379.10
SHP_NAG_ORANGE_LINE_DIR0,21.144444,79.080778,390,12395.87
SHP_NAG_ORANGE_LINE_DIR0,21.144596,79.080774,391,12412.86
SHP_NAG_ORANGE_LINE_DIR0,21.144750,79.080774,392,12429.93
SHP_NAG_ORANGE_LINE_DIR0,21.145543,79.080741,393,12518.20
SHP_NAG_ORANGE_LINE_DIR0,21.145788,79.080731,394,12545.43
SHP_NAG_ORANGE_LINE_DIR0,21.146104,79.080715,395,12580.58
SHP_NAG_ORANGE_LINE_DIR0,21.146362,79.080704,396,12609.39
SHP_NAG_ORANGE_LINE_DIR0,21.146676,79.080691,397,12644.31
SHP_NAG_ORANGE_LINE_DIR0,21.146791,79.080684,398,12657.12
SHP_NAG_ORANGE_LINE_DIR0,21.147262,79.080655,399,12709.55
SHP_NAG_ORANGE_LINE_DIR0,21.147524,79.080645,400,12738.68
SHP_NAG_ORANGE_LINE_DIR0,21.147802,79.080635,401,12769.57
SHP_NAG_ORANGE_LINE_DIR0,21.147924,79.080632,402,12783.17
SHP_NAG_ORANGE_LINE_DIR0,21.148026,79.080632,403,12794.48
SHP_NAG_ORANGE_LINE_DIR0,21.148161,79.080637,404,12809.56
SHP_NAG_ORANGE_LINE_DIR0,21.148381,79.080654,405,12834.12
SHP_NAG_ORANGE_LINE_DIR0,21.148516,79.080669,406,12849.15
SHP_NAG_ORANGE_LINE_DIR0,21.148749,79.080704,407,12875.35
SHP_NAG_ORANGE_LINE_DIR0,21.149071,79.080753,408,12911.53
SHP_NAG_ORANGE_LINE_DIR0,21.149350,79.080793,409,12942.83
SHP_NAG_ORANGE_LINE_DIR0,21.149640,79.080841,410,12975.42
SHP_NAG_ORANGE_LINE_DIR0,21.149865,79.080875,411,13000.68
SHP_NAG_ORANGE_LINE_DIR0,21.150097,79.080902,412,13026.58
SHP_NAG_ORANGE_LINE_DIR0,21.150279,79.080919,413,13046.94
SHP_NAG_ORANGE_LINE_DIR0,21.150475,79.080926,414,13068.75
SHP_NAG_ORANGE_LINE_DIR0,21.150621,79.080929,415,13085.01
SHP_NAG_ORANGE_LINE_DIR0,21.150928,79.080922,416,13119.09
SHP_NAG_ORANGE_LINE_DIR0,21.151210,79.080921,417,13150.46
SHP_NAG_ORANGE_LINE_DIR0,21.151577,79.080921,418,13191.26
SHP_NAG_ORANGE_LINE_DIR0,21.151665,79.080922,419,13201.12
SHP_NAG_ORANGE_LINE_DIR0,21.151823,79.080927,420,13218.71
SHP_NAG_ORANGE_LINE_DIR0,21.151935,79.080936,421,13231.20
SHP_NAG_ORANGE_LINE_DIR0,21.152064,79.080954,422,13245.59
SHP_NAG_ORANGE_LINE_DIR0,21.152173,79.080972,423,13257.93
SHP_NAG_ORANGE_LINE_DIR0,21.152361,79.081018,424,13279.28
SHP_NAG_ORANGE_LINE_DIR0,21.152582,79.081073,425,13304.51
SHP_NAG_ORANGE_LINE_DIR0,21.152881,79.081152,426,13338.78
SHP_NAG_ORANGE_LINE_DIR0,21.153117,79.081216,427,13365.87
SHP_NAG_ORANGE_LINE_DIR0,21.153354,79.081272,428,13392.82
SHP_NAG_ORANGE_LINE_DIR0,21.153698,79.081360,429,13432.20
SHP_NAG_ORANGE_LINE_DIR0,21.153987,79.081434,430,13465.18
SHP_NAG_ORANGE_LINE_DIR0,21.154346,79.081537,431,13506.53
SHP_NAG_ORANGE_LINE_DIR0,21.154504,79.081578,432,13524.67
SHP_NAG_ORANGE_LINE_DIR0,21.155220,79.081740,433,13605.97
SHP_NAG_ORANGE_LINE_DIR0,21.156033,79.081939,434,13698.69
SHP_NAG_ORANGE_LINE_DIR0,21.156065,79.081947,435,13702.32
SHP_NAG_ORANGE_LINE_DIR0,21.156435,79.082036,436,13744.50
SHP_NAG_ORANGE_LINE_DIR0,21.156604,79.082082,437,13763.96
SHP_NAG_ORANGE_LINE_DIR0,21.157034,79.082184,438,13812.83
SHP_NAG_ORANGE_LINE_DIR0,21.157114,79.082201,439,13821.96
SHP_NAG_ORANGE_LINE_DIR0,21.157477,79.082284,440,13863.26
SHP_NAG_ORANGE_LINE_DIR0,21.157589,79.082308,441,13875.94
SHP_NAG_ORANGE_LINE_DIR0,21.158504,79.082515,442,13979.88
SHP_NAG_ORANGE_LINE_DIR0,21.159383,79.082739,443,14080.38
SHP_NAG_ORANGE_LINE_DIR0,21.159655,79.082821,444,14111.78
SHP_NAG_ORANGE_LINE_DIR0,21.159758,79.082854,445,14123.74
SHP_NAG_ORANGE_LINE_DIR0,21.160140,79.082997,446,14168.71
SHP_NAG_ORANGE_LINE_DIR0,21.160407,79.083104,447,14200.45
SHP_NAG_ORANGE_LINE_DIR0,21.160653,79.083218,448,14230.25
SHP_NAG_ORANGE_LINE_DIR0,21.161010,79.083395,449,14273.97
SHP_NAG_ORANGE_LINE_DIR0,21.161133,79.083464,450,14289.34
SHP_NAG_ORANGE_LINE_DIR0,21.161639,79.083749,451,14352.90
SHP_NAG_ORANGE_LINE_DIR0,21.161694,79.083780,452,14359.87
SHP_NAG_ORANGE_LINE_DIR0,21.162076,79.083997,453,14407.89
SHP_NAG_ORANGE_LINE_DIR0,21.162241,79.084092,454,14428.77
SHP_NAG_ORANGE_LINE_DIR0,21.162358,79.084171,455,14444.06
SHP_NAG_ORANGE_LINE_DIR0,21.162475,79.084264,456,14460.31
SHP_NAG_ORANGE_LINE_DIR0,21.162587,79.084370,457,14476.96
SHP_NAG_ORANGE_LINE_DIR0,21.162703,79.084495,458,14495.20
SHP_NAG_ORANGE_LINE_DIR0,21.162800,79.084620,459,14512.08
SHP_NAG_ORANGE_LINE_DIR0,21.162947,79.084811,460,14537.74
SHP_NAG_ORANGE_LINE_DIR0,21.163327,79.085318,461,14605.20
SHP_NAG_ORANGE_LINE_DIR0,21.163483,79.085527,462,14632.96
SHP_NAG_ORANGE_LINE_DIR0,21.163719,79.085837,463,14674.45
SHP_NAG_ORANGE_LINE_DIR0,21.164002,79.086240,464,14726.79
SHP_NAG_ORANGE_LINE_DIR0,21.164212,79.086550,465,14766.54
SHP_NAG_ORANGE_LINE_DIR0,21.164942,79.087617,466,14903.68
SHP_NAG_ORANGE_LINE_DIR0,21.165298,79.088132,467,14970.21
SHP_NAG_ORANGE_LINE_DIR0,21.165631,79.088610,468,15032.11
SHP_NAG_ORANGE_LINE_DIR0,21.165868,79.088961,469,15076.98
SHP_NAG_ORANGE_LINE_DIR0,21.166065,79.089235,470,15112.87
SHP_NAG_ORANGE_LINE_DIR0,21.166122,79.089309,471,15122.87
SHP_NAG_ORANGE_LINE_DIR0,21.166454,79.089723,472,15179.45
SHP_NAG_ORANGE_LINE_DIR0,21.166567,79.089860,473,15198.41
SHP_NAG_ORANGE_LINE_DIR0,21.166701,79.090010,474,15219.97
SHP_NAG_ORANGE_LINE_DIR0,21.166893,79.090212,475,15249.87
SHP_NAG_ORANGE_LINE_DIR0,21.166905,79.090225,476,15251.78
SHP_NAG_ORANGE_LINE_DIR0,21.167098,79.090415,477,15280.90
SHP_NAG_ORANGE_LINE_DIR0,21.167184,79.090495,478,15293.54
SHP_NAG_ORANGE_LINE_DIR0,21.167385,79.090674,479,15322.61
SHP_NAG_ORANGE_LINE_DIR0,21.167585,79.090852,480,15351.50
SHP_NAG_ORANGE_LINE_DIR0,21.167747,79.091001,481,15375.29
SHP_NAG_ORANGE_LINE_DIR0,21.167864,79.091116,482,15392.84
SHP_NAG_ORANGE_LINE_DIR0,21.167927,79.091183,483,15402.75
SHP_NAG_ORANGE_LINE_DIR0,21.167959,79.091219,484,15407.92
SHP_NAG_ORANGE_LINE_DIR0,21.168006,79.091278,485,15415.92
SHP_NAG_ORANGE_LINE_DIR0,21.168042,79.091326,486,15422.37
SHP_NAG_ORANGE_LINE_DIR0,21.168119,79.091440,487,15436.91
SHP_NAG_ORANGE_LINE_DIR0,21.168185,79.091550,488,15450.48
SHP_NAG_ORANGE_LINE_DIR0,21.168721,79.092409,489,15557.61
SHP_NAG_ORANGE_LINE_DIR0,21.168782,79.092509,490,15570.05
SHP_NAG_ORANGE_LINE_DIR0,21.168948,79.092779,491,15603.64
SHP_NAG_ORANGE_LINE_DIR0,21.169224,79.093239,492,15660.33
SHP_NAG_ORANGE_LINE_DIR0,21.169571,79.093816,493,15731.57
SHP_NAG_ORANGE_LINE_DIR0,21.169659,79.093962,494,15749.53
SHP_NAG_ORANGE_LINE_DIR0,21.169754,79.094135,495,15770.34
SHP_NAG_ORANGE_LINE_DIR0,21.169784,79.094196,496,15777.48
SHP_NAG_ORANGE_LINE_DIR0,21.169836,79.094305,497,15790.22
SHP_NAG_ORANGE_LINE_DIR0,21.169896,79.094446,498,15806.24
SHP_NAG_ORANGE_LINE_DIR0,21.169946,79.094569,499,15820.20
SHP_NAG_ORANGE_LINE_DIR0,21.170155,79.095131,500,15882.88
SHP_NAG_ORANGE_LINE_DIR0,21.170391,79.095755,501,15952.76
SHP_NAG_ORANGE_LINE_DIR0,21.170497,79.096039,502,15984.46
SHP_NAG_ORANGE_LINE_DIR0,21.170603,79.096303,503,16014.26
SHP_NAG_ORANGE_LINE_DIR0,21.170621,79.096342,504,16018.70
SHP_NAG_ORANGE_LINE_DIR0,21.170672,79.096448,505,16031.15
SHP_NAG_ORANGE_LINE_DIR0,21.170735,79.096565,506,16045.10
SHP_NAG_ORANGE_LINE_DIR0,21.170792,79.096657,507,16056.62
SHP_NAG_ORANGE_LINE_DIR0,21.170852,79.096747,508,16068.04
SHP_NAG_ORANGE_LINE_DIR0,21.170874,79.096777,509,16072.03
SHP_NAG_ORANGE_LINE_DIR0,21.170928,79.096844,510,16081.23
SHP_NAG_ORANGE_LINE_DIR0,21.171192,79.097156,511,16124.87
SHP_NAG_ORANGE_LINE_DIR0,21.171496,79.097519,512,16175.48
SHP_NAG_ORANGE_LINE_DIR0,21.171547,79.097578,513,16183.83
SHP_NAG_ORANGE_LINE_DIR0,21.172034,79.098165,514,16265.35
SHP_NAG_ORANGE_LINE_DIR0,21.172223,79.098412,515,16298.42
SHP_NAG_ORANGE_LINE_DIR0,21.172340,79.098578,516,16320.01
SHP_NAG_ORANGE_LINE_DIR0,21.172468,79.098768,517,16344.30
SHP_NAG_ORANGE_LINE_DIR0,21.172667,79.099082,518,16383.68
SHP_NAG_ORANGE_LINE_DIR0,21.172800,79.099294,519,16410.20
SHP_NAG_ORANGE_LINE_DIR0,21.173016,79.099634,520,16452.82
SHP_NAG_ORANGE_LINE_DIR0,21.173308,79.100086,521,16509.85
SHP_NAG_ORANGE_LINE_DIR0,21.173519,79.100419,522,16551.56
SHP_NAG_ORANGE_LINE_DIR0,21.173589,79.100529,523,16565.35
SHP_NAG_ORANGE_LINE_DIR0,21.173718,79.100740,524,16591.59
SHP_NAG_ORANGE_LINE_DIR0,21.174366,79.101767,525,16720.15
SHP_NAG_ORANGE_LINE_DIR0,21.174713,79.102316,526,16788.89
SHP_NAG_ORANGE_LINE_DIR0,21.175770,79.104014,527,17000.58
SHP_NAG_ORANGE_LINE_DIR0,21.175867,79.104173,528,17020.23
SHP_NAG_ORANGE_LINE_DIR0,21.175993,79.104376,529,17045.52
SHP_NAG_ORANGE_LINE_DIR0,21.176972,79.105930,530,17240.08
SHP_NAG_ORANGE_LINE_DIR0,21.177067,79.106077,531,17258.58
SHP_NAG_ORANGE_LINE_DIR0,21.178435,79.108172,532,17523.78
SHP_NAG_ORANGE_LINE_DIR0,21.179580,79.109964,533,17748.97
SHP_NAG_ORANGE_LINE_DIR0,21.179636,79.110048,534,17759.75
SHP_NAG_ORANGE_LINE_DIR0,21.179722,79.110175,535,17775.93
SHP_NAG_ORANGE_LINE_DIR0,21.180416,79.111254,536,17911.87
SHP_NAG_ORANGE_LINE_DIR0,21.180582,79.111509,537,17944.11
SHP_NAG_ORANGE_LINE_DIR0,21.180895,79.112005,538,18006.18
SHP_NAG_ORANGE_LINE_DIR0,21.181907,79.113556,539,18202.49
SHP_NAG_ORANGE_LINE_DIR0,21.182385,79.114310,540,18297.04
SHP_NAG_ORANGE_LINE_DIR0,21.182508,79.114503,541,18321.27
SHP_NAG_ORANGE_LINE_DIR0,21.183365,79.115852,542,18490.50
SHP_NAG_ORANGE_LINE_DIR0,21.183459,79.116003,543,18509.38
SHP_NAG_ORANGE_LINE_DIR0,21.183575,79.116203,544,18533.75
SHP_NAG_ORANGE_LINE_DIR0,21.183776,79.116595,545,18580.12
SHP_NAG_ORANGE_LINE_DIR0,21.184380,79.117789,546,18721.03
SHP_NAG_ORANGE_LINE_DIR0,21.184525,79.118046,547,18752.09
SHP_NAG_ORANGE_LINE_DIR0,21.184702,79.118325,548,18787.08
SHP_NAG_ORANGE_LINE_DIR0,21.184790,79.118456,549,18803.86
SHP_NAG_ORANGE_LINE_DIR0,21.184969,79.118694,550,18835.55
SHP_NAG_ORANGE_LINE_DIR0,21.185087,79.118846,551,18856.06
SHP_NAG_ORANGE_LINE_DIR0,21.185239,79.119027,552,18881.36
SHP_NAG_ORANGE_LINE_DIR0,21.185885,79.119763,553,18986.11
SHP_NAG_ORANGE_LINE_DIR1,21.185885,79.119763,1,0.00
SHP_NAG_ORANGE_LINE_DIR1,21.185239,79.119027,2,104.75
SHP_NAG_ORANGE_LINE_DIR1,21.185087,79.118846,3,130.05
SHP_NAG_ORANGE_LINE_DIR1,21.184969,79.118694,4,150.56
SHP_NAG_ORANGE_LINE_DIR1,21.184790,79.118456,5,182.25
SHP_NAG_ORANGE_LINE_DIR1,21.184702,79.118325,6,199.03
SHP_NAG_ORANGE_LINE_DIR1,21.184525,79.118046,7,234.02
SHP_NAG_ORANGE_LINE_DIR1,21.184380,79.117789,8,265.08
SHP_NAG_ORANGE_LINE_DIR1,21.183776,79.116595,9,405.99
SHP_NAG_ORANGE_LINE_DIR1,21.183575,79.116203,10,452.36
SHP_NAG_ORANGE_LINE_DIR1,21.183459,79.116003,11,476.73
SHP_NAG_ORANGE_LINE_DIR1,21.183365,79.115852,12,495.61
SHP_NAG_ORANGE_LINE_DIR1,21.182508,79.114503,13,664.84
SHP_NAG_ORANGE_LINE_DIR1,21.182385,79.114310,14,689.07
SHP_NAG_ORANGE_LINE_DIR1,21.181907,79.113556,15,783.62
SHP_NAG_ORANGE_LINE_DIR1,21.180895,79.112005,16,979.93
SHP_NAG_ORANGE_LINE_DIR1,21.180582,79.111509,17,1042.00
SHP_NAG_ORANGE_LINE_DIR1,21.180416,79.111254,18,1074.24
SHP_NAG_ORANGE_LINE_DIR1,21.179722,79.110175,19,1210.18
SHP_NAG_ORANGE_LINE_DIR1,21.179636,79.110048,20,1226.36
SHP_NAG_ORANGE_LINE_DIR1,21.179580,79.109964,21,1237.14
SHP_NAG_ORANGE_LINE_DIR1,21.178435,79.108172,22,1462.33
SHP_NAG_ORANGE_LINE_DIR1,21.177067,79.106077,23,1727.53
SHP_NAG_ORANGE_LINE_DIR1,21.176972,79.105930,24,1746.03
SHP_NAG_ORANGE_LINE_DIR1,21.175993,79.104376,25,1940.59
SHP_NAG_ORANGE_LINE_DIR1,21.175867,79.104173,26,1965.88
SHP_NAG_ORANGE_LINE_DIR1,21.175770,79.104014,27,1985.53
SHP_NAG_ORANGE_LINE_DIR1,21.174713,79.102316,28,2197.22
SHP_NAG_ORANGE_LINE_DIR1,21.174366,79.101767,29,2265.96
SHP_NAG_ORANGE_LINE_DIR1,21.173718,79.100740,30,2394.52
SHP_NAG_ORANGE_LINE_DIR1,21.173589,79.100529,31,2420.76
SHP_NAG_ORANGE_LINE_DIR1,21.173519,79.100419,32,2434.55
SHP_NAG_ORANGE_LINE_DIR1,21.173308,79.100086,33,2476.26
SHP_NAG_ORANGE_LINE_DIR1,21.173016,79.099634,34,2533.29
SHP_NAG_ORANGE_LINE_DIR1,21.172800,79.099294,35,2575.91
SHP_NAG_ORANGE_LINE_DIR1,21.172667,79.099082,36,2602.43
SHP_NAG_ORANGE_LINE_DIR1,21.172468,79.098768,37,2641.81
SHP_NAG_ORANGE_LINE_DIR1,21.172340,79.098578,38,2666.10
SHP_NAG_ORANGE_LINE_DIR1,21.172223,79.098412,39,2687.69
SHP_NAG_ORANGE_LINE_DIR1,21.172034,79.098165,40,2720.76
SHP_NAG_ORANGE_LINE_DIR1,21.171547,79.097578,41,2802.28
SHP_NAG_ORANGE_LINE_DIR1,21.171496,79.097519,42,2810.63
SHP_NAG_ORANGE_LINE_DIR1,21.171192,79.097156,43,2861.24
SHP_NAG_ORANGE_LINE_DIR1,21.170928,79.096844,44,2904.88
SHP_NAG_ORANGE_LINE_DIR1,21.170874,79.096777,45,2914.08
SHP_NAG_ORANGE_LINE_DIR1,21.170852,79.096747,46,2918.07
SHP_NAG_ORANGE_LINE_DIR1,21.170792,79.096657,47,2929.49
SHP_NAG_ORANGE_LINE_DIR1,21.170735,79.096565,48,2941.01
SHP_NAG_ORANGE_LINE_DIR1,21.170672,79.096448,49,2954.96
SHP_NAG_ORANGE_LINE_DIR1,21.170621,79.096342,50,2967.41
SHP_NAG_ORANGE_LINE_DIR1,21.170603,79.096303,51,2971.85
SHP_NAG_ORANGE_LINE_DIR1,21.170497,79.096039,52,3001.65
SHP_NAG_ORANGE_LINE_DIR1,21.170391,79.095755,53,3033.35
SHP_NAG_ORANGE_LINE_DIR1,21.170155,79.095131,54,3103.23
SHP_NAG_ORANGE_LINE_DIR1,21.169946,79.094569,55,3165.91
SHP_NAG_ORANGE_LINE_DIR1,21.169896,79.094446,56,3179.87
SHP_NAG_ORANGE_LINE_DIR1,21.169836,79.094305,57,3195.89
SHP_NAG_ORANGE_LINE_DIR1,21.169784,79.094196,58,3208.63
SHP_NAG_ORANGE_LINE_DIR1,21.169754,79.094135,59,3215.77
SHP_NAG_ORANGE_LINE_DIR1,21.169659,79.093962,60,3236.58
SHP_NAG_ORANGE_LINE_DIR1,21.169571,79.093816,61,3254.54
SHP_NAG_ORANGE_LINE_DIR1,21.169224,79.093239,62,3325.78
SHP_NAG_ORANGE_LINE_DIR1,21.168948,79.092779,63,3382.47
SHP_NAG_ORANGE_LINE_DIR1,21.168782,79.092509,64,3416.06
SHP_NAG_ORANGE_LINE_DIR1,21.168721,79.092409,65,3428.50
SHP_NAG_ORANGE_LINE_DIR1,21.168185,79.091550,66,3535.63
SHP_NAG_ORANGE_LINE_DIR1,21.168119,79.091440,67,3549.20
SHP_NAG_ORANGE_LINE_DIR1,21.168042,79.091326,68,3563.74
SHP_NAG_ORANGE_LINE_DIR1,21.168006,79.091278,69,3570.19
SHP_NAG_ORANGE_LINE_DIR1,21.167959,79.091219,70,3578.19
SHP_NAG_ORANGE_LINE_DIR1,21.167927,79.091183,71,3583.36
SHP_NAG_ORANGE_LINE_DIR1,21.167864,79.091116,72,3593.27
SHP_NAG_ORANGE_LINE_DIR1,21.167747,79.091001,73,3610.82
SHP_NAG_ORANGE_LINE_DIR1,21.167585,79.090852,74,3634.61
SHP_NAG_ORANGE_LINE_DIR1,21.167385,79.090674,75,3663.50
SHP_NAG_ORANGE_LINE_DIR1,21.167184,79.090495,76,3692.57
SHP_NAG_ORANGE_LINE_DIR1,21.167098,79.090415,77,3705.21
SHP_NAG_ORANGE_LINE_DIR1,21.166905,79.090225,78,3734.33
SHP_NAG_ORANGE_LINE_DIR1,21.166893,79.090212,79,3736.24
SHP_NAG_ORANGE_LINE_DIR1,21.166701,79.090010,80,3766.14
SHP_NAG_ORANGE_LINE_DIR1,21.166567,79.089860,81,3787.70
SHP_NAG_ORANGE_LINE_DIR1,21.166454,79.089723,82,3806.66
SHP_NAG_ORANGE_LINE_DIR1,21.166122,79.089309,83,3863.24
SHP_NAG_ORANGE_LINE_DIR1,21.166065,79.089235,84,3873.24
SHP_NAG_ORANGE_LINE_DIR1,21.165868,79.088961,85,3909.13
SHP_NAG_ORANGE_LINE_DIR1,21.165631,79.088610,86,3954.00
SHP_NAG_ORANGE_LINE_DIR1,21.165298,79.088132,87,4015.90
SHP_NAG_ORANGE_LINE_DIR1,21.164942,79.087617,88,4082.43
SHP_NAG_ORANGE_LINE_DIR1,21.164212,79.086550,89,4219.57
SHP_NAG_ORANGE_LINE_DIR1,21.164002,79.086240,90,4259.32
SHP_NAG_ORANGE_LINE_DIR1,21.163719,79.085837,91,4311.66
SHP_NAG_ORANGE_LINE_DIR1,21.163483,79.085527,92,4353.15
SHP_NAG_ORANGE_LINE_DIR1,21.163327,79.085318,93,4380.91
SHP_NAG_ORANGE_LINE_DIR1,21.162947,79.084811,94,4448.37
SHP_NAG_ORANGE_LINE_DIR1,21.162800,79.084620,95,4474.03
SHP_NAG_ORANGE_LINE_DIR1,21.162703,79.084495,96,4490.91
SHP_NAG_ORANGE_LINE_DIR1,21.162587,79.084370,97,4509.15
SHP_NAG_ORANGE_LINE_DIR1,21.162475,79.084264,98,4525.80
SHP_NAG_ORANGE_LINE_DIR1,21.162358,79.084171,99,4542.05
SHP_NAG_ORANGE_LINE_DIR1,21.162241,79.084092,100,4557.34
SHP_NAG_ORANGE_LINE_DIR1,21.162076,79.083997,101,4578.22
SHP_NAG_ORANGE_LINE_DIR1,21.161694,79.083780,102,4626.24
SHP_NAG_ORANGE_LINE_DIR1,21.161639,79.083749,103,4633.21
SHP_NAG_ORANGE_LINE_DIR1,21.161133,79.083464,104,4696.77
SHP_NAG_ORANGE_LINE_DIR1,21.161010,79.083395,105,4712.14
SHP_NAG_ORANGE_LINE_DIR1,21.160653,79.083218,106,4755.86
SHP_NAG_ORANGE_LINE_DIR1,21.160407,79.083104,107,4785.66
SHP_NAG_ORANGE_LINE_DIR1,21.160140,79.082997,108,4817.40
SHP_NAG_ORANGE_LINE_DIR1,21.159758,79.082854,109,4862.37
SHP_NAG_ORANGE_LINE_DIR1,21.159655,79.082821,110,4874.33
SHP_NAG_ORANGE_LINE_DIR1,21.159383,79.082739,111,4905.73
SHP_NAG_ORANGE_LINE_DIR1,21.158504,79.082515,112,5006.23
SHP_NAG_ORANGE_LINE_DIR1,21.157589,79.082308,113,5110.17
SHP_NAG_ORANGE_LINE_DIR1,21.157477,79.082284,114,5122.85
SHP_NAG_ORANGE_LINE_DIR1,21.157114,79.082201,115,5164.15
SHP_NAG_ORANGE_LINE_DIR1,21.157034,79.082184,116,5173.28
SHP_NAG_ORANGE_LINE_DIR1,21.156604,79.082082,117,5222.15
SHP_NAG_ORANGE_LINE_DIR1,21.156435,79.082036,118,5241.61
SHP_NAG_ORANGE_LINE_DIR1,21.156065,79.081947,119,5283.79
SHP_NAG_ORANGE_LINE_DIR1,21.156033,79.081939,120,5287.42
SHP_NAG_ORANGE_LINE_DIR1,21.155220,79.081740,121,5380.14
SHP_NAG_ORANGE_LINE_DIR1,21.154504,79.081578,122,5461.44
SHP_NAG_ORANGE_LINE_DIR1,21.154346,79.081537,123,5479.58
SHP_NAG_ORANGE_LINE_DIR1,21.153987,79.081434,124,5520.93
SHP_NAG_ORANGE_LINE_DIR1,21.153698,79.081360,125,5553.91
SHP_NAG_ORANGE_LINE_DIR1,21.153354,79.081272,126,5593.29
SHP_NAG_ORANGE_LINE_DIR1,21.153117,79.081216,127,5620.24
SHP_NAG_ORANGE_LINE_DIR1,21.152881,79.081152,128,5647.33
SHP_NAG_ORANGE_LINE_DIR1,21.152582,79.081073,129,5681.60
SHP_NAG_ORANGE_LINE_DIR1,21.152361,79.081018,130,5706.83
SHP_NAG_ORANGE_LINE_DIR1,21.152173,79.080972,131,5728.18
SHP_NAG_ORANGE_LINE_DIR1,21.152064,79.080954,132,5740.52
SHP_NAG_ORANGE_LINE_DIR1,21.151935,79.080936,133,5754.91
SHP_NAG_ORANGE_LINE_DIR1,21.151823,79.080927,134,5767.40
SHP_NAG_ORANGE_LINE_DIR1,21.151665,79.080922,135,5784.99
SHP_NAG_ORANGE_LINE_DIR1,21.151577,79.080921,136,5794.85
SHP_NAG_ORANGE_LINE_DIR1,21.151210,79.080921,137,5835.65
SHP_NAG_ORANGE_LINE_DIR1,21.150928,79.080922,138,5867.02
SHP_NAG_ORANGE_LINE_DIR1,21.150621,79.080929,139,5901.10
SHP_NAG_ORANGE_LINE_DIR1,21.150475,79.080926,140,5917.36
SHP_NAG_ORANGE_LINE_DIR1,21.150279,79.080919,141,5939.17
SHP_NAG_ORANGE_LINE_DIR1,21.150097,79.080902,142,5959.53
SHP_NAG_ORANGE_LINE_DIR1,21.149865,79.080875,143,5985.43
SHP_NAG_ORANGE_LINE_DIR1,21.149640,79.080841,144,6010.69
SHP_NAG_ORANGE_LINE_DIR1,21.149350,79.080793,145,6043.28
SHP_NAG_ORANGE_LINE_DIR1,21.149071,79.080753,146,6074.58
SHP_NAG_ORANGE_LINE_DIR1,21.148749,79.080704,147,6110.76
SHP_NAG_ORANGE_LINE_DIR1,21.148516,79.080669,148,6136.96
SHP_NAG_ORANGE_LINE_DIR1,21.148381,79.080654,149,6151.99
SHP_NAG_ORANGE_LINE_DIR1,21.148161,79.080637,150,6176.55
SHP_NAG_ORANGE_LINE_DIR1,21.148026,79.080632,151,6191.63
SHP_NAG_ORANGE_LINE_DIR1,21.147924,79.080632,152,6202.94
SHP_NAG_ORANGE_LINE_DIR1,21.147802,79.080635,153,6216.54
SHP_NAG_ORANGE_LINE_DIR1,21.147524,79.080645,154,6247.43
SHP_NAG_ORANGE_LINE_DIR1,21.147262,79.080655,155,6276.56
SHP_NAG_ORANGE_LINE_DIR1,21.146791,79.080684,156,6328.99
SHP_NAG_ORANGE_LINE_DIR1,21.146676,79.080691,157,6341.80
SHP_NAG_ORANGE_LINE_DIR1,21.146362,79.080704,158,6376.72
SHP_NAG_ORANGE_LINE_DIR1,21.146104,79.080715,159,6405.53
SHP_NAG_ORANGE_LINE_DIR1,21.145788,79.080731,160,6440.68
SHP_NAG_ORANGE_LINE_DIR1,21.145543,79.080741,161,6467.91
SHP_NAG_ORANGE_LINE_DIR1,21.144750,79.080774,162,6556.18
SHP_NAG_ORANGE_LINE_DIR1,21.144596,79.080774,163,6573.25
SHP_NAG_ORANGE_LINE_DIR1,21.144444,79.080778,164,6590.24
SHP_NAG_ORANGE_LINE_DIR1,21.144293,79.080792,165,6607.01
SHP_NAG_ORANGE_LINE_DIR1,21.144196,79.080810,166,6618.02
SHP_NAG_ORANGE_LINE_DIR1,21.144120,79.080826,167,6626.64
SHP_NAG_ORANGE_LINE_DIR1,21.144063,79.080842,168,6633.21
SHP_NAG_ORANGE_LINE_DIR1,21.144029,79.080851,169,6637.09
SHP_NAG_ORANGE_LINE_DIR1,21.144004,79.080860,170,6640.00
SHP_NAG_ORANGE_LINE_DIR1,21.143901,79.080901,171,6652.17
SHP_NAG_ORANGE_LINE_DIR1,21.143814,79.080941,172,6662.68
SHP_NAG_ORANGE_LINE_DIR1,21.143739,79.080980,173,6671.94
SHP_NAG_ORANGE_LINE_DIR1,21.143671,79.081017,174,6680.48
SHP_NAG_ORANGE_LINE_DIR1,21.143607,79.081060,175,6688.87
SHP_NAG_ORANGE_LINE_DIR1,21.143563,79.081094,176,6694.94
SHP_NAG_ORANGE_LINE_DIR1,21.143433,79.081201,177,6713.12
SHP_NAG_ORANGE_LINE_DIR1,21.143337,79.081293,178,6727.47
SHP_NAG_ORANGE_LINE_DIR1,21.143152,79.081493,179,6756.64
SHP_NAG_ORANGE_LINE_DIR1,21.142991,79.081668,180,6782.15
SHP_NAG_ORANGE_LINE_DIR1,21.142862,79.081792,181,6801.41
SHP_NAG_ORANGE_LINE_DIR1,21.142756,79.081882,182,6816.47
SHP_NAG_ORANGE_LINE_DIR1,21.142618,79.081986,183,6835.14
SHP_NAG_ORANGE_LINE_DIR1,21.142530,79.082045,184,6846.73
SHP_NAG_ORANGE_LINE_DIR1,21.142446,79.082090,185,6857.18
SHP_NAG_ORANGE_LINE_DIR1,21.141892,79.082372,186,6925.39
SHP_NAG_ORANGE_LINE_DIR1,21.141485,79.082559,187,6974.61
SHP_NAG_ORANGE_LINE_DIR1,21.141103,79.082734,188,7020.85
SHP_NAG_ORANGE_LINE_DIR1,21.140837,79.082854,189,7052.84
SHP_NAG_ORANGE_LINE_DIR1,21.140452,79.083027,190,7099.28
SHP_NAG_ORANGE_LINE_DIR1,21.140011,79.083227,191,7152.50
SHP_NAG_ORANGE_LINE_DIR1,21.139808,79.083325,192,7177.36
SHP_NAG_ORANGE_LINE_DIR1,21.139714,79.083373,193,7188.93
SHP_NAG_ORANGE_LINE_DIR1,21.139627,79.083427,194,7200.09
SHP_NAG_ORANGE_LINE_DIR1,21.139514,79.083514,195,7215.58
SHP_NAG_ORANGE_LINE_DIR1,21.139462,79.083556,196,7222.81
SHP_NAG_ORANGE_LINE_DIR1,21.139362,79.083662,197,7238.36
SHP_NAG_ORANGE_LINE_DIR1,21.139286,79.083754,198,7251.12
SHP_NAG_ORANGE_LINE_DIR1,21.139213,79.083858,199,7264.71
SHP_NAG_ORANGE_LINE_DIR1,21.139159,79.083951,200,7276.08
SHP_NAG_ORANGE_LINE_DIR1,21.139115,79.084035,201,7285.97
SHP_NAG_ORANGE_LINE_DIR1,21.139061,79.084156,202,7299.93
SHP_NAG_ORANGE_LINE_DIR1,21.138980,79.084410,203,7327.75
SHP_NAG_ORANGE_LINE_DIR1,21.138900,79.084657,204,7354.88
SHP_NAG_ORANGE_LINE_DIR1,21.138853,79.084808,205,7371.40
SHP_NAG_ORANGE_LINE_DIR1,21.138795,79.084966,206,7389.04
SHP_NAG_ORANGE_LINE_DIR1,21.138770,79.085029,207,7396.09
SHP_NAG_ORANGE_LINE_DIR1,21.138725,79.085119,208,7406.66
SHP_NAG_ORANGE_LINE_DIR1,21.138696,79.085167,209,7412.65
SHP_NAG_ORANGE_LINE_DIR1,21.138650,79.085237,210,7421.47
SHP_NAG_ORANGE_LINE_DIR1,21.138624,79.085274,211,7426.26
SHP_NAG_ORANGE_LINE_DIR1,21.138552,79.085361,212,7438.40
SHP_NAG_ORANGE_LINE_DIR1,21.138508,79.085408,213,7445.28
SHP_NAG_ORANGE_LINE_DIR1,21.138430,79.085483,214,7456.90
SHP_NAG_ORANGE_LINE_DIR1,21.138376,79.085528,215,7464.52
SHP_NAG_ORANGE_LINE_DIR1,21.138313,79.085574,216,7472.97
SHP_NAG_ORANGE_LINE_DIR1,21.138220,79.085630,217,7484.88
SHP_NAG_ORANGE_LINE_DIR1,21.138146,79.085667,218,7493.93
SHP_NAG_ORANGE_LINE_DIR1,21.138041,79.085710,219,7506.49
SHP_NAG_ORANGE_LINE_DIR1,21.137969,79.085733,220,7514.80
SHP_NAG_ORANGE_LINE_DIR1,21.137894,79.085751,221,7523.40
SHP_NAG_ORANGE_LINE_DIR1,21.137839,79.085759,222,7529.48
SHP_NAG_ORANGE_LINE_DIR1,21.137687,79.085775,223,7546.50
SHP_NAG_ORANGE_LINE_DIR1,21.137618,79.085777,224,7554.19
SHP_NAG_ORANGE_LINE_DIR1,21.137579,79.085776,225,7558.51
SHP_NAG_ORANGE_LINE_DIR1,21.137506,79.085769,226,7566.71
SHP_NAG_ORANGE_LINE_DIR1,21.137422,79.085754,227,7576.15
SHP_NAG_ORANGE_LINE_DIR1,21.137321,79.085727,228,7587.70
SHP_NAG_ORANGE_LINE_DIR1,21.137230,79.085694,229,7598.37
SHP_NAG_ORANGE_LINE_DIR1,21.137054,79.085618,230,7619.50
SHP_NAG_ORANGE_LINE_DIR1,21.136818,79.085500,231,7648.46
SHP_NAG_ORANGE_LINE_DIR1,21.136606,79.085393,232,7674.53
SHP_NAG_ORANGE_LINE_DIR1,21.135604,79.084876,233,7798.14
SHP_NAG_ORANGE_LINE_DIR1,21.135437,79.084787,234,7818.92
SHP_NAG_ORANGE_LINE_DIR1,21.135194,79.084666,235,7848.71
SHP_NAG_ORANGE_LINE_DIR1,21.135032,79.084584,236,7868.64
SHP_NAG_ORANGE_LINE_DIR1,21.133966,79.084042,237,7999.75
SHP_NAG_ORANGE_LINE_DIR1,21.133759,79.083939,238,8025.18
SHP_NAG_ORANGE_LINE_DIR1,21.133517,79.083830,239,8054.38
SHP_NAG_ORANGE_LINE_DIR1,21.133275,79.083726,240,8083.29
SHP_NAG_ORANGE_LINE_DIR1,21.133066,79.083635,241,8108.44
SHP_NAG_ORANGE_LINE_DIR1,21.132832,79.083542,242,8136.15
SHP_NAG_ORANGE_LINE_DIR1,21.132614,79.083454,243,8162.08
SHP_NAG_ORANGE_LINE_DIR1,21.132343,79.083357,244,8193.79
SHP_NAG_ORANGE_LINE_DIR1,21.132094,79.083276,245,8222.71
SHP_NAG_ORANGE_LINE_DIR1,21.131822,79.083187,246,8254.42
SHP_NAG_ORANGE_LINE_DIR1,21.131577,79.083115,247,8282.62
SHP_NAG_ORANGE_LINE_DIR1,21.131316,79.083041,248,8312.69
SHP_NAG_ORANGE_LINE_DIR1,21.131073,79.082981,249,8340.41
SHP_NAG_ORANGE_LINE_DIR1,21.130697,79.082894,250,8383.15
SHP_NAG_ORANGE_LINE_DIR1,21.130318,79.082818,251,8426.06
SHP_NAG_ORANGE_LINE_DIR1,21.130023,79.082773,252,8459.19
SHP_NAG_ORANGE_LINE_DIR1,21.129915,79.082758,253,8471.26
SHP_NAG_ORANGE_LINE_DIR1,21.129393,79.082699,254,8529.64
SHP_NAG_ORANGE_LINE_DIR1,21.128326,79.082620,255,8648.58
SHP_NAG_ORANGE_LINE_DIR1,21.128196,79.082613,256,8663.04
SHP_NAG_ORANGE_LINE_DIR1,21.127852,79.082589,257,8701.41
SHP_NAG_ORANGE_LINE_DIR1,21.127555,79.082558,258,8734.54
SHP_NAG_ORANGE_LINE_DIR1,21.127357,79.082536,259,8756.69
SHP_NAG_ORANGE_LINE_DIR1,21.127300,79.082528,260,8763.05
SHP_NAG_ORANGE_LINE_DIR1,21.127257,79.082518,261,8768.02
SHP_NAG_ORANGE_LINE_DIR1,21.127220,79.082507,262,8772.25
SHP_NAG_ORANGE_LINE_DIR1,21.127122,79.082473,263,8783.75
SHP_NAG_ORANGE_LINE_DIR1,21.127069,79.082448,264,8790.14
SHP_NAG_ORANGE_LINE_DIR1,21.127009,79.082415,265,8797.63
SHP_NAG_ORANGE_LINE_DIR1,21.126923,79.082360,266,8808.73
SHP_NAG_ORANGE_LINE_DIR1,21.126861,79.082313,267,8817.19
SHP_NAG_ORANGE_LINE_DIR1,21.126793,79.082254,268,8826.94
SHP_NAG_ORANGE_LINE_DIR1,21.126742,79.082202,269,8834.82
SHP_NAG_ORANGE_LINE_DIR1,21.126696,79.082149,270,8842.24
SHP_NAG_ORANGE_LINE_DIR1,21.126654,79.082096,271,8849.53
SHP_NAG_ORANGE_LINE_DIR1,21.126638,79.082075,272,8852.34
SHP_NAG_ORANGE_LINE_DIR1,21.126585,79.081994,273,8862.58
SHP_NAG_ORANGE_LINE_DIR1,21.126547,79.081927,274,8870.71
SHP_NAG_ORANGE_LINE_DIR1,21.126532,79.081899,275,8874.04
SHP_NAG_ORANGE_LINE_DIR1,21.126488,79.081803,276,8885.11
SHP_NAG_ORANGE_LINE_DIR1,21.126462,79.081745,277,8891.80
SHP_NAG_ORANGE_LINE_DIR1,21.126449,79.081710,278,8895.72
SHP_NAG_ORANGE_LINE_DIR1,21.126425,79.081618,279,8905.60
SHP_NAG_ORANGE_LINE_DIR1,21.126420,79.081598,280,8907.76
SHP_NAG_ORANGE_LINE_DIR1,21.126405,79.081520,281,8916.04
SHP_NAG_ORANGE_LINE_DIR1,21.126399,79.081480,282,8920.24
SHP_NAG_ORANGE_LINE_DIR1,21.126391,79.081409,283,8927.70
SHP_NAG_ORANGE_LINE_DIR1,21.126389,79.081363,284,8932.42
SHP_NAG_ORANGE_LINE_DIR1,21.126387,79.081282,285,8940.87
SHP_NAG_ORANGE_LINE_DIR1,21.126394,79.081185,286,8950.88
SHP_NAG_ORANGE_LINE_DIR1,21.126400,79.081136,287,8956.10
SHP_NAG_ORANGE_LINE_DIR1,21.126418,79.081047,288,8965.53
SHP_NAG_ORANGE_LINE_DIR1,21.126445,79.080939,289,8977.10
SHP_NAG_ORANGE_LINE_DIR1,21.126459,79.080895,290,8981.90
SHP_NAG_ORANGE_LINE_DIR1,21.126500,79.080798,291,8992.94
SHP_NAG_ORANGE_LINE_DIR1,21.126564,79.080682,292,9006.90
SHP_NAG_ORANGE_LINE_DIR1,21.126587,79.080643,293,9011.74
SHP_NAG_ORANGE_LINE_DIR1,21.126630,79.080580,294,9019.81
SHP_NAG_ORANGE_LINE_DIR1,21.126673,79.080526,295,9027.21
SHP_NAG_ORANGE_LINE_DIR1,21.126692,79.080503,296,9030.33
SHP_NAG_ORANGE_LINE_DIR1,21.126771,79.080418,297,9042.84
SHP_NAG_ORANGE_LINE_DIR1,21.126788,79.080402,298,9045.31
SHP_NAG_ORANGE_LINE_DIR1,21.126869,79.080328,299,9057.15
SHP_NAG_ORANGE_LINE_DIR1,21.127042,79.080181,300,9081.69
SHP_NAG_ORANGE_LINE_DIR1,21.127289,79.079969,301,9116.93
SHP_NAG_ORANGE_LINE_DIR1,21.127537,79.079759,302,9152.03
SHP_NAG_ORANGE_LINE_DIR1,21.127616,79.079688,303,9163.47
SHP_NAG_ORANGE_LINE_DIR1,21.128751,79.078662,304,9328.57
SHP_NAG_ORANGE_LINE_DIR1,21.128829,79.078591,305,9339.91
SHP_NAG_ORANGE_LINE_DIR1,21.128940,79.078481,306,9356.71
SHP_NAG_ORANGE_LINE_DIR1,21.128992,79.078420,307,9365.29
SHP_NAG_ORANGE_LINE_DIR1,21.129059,79.078336,308,9376.79
SHP_NAG_ORANGE_LINE_DIR1,21.129088,79.078291,309,9382.48
SHP_NAG_ORANGE_LINE_DIR1,21.129110,79.078254,310,9387.07
SHP_NAG_ORANGE_LINE_DIR1,21.129158,79.078166,311,9397.55
SHP_NAG_ORANGE_LINE_DIR1,21.129212,79.078052,312,9410.89
SHP_NAG_ORANGE_LINE_DIR1,21.129264,79.077924,313,9425.34
SHP_NAG_ORANGE_LINE_DIR1,21.129296,79.077813,314,9437.36
SHP_NAG_ORANGE_LINE_DIR1,21.129318,79.077727,315,9446.61
SHP_NAG_ORANGE_LINE_DIR1,21.129327,79.077669,316,9452.76
SHP_NAG_ORANGE_LINE_DIR1,21.129339,79.077555,317,9464.67
SHP_NAG_ORANGE_LINE_DIR1,21.129340,79.077502,318,9470.15
SHP_NAG_ORANGE_LINE_DIR1,21.129338,79.077392,319,9481.54
SHP_NAG_ORANGE_LINE_DIR1,21.129331,79.077273,320,9493.89
SHP_NAG_ORANGE_LINE_DIR1,21.129321,79.077187,321,9502.95
SHP_NAG_ORANGE_LINE_DIR1,21.129301,79.077085,322,9513.73
SHP_NAG_ORANGE_LINE_DIR1,21.129274,79.076979,323,9525.12
SHP_NAG_ORANGE_LINE_DIR1,21.129239,79.076874,324,9536.69
SHP_NAG_ORANGE_LINE_DIR1,21.129220,79.076830,325,9541.75
SHP_NAG_ORANGE_LINE_DIR1,21.129184,79.076742,326,9551.63
SHP_NAG_ORANGE_LINE_DIR1,21.129140,79.076655,327,9561.91
SHP_NAG_ORANGE_LINE_DIR1,21.129089,79.076573,328,9572.12
SHP_NAG_ORANGE_LINE_DIR1,21.129038,79.076491,329,9582.38
SHP_NAG_ORANGE_LINE_DIR1,21.128987,79.076423,330,9591.41
SHP_NAG_ORANGE_LINE_DIR1,21.128950,79.076381,331,9597.39
SHP_NAG_ORANGE_LINE_DIR1,21.128886,79.076316,332,9607.25
SHP_NAG_ORANGE_LINE_DIR1,21.128812,79.076247,333,9618.18
SHP_NAG_ORANGE_LINE_DIR1,21.128758,79.076196,334,9626.10
SHP_NAG_ORANGE_LINE_DIR1,21.128728,79.076173,335,9630.26
SHP_NAG_ORANGE_LINE_DIR1,21.128648,79.076122,336,9640.55
SHP_NAG_ORANGE_LINE_DIR1,21.128570,79.076077,337,9650.46
SHP_NAG_ORANGE_LINE_DIR1,21.128529,79.076053,338,9655.65
SHP_NAG_ORANGE_LINE_DIR1,21.128450,79.076014,339,9665.32
SHP_NAG_ORANGE_LINE_DIR1,21.128396,79.075991,340,9671.72
SHP_NAG_ORANGE_LINE_DIR1,21.128274,79.075946,341,9686.05
SHP_NAG_ORANGE_LINE_DIR1,21.128116,79.075899,342,9704.32
SHP_NAG_ORANGE_LINE_DIR1,21.127824,79.075800,343,9738.38
SHP_NAG_ORANGE_LINE_DIR1,21.127681,79.075753,344,9755.05
SHP_NAG_ORANGE_LINE_DIR1,21.127623,79.075734,345,9761.78
SHP_NAG_ORANGE_LINE_DIR1,21.127126,79.075555,346,9820.06
SHP_NAG_ORANGE_LINE_DIR1,21.127006,79.075515,347,9834.01
SHP_NAG_ORANGE_LINE_DIR1,21.126756,79.075422,348,9863.44
SHP_NAG_ORANGE_LINE_DIR1,21.126625,79.075372,349,9878.95
SHP_NAG_ORANGE_LINE_DIR1,21.125161,79.074802,350,10052.18
SHP_NAG_ORANGE_LINE_DIR1,21.124732,79.074635,351,10102.86
SHP_NAG_ORANGE_LINE_DIR1,21.124254,79.074459,352,10159.01
SHP_NAG_ORANGE_LINE_DIR1,21.122966,79.073962,353,10311.29
SHP_NAG_ORANGE_LINE_DIR1,21.121929,79.073548,354,10434.32
SHP_NAG_ORANGE_LINE_DIR1,21.121672,79.073446,355,10464.76
SHP_NAG_ORANGE_LINE_DIR1,21.121184,79.073249,356,10522.74
SHP_NAG_ORANGE_LINE_DIR1,21.120902,79.073139,357,10556.12
SHP_NAG_ORANGE_LINE_DIR1,21.120362,79.072923,358,10620.20
SHP_NAG_ORANGE_LINE_DIR1,21.119934,79.072746,359,10671.23
SHP_NAG_ORANGE_LINE_DIR1,21.119545,79.072594,360,10717.23
SHP_NAG_ORANGE_LINE_DIR1,21.119076,79.072425,361,10772.31
SHP_NAG_ORANGE_LINE_DIR1,21.118948,79.072383,362,10787.18
SHP_NAG_ORANGE_LINE_DIR1,21.118688,79.072303,363,10817.31
SHP_NAG_ORANGE_LINE_DIR1,21.118399,79.072223,364,10850.47
SHP_NAG_ORANGE_LINE_DIR1,21.118283,79.072191,365,10863.81
SHP_NAG_ORANGE_LINE_DIR1,21.117338,79.071927,366,10972.35
SHP_NAG_ORANGE_LINE_DIR1,21.117231,79.071899,367,10984.59
SHP_NAG_ORANGE_LINE_DIR1,21.116839,79.071790,368,11029.62
SHP_NAG_ORANGE_LINE_DIR1,21.116434,79.071676,369,11076.25
SHP_NAG_ORANGE_LINE_DIR1,21.115839,79.071513,370,11144.46
SHP_NAG_ORANGE_LINE_DIR1,21.115329,79.071378,371,11202.87
SHP_NAG_ORANGE_LINE_DIR1,21.114872,79.071252,372,11255.39
SHP_NAG_ORANGE_LINE_DIR1,21.114283,79.071095,373,11322.83
SHP_NAG_ORANGE_LINE_DIR1,21.113833,79.070971,374,11374.54
SHP_NAG_ORANGE_LINE_DIR1,21.113485,79.070875,375,11414.44
SHP_NAG_ORANGE_LINE_DIR1,21.111020,79.070212,376,11697.11
SHP_NAG_ORANGE_LINE_DIR1,21.109775,79.069881,377,11839.73
SHP_NAG_ORANGE_LINE_DIR1,21.109674,79.069855,378,11851.25
SHP_NAG_ORANGE_LINE_DIR1,21.109301,79.069763,379,11893.78
SHP_NAG_ORANGE_LINE_DIR1,21.109241,79.069747,380,11900.73
SHP_NAG_ORANGE_LINE_DIR1,21.108670,79.069588,381,11966.24
SHP_NAG_ORANGE_LINE_DIR1,21.107781,79.069337,382,12068.48
SHP_NAG_ORANGE_LINE_DIR1,21.107707,79.069317,383,12077.04
SHP_NAG_ORANGE_LINE_DIR1,21.107253,79.069189,384,12129.24
SHP_NAG_ORANGE_LINE_DIR1,21.106757,79.069050,385,12186.19
SHP_NAG_ORANGE_LINE_DIR1,21.106227,79.068905,386,12247.00
SHP_NAG_ORANGE_LINE_DIR1,21.105916,79.068820,387,12282.73
SHP_NAG_ORANGE_LINE_DIR1,21.105882,79.068811,388,12286.66
SHP_NAG_ORANGE_LINE_DIR1,21.104475,79.068433,389,12447.95
SHP_NAG_ORANGE_LINE_DIR1,21.104085,79.068344,390,12492.22
SHP_NAG_ORANGE_LINE_DIR1,21.103731,79.068260,391,12532.53
SHP_NAG_ORANGE_LINE_DIR1,21.103377,79.068176,392,12572.83
SHP_NAG_ORANGE_LINE_DIR1,21.102846,79.068031,393,12633.85
SHP_NAG_ORANGE_LINE_DIR1,21.102268,79.067892,394,12699.63
SHP_NAG_ORANGE_LINE_DIR1,21.102020,79.067835,395,12727.87
SHP_NAG_ORANGE_LINE_DIR1,21.101968,79.067821,396,12733.86
SHP_NAG_ORANGE_LINE_DIR1,21.099994,79.067309,397,12959.70
SHP_NAG_ORANGE_LINE_DIR1,21.099928,79.067293,398,12967.20
SHP_NAG_ORANGE_LINE_DIR1,21.099664,79.067226,399,12997.37
SHP_NAG_ORANGE_LINE_DIR1,21.099421,79.067169,400,13024.96
SHP_NAG_ORANGE_LINE_DIR1,21.097931,79.066794,401,13195.14
SHP_NAG_ORANGE_LINE_DIR1,21.097803,79.066763,402,13209.84
SHP_NAG_ORANGE_LINE_DIR1,21.097525,79.066692,403,13241.55
SHP_NAG_ORANGE_LINE_DIR1,21.097151,79.066598,404,13284.34
SHP_NAG_ORANGE_LINE_DIR1,21.096727,79.066509,405,13332.32
SHP_NAG_ORANGE_LINE_DIR1,21.096355,79.066420,406,13374.71
SHP_NAG_ORANGE_LINE_DIR1,21.096304,79.066405,407,13380.62
SHP_NAG_ORANGE_LINE_DIR1,21.095446,79.066175,408,13478.93
SHP_NAG_ORANGE_LINE_DIR1,21.095087,79.066087,409,13519.88
SHP_NAG_ORANGE_LINE_DIR1,21.094790,79.066010,410,13553.85
SHP_NAG_ORANGE_LINE_DIR1,21.094244,79.065876,411,13616.14
SHP_NAG_ORANGE_LINE_DIR1,21.093972,79.065801,412,13647.41
SHP_NAG_ORANGE_LINE_DIR1,21.093447,79.065671,413,13707.26
SHP_NAG_ORANGE_LINE_DIR1,21.093091,79.065579,414,13747.96
SHP_NAG_ORANGE_LINE_DIR1,21.092605,79.065459,415,13803.49
SHP_NAG_ORANGE_LINE_DIR1,21.092131,79.065345,416,13857.49
SHP_NAG_ORANGE_LINE_DIR1,21.091737,79.065246,417,13902.53
SHP_NAG_ORANGE_LINE_DIR1,21.091330,79.065144,418,13948.97
SHP_NAG_ORANGE_LINE_DIR1,21.090876,79.065035,419,14000.68
SHP_NAG_ORANGE_LINE_DIR1,21.090378,79.064915,420,14057.41
SHP_NAG_ORANGE_LINE_DIR1,21.090165,79.064853,421,14082.03
SHP_NAG_ORANGE_LINE_DIR1,21.089776,79.064753,422,14126.47
SHP_NAG_ORANGE_LINE_DIR1,21.089345,79.064642,423,14175.80
SHP_NAG_ORANGE_LINE_DIR1,21.088921,79.064533,424,14224.28
SHP_NAG_ORANGE_LINE_DIR1,21.088487,79.064423,425,14273.88
SHP_NAG_ORANGE_LINE_DIR1,21.088020,79.064302,426,14327.28
SHP_NAG_ORANGE_LINE_DIR1,21.087639,79.064201,427,14370.92
SHP_NAG_ORANGE_LINE_DIR1,21.087097,79.064065,428,14432.82
SHP_NAG_ORANGE_LINE_DIR1,21.086599,79.063937,429,14489.68
SHP_NAG_ORANGE_LINE_DIR1,21.086369,79.063881,430,14515.94
SHP_NAG_ORANGE_LINE_DIR1,21.085761,79.063732,431,14585.37
SHP_NAG_ORANGE_LINE_DIR1,21.085427,79.063651,432,14623.38
SHP_NAG_ORANGE_LINE_DIR1,21.085074,79.063559,433,14663.78
SHP_NAG_ORANGE_LINE_DIR1,21.084719,79.063467,434,14704.42
SHP_NAG_ORANGE_LINE_DIR1,21.084434,79.063395,435,14736.98
SHP_NAG_ORANGE_LINE_DIR1,21.084117,79.063316,436,14773.12
SHP_NAG_ORANGE_LINE_DIR1,21.083860,79.063245,437,14802.64
SHP_NAG_ORANGE_LINE_DIR1,21.083702,79.063204,438,14820.78
SHP_NAG_ORANGE_LINE_DIR1,21.083632,79.063181,439,14828.91
SHP_NAG_ORANGE_LINE_DIR1,21.083529,79.063141,440,14841.04
SHP_NAG_ORANGE_LINE_DIR1,21.083489,79.063125,441,14845.82
SHP_NAG_ORANGE_LINE_DIR1,21.083413,79.063091,442,14855.00
SHP_NAG_ORANGE_LINE_DIR1,21.083330,79.063045,443,14865.30
SHP_NAG_ORANGE_LINE_DIR1,21.083210,79.062974,444,14880.64
SHP_NAG_ORANGE_LINE_DIR1,21.083142,79.062927,445,14889.61
SHP_NAG_ORANGE_LINE_DIR1,21.083082,79.062882,446,14897.76
SHP_NAG_ORANGE_LINE_DIR1,21.082961,79.062783,447,14914.66
SHP_NAG_ORANGE_LINE_DIR1,21.082881,79.062705,448,14926.70
SHP_NAG_ORANGE_LINE_DIR1,21.082672,79.062486,449,14959.17
SHP_NAG_ORANGE_LINE_DIR1,21.082528,79.062338,450,14981.38
SHP_NAG_ORANGE_LINE_DIR1,21.082447,79.062260,451,14993.46
SHP_NAG_ORANGE_LINE_DIR1,21.082391,79.062208,452,15001.71
SHP_NAG_ORANGE_LINE_DIR1,21.082349,79.062173,453,15007.63
SHP_NAG_ORANGE_LINE_DIR1,21.082263,79.062100,454,15019.82
SHP_NAG_ORANGE_LINE_DIR1,21.082217,79.062065,455,15026.17
SHP_NAG_ORANGE_LINE_DIR1,21.082156,79.062021,456,15034.30
SHP_NAG_ORANGE_LINE_DIR1,21.082079,79.061971,457,15044.30
SHP_NAG_ORANGE_LINE_DIR1,21.082007,79.061925,458,15053.66
SHP_NAG_ORANGE_LINE_DIR1,21.081931,79.061883,459,15063.14
SHP_NAG_ORANGE_LINE_DIR1,21.081848,79.061841,460,15073.30
SHP_NAG_ORANGE_LINE_DIR1,21.081652,79.061752,461,15096.96
SHP_NAG_ORANGE_LINE_DIR1,21.081598,79.061724,462,15103.70
SHP_NAG_ORANGE_LINE_DIR1,21.081087,79.061480,463,15165.82
SHP_NAG_ORANGE_LINE_DIR1,21.080906,79.061399,464,15187.74
SHP_NAG_ORANGE_LINE_DIR1,21.080393,79.061156,465,15250.09
SHP_NAG_ORANGE_LINE_DIR1,21.079918,79.060930,466,15307.82
SHP_NAG_ORANGE_LINE_DIR1,21.079527,79.060732,467,15355.98
SHP_NAG_ORANGE_LINE_DIR1,21.079127,79.060544,468,15404.42
SHP_NAG_ORANGE_LINE_DIR1,21.078798,79.060390,469,15444.40
SHP_NAG_ORANGE_LINE_DIR1,21.078639,79.060318,470,15463.55
SHP_NAG_ORANGE_LINE_DIR1,21.078157,79.060098,471,15521.89
SHP_NAG_ORANGE_LINE_DIR1,21.077870,79.059971,472,15556.41
SHP_NAG_ORANGE_LINE_DIR1,21.077511,79.059833,473,15598.79
SHP_NAG_ORANGE_LINE_DIR1,21.077382,79.059788,474,15613.92
SHP_NAG_ORANGE_LINE_DIR1,21.077065,79.059698,475,15650.32
SHP_NAG_ORANGE_LINE_DIR1,21.076919,79.059667,476,15666.86
SHP_NAG_ORANGE_LINE_DIR1,21.076613,79.059613,477,15701.35
SHP_NAG_ORANGE_LINE_DIR1,21.075955,79.059511,478,15775.28
SHP_NAG_ORANGE_LINE_DIR1,21.075401,79.059425,479,15837.52
SHP_NAG_ORANGE_LINE_DIR1,21.074381,79.059264,480,15952.15
SHP_NAG_ORANGE_LINE_DIR1,21.074260,79.059243,481,15965.81
SHP_NAG_ORANGE_LINE_DIR1,21.073575,79.059119,482,16043.11
SHP_NAG_ORANGE_LINE_DIR1,21.073376,79.059081,483,16065.60
SHP_NAG_ORANGE_LINE_DIR1,21.073272,79.059056,484,16077.40
SHP_NAG_ORANGE_LINE_DIR1,21.073111,79.059010,485,16095.87
SHP_NAG_ORANGE_LINE_DIR1,21.072886,79.058930,486,16122.29
SHP_NAG_ORANGE_LINE_DIR1,21.072684,79.058846,487,16146.33
SHP_NAG_ORANGE_LINE_DIR1,21.072413,79.058715,488,16179.39
SHP_NAG_ORANGE_LINE_DIR1,21.071789,79.058393,489,16256.46
SHP_NAG_ORANGE_LINE_DIR1,21.071709,79.058349,490,16266.46
SHP_NAG_ORANGE_LINE_DIR1,21.071378,79.058185,491,16307.03
SHP_NAG_ORANGE_LINE_DIR1,21.071333,79.058161,492,16312.58
SHP_NAG_ORANGE_LINE_DIR1,21.070821,79.057906,493,16375.41
SHP_NAG_ORANGE_LINE_DIR1,21.070171,79.057618,494,16453.57
SHP_NAG_ORANGE_LINE_DIR1,21.069631,79.057403,495,16517.64
SHP_NAG_ORANGE_LINE_DIR1,21.069300,79.057264,496,16557.15
SHP_NAG_ORANGE_LINE_DIR1,21.069025,79.057145,497,16590.15
SHP_NAG_ORANGE_LINE_DIR1,21.068949,79.057114,498,16599.15
SHP_NAG_ORANGE_LINE_DIR1,21.067633,79.056581,499,16755.58
SHP_NAG_ORANGE_LINE_DIR1,21.067367,79.056460,500,16787.70
SHP_NAG_ORANGE_LINE_DIR1,21.066644,79.056113,501,16875.82
SHP_NAG_ORANGE_LINE_DIR1,21.066371,79.055972,502,16909.51
SHP_NAG_ORANGE_LINE_DIR1,21.066144,79.055870,503,16936.90
SHP_NAG_ORANGE_LINE_DIR1,21.066070,79.055837,504,16945.82
SHP_NAG_ORANGE_LINE_DIR1,21.065382,79.055511,505,17029.49
SHP_NAG_ORANGE_LINE_DIR1,21.065286,79.055463,506,17041.27
SHP_NAG_ORANGE_LINE_DIR1,21.064642,79.055165,507,17119.21
SHP_NAG_ORANGE_LINE_DIR1,21.063850,79.054819,508,17214.39
SHP_NAG_ORANGE_LINE_DIR1,21.062840,79.054378,509,17335.63
SHP_NAG_ORANGE_LINE_DIR1,21.062347,79.054174,510,17394.36
SHP_NAG_ORANGE_LINE_DIR1,21.061620,79.053861,511,17481.49
SHP_NAG_ORANGE_LINE_DIR1,21.061107,79.053624,512,17543.58
SHP_NAG_ORANGE_LINE_DIR1,21.060645,79.053424,513,17599.00
SHP_NAG_ORANGE_LINE_DIR1,21.060358,79.053296,514,17633.60
SHP_NAG_ORANGE_LINE_DIR1,21.059936,79.053104,515,17684.54
SHP_NAG_ORANGE_LINE_DIR1,21.059529,79.052918,516,17733.77
SHP_NAG_ORANGE_LINE_DIR1,21.059203,79.052772,517,17773.02
SHP_NAG_ORANGE_LINE_DIR1,21.058878,79.052625,518,17812.29
SHP_NAG_ORANGE_LINE_DIR1,21.058486,79.052447,519,17859.62
SHP_NAG_ORANGE_LINE_DIR1,21.058064,79.052252,520,17910.75
SHP_NAG_ORANGE_LINE_DIR1,21.057759,79.052110,521,17947.73
SHP_NAG_ORANGE_LINE_DIR1,21.057596,79.052037,522,17967.38
SHP_NAG_ORANGE_LINE_DIR1,21.057234,79.051876,523,18010.96
SHP_NAG_ORANGE_LINE_DIR1,21.056867,79.051709,524,18055.27
SHP_NAG_ORANGE_LINE_DIR1,21.056686,79.051625,525,18077.22
SHP_NAG_ORANGE_LINE_DIR1,21.056526,79.051552,526,18096.52
SHP_NAG_ORANGE_LINE_DIR1,21.056316,79.051454,527,18122.02
SHP_NAG_ORANGE_LINE_DIR1,21.056134,79.051367,528,18144.17
SHP_NAG_ORANGE_LINE_DIR1,21.055941,79.051270,529,18167.88
SHP_NAG_ORANGE_LINE_DIR1,21.055650,79.051115,530,18203.95
SHP_NAG_ORANGE_LINE_DIR1,21.055313,79.050936,531,18245.77
SHP_NAG_ORANGE_LINE_DIR1,21.055009,79.050773,532,18283.63
SHP_NAG_ORANGE_LINE_DIR1,21.054681,79.050601,533,18324.27
SHP_NAG_ORANGE_LINE_DIR1,21.054499,79.050503,534,18346.88
SHP_NAG_ORANGE_LINE_DIR1,21.053892,79.050205,535,18421.08
SHP_NAG_ORANGE_LINE_DIR1,21.053533,79.050034,536,18464.78
SHP_NAG_ORANGE_LINE_DIR1,21.052978,79.049775,537,18532.14
SHP_NAG_ORANGE_LINE_DIR1,21.052598,79.049593,538,18578.39
SHP_NAG_ORANGE_LINE_DIR1,21.052240,79.049410,539,18622.51
SHP_NAG_ORANGE_LINE_DIR1,21.052055,79.049300,540,18646.09
SHP_NAG_ORANGE_LINE_DIR1,21.051742,79.049093,541,18686.93
SHP_NAG_ORANGE_LINE_DIR1,21.051353,79.048819,542,18738.74
SHP_NAG_ORANGE_LINE_DIR1,21.051135,79.048676,543,18767.12
SHP_NAG_ORANGE_LINE_DIR1,21.051064,79.048630,544,18776.31
SHP_NAG_ORANGE_LINE_DIR1,21.050967,79.048571,545,18788.76
SHP_NAG_ORANGE_LINE_DIR1,21.050929,79.048551,546,18793.44
SHP_NAG_ORANGE_LINE_DIR1,21.050885,79.048529,547,18798.88
SHP_NAG_ORANGE_LINE_DIR1,21.050780,79.048480,548,18811.59
SHP_NAG_ORANGE_LINE_DIR1,21.050749,79.048466,549,18815.35
SHP_NAG_ORANGE_LINE_DIR1,21.050524,79.048365,550,18842.52
SHP_NAG_ORANGE_LINE_DIR1,21.050194,79.048207,551,18882.60
SHP_NAG_ORANGE_LINE_DIR1,21.049643,79.047971,552,18948.65
SHP_NAG_ORANGE_LINE_DIR1,21.049334,79.047828,553,18986.11
